Date Time,Avg. Temp.,Ext. Temp.,Rel. Hum.,Ext. Rel. Hum.,CO2,NH3,Wind Speed,Wind Direc.
2021-03-15T15:40:25,24.5,18.2,37,42,900,3,2.3,234
2021-03-15T15:55:58,24.8,18.6,36,40,900,3,1.4,250
2021-03-15T16:11:50,24.8,18.6,34,41,900,3,1.2,333
2021-03-15T16:27:33,24.8,18.9,35,40,800,3,2.3,324
2021-03-15T16:43:23,24.8,18.8,36,40,800,3,1.1,252
2021-03-15T16:59:07,24.6,19.0,36,41,800,3,1.4,304
2021-03-15T17:15:00,24.5,18.3,36,43,700,3,1.9,76
2021-03-15T17:30:44,24.8,18.4,37,44,800,3,1.8,256
2021-03-15T17:46:27,24.8,18.1,37,46,700,3,1.3,267
2021-03-15T18:02:20,24.8,17.8,37,46,800,3,2.8,78
2021-03-15T18:18:04,24.8,16.9,38,48,800,4,0.7,246
2021-03-15T18:33:54,24.5,16.7,38,49,800,4,2.6,304
2021-03-15T18:49:30,24.5,15.7,38,51,900,3,1.3,64
2021-03-15T19:05:23,24.5,14.8,37,52,900,3,0.7,103
2021-03-15T19:21:07,24.7,14.5,37,53,900,4,0.5,266
2021-03-15T19:36:50,24.6,13.7,38,56,900,4,3.0,287
2021-03-15T19:52:34,24.6,13.3,39,57,1000,5,0.6,221
2021-03-15T20:08:26,24.5,12.5,38,60,1000,5,1.7,295
2021-03-15T20:24:10,24.5,12.2,39,60,900,5,2.9,262
2021-03-15T20:39:53,24.4,11.9,38,61,900,5,1.1,272
2021-03-15T20:55:37,24.8,11.5,38,62,1000,5,1.2,278
2021-03-15T21:11:30,24.8,11.0,39,64,1100,6,1.8,281
2021-03-15T21:27:14,24.8,10.7,38,64,1100,5,2.5,242
2021-03-15T21:42:58,24.8,10.4,40,65,1100,6,2.8,228
2021-03-15T21:58:42,24.8,10.0,39,65,1100,6,0.7,344
2021-03-15T22:14:34,24.6,9.7,40,67,1100,5,1.9,276
2021-03-15T22:30:18,24.6,9.2,39,67,1100,5,1.7,281
2021-03-15T22:46:01,24.5,9.0,38,68,1100,6,1.1,276
2021-03-15T23:01:56,24.8,8.7,39,68,1200,6,1.4,271
2021-03-15T23:17:40,24.8,8.4,40,69,1300,6,1.8,270
2021-03-15T23:33:24,24.8,8.2,39,69,1300,7,1.3,192
2021-03-15T23:49:07,24.8,8.1,39,69,1200,6,1.4,253
2021-03-16T00:05:01,24.8,7.8,38,70,1200,6,2.5,270
2021-03-16T00:20:51,24.8,7.4,39,71,1300,7,0.7,311
2021-03-16T00:36:34,24.8,7.2,40,71,1300,7,1.5,298
2021-03-16T00:52:17,24.8,7.0,40,71,1300,7,0.9,256
2021-03-16T01:08:17,24.7,7.1,39,71,1300,7,0.3,179
2021-03-16T01:24:00,24.6,7.1,39,71,1200,7,1.7,259
2021-03-16T01:39:44,24.8,6.8,39,72,1300,7,1.3,296
2021-03-16T01:55:28,24.8,6.1,39,73,1300,7,0.5,109
2021-03-16T02:11:22,24.8,6.0,39,74,1300,8,0.1,225
2021-03-16T02:27:06,24.8,5.7,40,74,1300,8,0.6,283
2021-03-16T02:42:50,24.8,5.8,39,74,1300,7,0.3,302
2021-03-16T02:58:34,24.5,4.6,39,76,1300,8,0.4,328
2021-03-16T03:14:28,24.3,4.3,39,76,1300,7,0.2,235
2021-03-16T03:30:11,24.3,3.5,39,78,1300,8,0.2,278
2021-03-16T03:45:55,24.2,2.3,38,82,1300,8,0.2,100
2021-03-16T04:01:48,24.2,2.1,39,82,1400,8,0.2,1
2021-03-16T04:17:38,24.2,2.1,39,84,1400,8,0.2,101
2021-03-16T04:33:22,24.2,1.8,39,84,1400,9,0.5,57
2021-03-16T04:49:06,24.2,1.6,39,84,1400,9,0.2,201
2021-03-16T05:05:00,24.2,1.6,39,84,1400,9,0.2,11
2021-03-16T05:20:44,24.2,1.4,40,85,1400,9,0.3,312
2021-03-16T05:36:28,24.2,1.5,40,85,1400,9,0.2,209
2021-03-16T05:52:12,24.2,0.9,40,84,1500,9,0.6,286
2021-03-16T06:08:05,24.2,0.8,40,87,1500,10,0.3,49
2021-03-16T06:23:49,24.3,0.6,40,86,1500,10,0.2,323
2021-03-16T06:39:33,24.3,0.4,40,87,1500,10,0.3,31
2021-03-16T06:55:17,24.3,0.7,39,87,1500,10,0.7,232
2021-03-16T07:11:10,24.2,0.5,40,86,1400,10,0.3,130
2021-03-16T07:26:53,24.2,0.4,40,87,1500,9,0.6,3
2021-03-16T07:42:37,24.2,0.6,40,87,1500,9,0.3,310
2021-03-16T07:58:21,24.2,0.6,40,87,1500,9,0.8,309
2021-03-16T08:14:20,24.2,0.9,39,87,1500,9,0.4,334
2021-03-16T08:30:04,24.1,3.2,40,84,1400,8,0.3,298
2021-03-16T08:45:48,24.3,4.3,40,80,1500,9,0.6,217
2021-03-16T09:01:42,24.3,6.4,40,76,1500,9,0.2,261
2021-03-16T09:17:26,24.3,7.5,41,73,1500,9,0.3,227
2021-03-16T09:33:10,24.4,8.6,42,69,1400,9,0.4,228
2021-03-16T09:48:54,24.5,9.1,41,68,1400,9,0.2,223
2021-03-16T10:04:47,24.8,9.9,42,65,1400,8,0.4,285
2021-03-16T10:20:31,24.8,10.7,41,64,1300,7,1.4,138
2021-03-16T10:36:15,24.6,11.8,41,62,1300,7,0.6,306
2021-03-16T10:51:59,24.8,12.5,43,60,1200,7,0.7,235
2021-03-16T11:07:52,24.8,13.6,41,57,1200,7,2.0,259
2021-03-16T11:23:35,24.8,14.0,40,55,1000,6,1.7,261
2021-03-16T11:39:19,24.6,14.3,38,53,900,5,0.9,84
2021-03-16T11:55:05,24.5,15.1,37,52,800,4,0.7,278
2021-03-16T12:10:51,24.5,15.6,38,52,800,4,0.9,181
2021-03-16T12:26:35,24.3,15.5,37,51,800,4,2.3,237
2021-03-16T12:42:19,24.3,16.1,38,51,900,5,1.6,244
2021-03-16T12:58:02,24.3,16.5,38,47,900,5,2.7,247
2021-03-16T13:13:55,24.6,16.8,37,47,800,5,1.1,170
2021-03-16T13:29:39,24.8,17.6,36,42,900,5,1.3,50
2021-03-16T13:45:16,24.6,18.8,36,39,900,5,2.3,253
2021-03-16T14:01:09,24.6,19.2,37,39,900,4,0.9,295
2021-03-16T14:16:53,24.8,19.4,37,38,900,4,0.4,339
2021-03-16T14:32:44,24.5,19.7,38,39,800,4,1.1,308
2021-03-16T14:48:28,24.8,19.7,35,35,800,4,0.2,295
2021-03-16T15:04:21,24.8,20.0,35,34,900,4,1.8,279
2021-03-16T15:20:05,24.9,20.3,37,35,1100,5,1.0,195
2021-03-16T15:35:50,25.0,20.7,36,33,900,4,0.8,90
2021-03-16T15:51:35,25.0,20.8,37,32,1000,5,0.8,258
2021-03-16T16:07:29,24.9,20.2,36,33,900,4,0.9,11
2021-03-16T16:23:13,24.9,20.3,35,33,800,5,1.3,277
2021-03-16T16:38:57,24.9,20.5,36,32,900,4,1.1,285
2021-03-16T16:54:46,24.9,20.6,36,32,800,5,0.5,164
2021-03-16T17:10:47,24.9,20.4,35,32,800,4,1.3,144
2021-03-16T17:26:31,24.2,20.3,32,33,600,2,0.8,276
2021-03-16T17:42:15,23.8,20.3,34,33,600,2,0.6,131
2021-03-16T17:58:00,23.8,20.1,33,33,700,2,0.2,179
2021-03-16T18:13:42,24.1,19.9,36,34,800,3,1.1,289
2021-03-16T18:29:18,24.8,19.3,37,35,800,3,0.5,310
2021-03-16T18:44:54,24.3,19.1,36,36,800,3,0.6,270
2021-03-16T19:00:47,24.3,17.7,36,39,800,4,0.0,178
2021-03-16T19:16:30,24.4,17.0,37,41,900,4,0.2,243
2021-03-16T19:32:14,24.8,16.2,38,45,900,4,0.6,304
2021-03-16T19:47:52,24.8,15.7,37,47,900,4,0.4,120
2021-03-16T20:03:39,24.8,15.0,37,50,900,4,0.5,252
2021-03-16T20:19:22,24.8,14.8,38,51,1000,5,0.6,101
2021-03-16T20:35:11,24.8,14.4,38,53,900,5,0.7,305
2021-03-16T20:50:55,24.8,14.4,39,54,1000,6,0.2,307
2021-03-16T21:06:47,24.8,13.2,39,58,1100,6,0.3,170
2021-03-16T21:22:31,24.8,12.3,40,61,1100,6,0.4,27
2021-03-16T21:38:14,24.8,12.3,39,61,1100,7,0.1,179
2021-03-16T21:53:57,24.8,12.1,39,62,1000,6,0.6,299
2021-03-16T22:09:49,24.8,11.8,40,63,1100,6,0.7,195
2021-03-16T22:25:32,24.8,11.1,41,65,1100,7,0.8,261
2021-03-16T22:41:16,24.8,10.8,39,65,1100,6,1.6,289
2021-03-16T22:56:59,24.8,10.3,39,67,1100,6,2.3,243
2021-03-16T23:12:52,24.8,10.2,40,67,1100,7,2.2,265
2021-03-16T23:28:36,24.9,9.8,41,68,1100,7,1.3,282
2021-03-16T23:44:19,24.9,9.0,40,70,1100,8,3.6,264
2021-03-17T00:00:02,24.9,8.9,40,71,1000,7,0.5,205
2021-03-17T00:15:55,24.9,8.8,39,71,1000,7,1.1,221
2021-03-17T00:31:39,24.9,8.6,40,72,1100,8,0.2,122
2021-03-17T00:47:22,24.7,8.2,41,73,1100,8,0.7,43
2021-03-17T01:03:15,24.5,7.8,40,74,1100,7,1.6,319
2021-03-17T01:18:58,24.4,7.6,40,74,1100,7,0.2,267
2021-03-17T01:34:41,24.4,7.6,40,75,1100,8,0.4,244
2021-03-17T01:50:25,24.4,7.2,42,75,1200,8,0.3,318
2021-03-17T02:06:17,24.4,7.0,41,76,1200,8,0.0,0
2021-03-17T02:22:01,24.4,6.6,40,77,1200,8,0.5,280
2021-03-17T02:37:45,24.4,6.2,40,78,1200,9,0.4,320
2021-03-17T02:53:28,24.4,6.1,41,79,1200,10,0.0,0
2021-03-17T03:09:22,24.4,5.7,40,78,1200,9,0.3,332
2021-03-17T03:25:05,24.5,5.8,40,79,1200,10,0.3,283
2021-03-17T03:40:49,24.5,5.5,40,79,1200,10,0.4,72
2021-03-17T03:56:33,24.5,5.3,40,80,1200,10,0.7,148
2021-03-17T04:12:26,24.5,4.9,41,81,1300,11,0.7,57
2021-03-17T04:28:21,24.5,4.4,41,81,1300,10,0.2,293
2021-03-17T04:44:05,24.5,3.8,41,82,1300,10,0.0,0
2021-03-17T04:59:49,24.4,3.2,40,84,1300,10,0.2,311
2021-03-17T05:15:42,24.3,3.0,40,84,1300,10,0.7,318
2021-03-17T05:31:26,24.3,2.6,40,84,1400,10,0.2,297
2021-03-17T05:47:10,24.3,2.4,40,86,1400,11,0.2,207
2021-03-17T06:03:09,24.3,2.2,41,86,1400,11,0.3,275
2021-03-17T06:18:53,24.3,1.9,40,86,1500,11,0.5,80
2021-03-17T06:34:36,24.3,1.6,40,86,1400,11,0.5,51
2021-03-17T06:50:20,24.3,1.7,40,86,1400,11,0.4,300
2021-03-17T07:06:13,24.3,1.1,39,86,1400,11,1.1,15
2021-03-17T07:21:56,24.3,1.2,40,87,1400,11,0.8,168
2021-03-17T07:39:13,24.3,1.6,40,87,1400,11,0.2,299
2021-03-17T07:54:50,24.2,1.6,40,87,1400,11,0.5,56
2021-03-17T08:10:44,24.2,2.1,41,87,1400,11,0.5,138
2021-03-17T08:12:30,24.2,2.2,41,87,1400,11,0.3,286
2021-03-17T08:28:07,24.2,3.8,41,84,1400,11,0.3,66
2021-03-17T08:43:52,24.2,6.3,41,78,1400,11,0.5,67
2021-03-17T08:59:29,24.3,7.4,42,77,1300,11,0.5,72
2021-03-17T09:15:22,24.8,9.2,43,70,1400,11,0.2,93
2021-03-17T09:31:07,24.8,9.8,43,69,1400,10,0.1,267
2021-03-17T09:46:51,24.8,10.0,43,70,1300,9,2.0,291
2021-03-17T10:02:45,24.8,10.4,42,70,1300,9,1.3,261
2021-03-17T10:18:25,24.8,11.6,41,68,1200,8,0.6,207
2021-03-17T10:34:09,24.9,12.3,40,63,1100,8,1.8,219
2021-03-17T10:49:54,24.9,13.0,41,62,1000,8,0.6,15
2021-03-17T11:05:56,24.9,13.4,39,59,1000,8,2.6,245
2021-03-17T11:21:30,24.9,14.0,39,57,900,7,0.9,259
2021-03-17T11:37:06,24.9,14.5,40,57,900,7,1.6,315
2021-03-17T11:52:40,24.9,15.1,40,57,1000,7,1.2,263
2021-03-17T12:08:56,24.9,16.4,41,55,1000,7,3.6,307
2021-03-17T12:24:30,24.9,16.7,40,55,900,6,1.0,274
2021-03-17T12:40:04,24.9,17.9,40,52,800,6,1.8,255
2021-03-17T12:55:42,24.9,18.3,39,50,800,6,0.8,119
2021-03-17T13:11:25,24.9,20.1,39,39,800,6,1.0,219
2021-03-17T13:27:04,24.9,20.8,37,39,800,6,1.8,279
2021-03-17T13:42:38,24.9,21.3,33,36,700,0,1.9,247
2021-03-17T13:58:11,24.8,22.6,34,27,700,5,2.5,157
2021-03-17T14:14:00,25.0,22.5,32,30,700,4,2.2,291
2021-03-17T14:29:33,24.9,22.9,33,27,800,5,1.6,318
2021-03-17T14:45:08,24.9,23.1,34,26,800,6,2.0,312
2021-03-17T15:01:02,24.9,24.0,30,16,800,6,1.6,340
2021-03-17T15:16:46,24.9,23.7,27,14,900,6,1.7,50
2021-03-17T15:32:31,24.9,23.5,26,14,900,5,1.3,302
2021-03-17T15:48:15,24.9,22.7,25,13,800,6,2.7,59
2021-03-17T16:04:09,24.9,22.6,26,13,800,6,1.4,315
2021-03-17T16:19:55,24.9,22.5,25,13,800,6,3.2,317
2021-03-17T16:35:32,24.9,22.5,24,13,900,5,1.7,339
2021-03-17T16:51:17,25.1,22.6,24,13,800,5,1.7,321
2021-03-17T17:07:11,25.0,21.9,24,14,800,5,0.6,52
2021-03-17T17:22:55,25.0,21.2,25,15,800,6,2.4,87
2021-03-17T17:38:39,25.0,21.2,25,15,800,5,0.3,337
2021-03-17T17:54:23,25.0,19.8,26,15,900,5,1.6,47
2021-03-17T18:10:18,25.0,19.3,27,16,1000,5,2.0,68
2021-03-17T18:26:02,24.7,18.9,27,17,1000,5,1.8,300
2021-03-17T18:41:46,24.5,19.1,26,20,800,5,0.3,248
2021-03-17T18:57:30,24.5,18.1,26,20,800,5,0.5,176
2021-03-17T19:13:25,24.5,16.3,25,23,800,5,0.3,114
2021-03-17T19:29:13,24.5,15.9,25,23,900,6,1.0,330
2021-03-17T19:44:50,24.5,15.3,25,25,900,5,0.8,251
2021-03-17T20:00:43,24.3,14.7,26,27,800,6,0.2,307
2021-03-17T20:16:37,24.4,13.7,28,30,1000,7,0.6,348
2021-03-17T20:32:22,24.5,13.5,27,31,900,6,0.9,330
2021-03-17T20:48:05,24.5,13.5,27,32,1000,6,0.5,327
2021-03-17T21:03:59,24.7,13.4,28,32,1000,6,1.1,15
2021-03-17T21:19:43,24.6,13.2,28,34,1000,6,0.1,139
2021-03-17T21:35:28,24.5,12.3,29,36,1000,6,0.4,63
2021-03-17T21:51:11,24.5,12.1,29,37,1000,7,0.1,2
2021-03-17T22:07:12,24.5,11.0,31,41,1000,7,0.2,231
2021-03-17T22:22:56,24.8,10.9,31,41,1100,7,0.4,108
2021-03-17T22:38:40,24.6,10.8,31,43,1000,7,0.5,206
2021-03-17T22:54:25,24.5,10.5,31,48,1000,9,0.4,76
2021-03-17T23:10:18,24.8,10.3,33,51,1100,8,1.2,321
2021-03-17T23:26:03,24.8,10.3,34,51,1200,9,0.4,214
2021-03-17T23:41:47,24.8,10.3,33,52,1200,7,1.1,238
2021-03-17T23:57:32,24.8,9.9,34,51,1200,7,0.8,118
2021-03-18T00:13:25,24.8,9.9,33,52,1200,7,2.0,137
2021-03-18T00:29:15,24.8,9.4,34,55,1200,7,0.7,280
2021-03-18T00:44:59,24.8,9.1,35,57,1200,7,0.9,214
2021-03-18T01:00:53,24.8,8.6,35,59,1300,7,0.3,144
2021-03-18T01:16:37,24.6,8.6,34,60,1100,7,0.5,246
2021-03-18T01:32:21,24.5,8.2,36,61,1100,8,1.3,245
2021-03-18T01:48:05,24.8,8.0,35,61,1200,8,0.6,222
2021-03-18T02:03:59,24.8,7.5,38,65,1300,8,0.8,322
2021-03-18T02:19:44,24.9,7.2,37,66,1400,9,2.1,217
2021-03-18T02:35:28,24.9,7.4,37,66,1300,9,1.8,222
2021-03-18T02:51:24,24.9,7.6,36,66,1300,9,0.2,298
2021-03-18T03:07:18,24.9,7.3,37,67,1300,9,0.6,341
2021-03-18T03:23:02,24.9,6.8,37,69,1300,8,0.1,266
2021-03-18T03:38:46,24.9,6.5,37,69,1300,9,0.2,268
2021-03-18T03:54:31,24.9,6.2,37,71,1300,9,0.2,294
2021-03-18T04:10:25,24.9,6.0,38,71,1300,9,0.3,230
2021-03-18T04:26:10,24.7,5.9,38,71,1300,9,0.4,311
2021-03-18T04:41:54,24.8,6.4,37,70,1400,9,0.5,267
2021-03-18T04:57:38,24.8,6.4,37,69,1300,8,0.6,154
2021-03-18T05:13:33,24.8,5.6,37,71,1300,8,0.3,156
2021-03-18T05:29:17,24.8,5.3,37,73,1300,9,0.3,328
2021-03-18T05:45:01,24.7,5.4,37,73,1300,9,0.2,161
2021-03-18T06:00:54,24.6,5.3,38,73,1300,9,0.3,69
2021-03-18T06:16:39,24.5,4.4,38,75,1400,9,0.2,179
2021-03-18T06:32:24,24.5,4.1,38,76,1300,10,0.4,71
2021-03-18T06:48:09,24.5,3.1,38,78,1400,10,0.6,316
2021-03-18T07:03:31,24.5,2.9,38,79,1300,9,0.3,281
2021-03-18T07:19:09,24.8,3.4,37,78,1400,9,0.7,9
2021-03-18T07:34:53,24.6,3.4,37,77,1300,9,0.2,210
2021-03-18T07:50:38,24.5,3.1,38,78,1400,9,0.7,207
2021-03-18T08:06:32,24.5,3.4,38,79,1400,9,0.4,209
2021-03-18T08:07:39,24.5,3.8,39,79,1400,9,0.1,90
2021-03-18T08:23:16,24.5,4.9,38,77,1400,9,0.5,187
2021-03-18T08:39:01,24.6,7.1,39,69,1400,9,0.3,198
2021-03-18T08:54:43,24.8,7.7,39,68,1400,9,1.0,199
2021-03-18T09:10:30,24.8,8.5,39,66,1400,9,0.7,34
2021-03-18T09:26:14,24.8,9.0,38,65,1300,8,0.8,282
2021-03-18T09:42:05,24.8,10.5,40,60,1400,8,0.9,213
2021-03-18T09:57:46,24.9,10.7,38,60,1300,7,0.7,257
2021-03-18T10:13:29,24.9,12.2,38,53,1300,7,0.3,236
2021-03-18T10:29:05,24.9,12.5,37,51,1200,7,0.4,287
2021-03-18T10:44:41,24.9,12.8,35,50,1100,6,1.2,202
2021-03-18T11:00:33,25.1,13.1,40,51,1400,7,0.2,179
2021-03-18T11:16:26,25.0,13.8,42,49,1700,8,1.1,278
2021-03-18T11:32:02,25.0,14.4,40,42,1500,8,1.9,78
2021-03-18T11:47:37,25.0,14.5,39,44,1500,8,2.0,228
2021-03-18T12:03:24,24.5,15.2,33,40,1100,7,0.9,202
2021-03-18T12:19:05,24.1,15.1,35,39,900,7,2.3,244
2021-03-18T12:34:51,24.8,15.2,33,40,1000,6,1.4,278
2021-03-18T12:50:31,24.9,15.8,33,38,1000,6,1.0,253
2021-03-18T13:06:22,25.0,16.4,34,33,1100,7,2.0,218
2021-03-18T13:21:58,25.0,16.5,34,33,1200,7,2.5,307
2021-03-18T13:37:33,25.0,17.0,35,30,1300,7,1.1,301
2021-03-18T13:53:11,25.0,18.0,35,27,1300,7,0.8,311
2021-03-18T14:08:57,25.0,17.8,35,27,1400,7,0.2,284
2021-03-18T14:24:43,25.0,17.9,34,26,1300,7,0.9,237
2021-03-18T14:40:29,25.0,18.1,34,25,1300,7,1.3,282
2021-03-18T14:56:14,25.0,17.8,32,27,1200,7,2.0,232
2021-03-18T15:12:15,25.0,18.0,32,27,1200,6,0.9,228
2021-03-18T15:28:00,25.0,17.9,33,26,1200,6,4.4,103
2021-03-18T15:43:45,25.0,18.9,32,24,1200,6,4.2,296
2021-03-18T15:59:30,25.0,16.5,33,27,1200,6,2.4,291
2021-03-18T16:15:24,25.0,18.0,33,25,1300,6,3.2,282
2021-03-18T16:31:10,25.0,17.6,32,25,1200,5,1.0,117
2021-03-18T16:46:48,25.0,18.0,31,23,1200,6,2.3,255
2021-03-18T17:02:43,25.0,17.6,30,25,1100,6,1.1,297
2021-03-18T17:18:29,25.0,17.7,31,26,1100,6,0.4,338
2021-03-18T17:34:14,25.0,17.2,32,29,1000,5,3.1,298
2021-03-18T17:49:59,25.0,16.0,33,32,1100,6,0.7,265
2021-03-18T18:05:55,24.9,15.7,33,32,1200,6,2.6,203
2021-03-18T18:21:44,24.5,14.9,34,35,1200,6,2.8,292
2021-03-18T18:37:29,24.8,14.2,32,36,1100,5,2.9,259
2021-03-18T18:53:14,24.8,13.9,31,37,1100,5,0.4,309
2021-03-18T19:09:08,25.0,13.2,31,39,1100,5,1.7,249
2021-03-18T19:24:54,25.0,12.7,35,40,1300,7,1.9,225
2021-03-18T19:40:39,24.9,12.2,36,43,1400,8,0.7,218
2021-03-18T19:56:25,24.9,12.1,37,44,1500,8,1.3,250
2021-03-18T20:12:19,24.7,11.7,37,43,1600,9,0.4,341
2021-03-18T20:28:04,24.6,12.0,38,42,1700,9,1.1,287
2021-03-18T20:43:50,24.8,11.4,35,42,1600,7,2.3,235
2021-03-18T20:59:35,24.8,11.0,34,42,1300,7,0.8,44
2021-03-18T21:15:29,24.8,11.0,31,43,1200,7,1.6,93
2021-03-18T21:31:14,24.8,10.6,32,45,1200,7,1.0,266
2021-03-18T21:46:59,25.0,10.2,31,45,1200,6,2.1,319
2021-03-18T22:02:54,24.9,9.5,35,49,1500,8,2.5,288
2021-03-18T22:18:39,24.5,9.2,35,49,1500,8,1.5,268
2021-03-18T22:34:24,24.8,9.0,34,51,1300,7,1.4,241
2021-03-18T22:50:10,24.8,8.7,34,52,1300,7,3.6,211
2021-03-18T23:06:04,24.8,8.5,33,55,1300,6,0.4,212
2021-03-18T23:21:50,24.9,8.2,34,56,1300,6,0.8,246
2021-03-18T23:37:35,25.0,7.8,37,59,1500,10,2.5,237
2021-03-18T23:53:20,25.0,7.3,39,61,1700,10,0.4,226
2021-03-19T00:09:15,25.0,6.8,40,63,1800,11,0.2,157
2021-03-19T00:25:01,25.0,6.3,39,64,1900,10,1.4,226
2021-03-19T00:40:47,24.6,6.1,41,65,1800,11,0.3,225
2021-03-19T00:56:32,24.8,6.0,39,66,1800,9,0.4,198
2021-03-19T01:12:27,24.8,5.9,37,66,1500,8,0.3,266
2021-03-19T01:28:12,24.9,5.6,37,67,1500,8,0.4,153
2021-03-19T01:43:58,25.0,5.4,39,67,1600,11,0.2,112
2021-03-19T01:59:43,25.0,5.3,40,66,1800,13,0.7,213
2021-03-19T02:15:38,25.0,4.8,41,68,2000,13,0.4,127
2021-03-19T02:31:24,25.0,4.7,41,69,2100,14,0.4,108
2021-03-19T02:47:10,25.0,4.4,42,69,2200,13,1.4,97
2021-03-19T03:03:04,25.0,4.3,43,71,2300,13,0.4,20
2021-03-19T03:18:50,24.7,4.0,43,71,2200,13,0.9,96
2021-03-19T03:34:36,24.8,3.8,41,72,2100,12,1.2,116
2021-03-19T03:50:21,24.8,3.8,40,72,1900,11,0.7,140
2021-03-19T04:06:16,24.8,3.6,39,72,1700,10,1.6,120
2021-03-19T04:22:07,24.8,3.5,38,73,1600,10,0.5,90
2021-03-19T04:37:52,24.8,3.4,37,74,1600,9,0.7,103
2021-03-19T04:53:38,24.8,3.6,38,73,1500,10,1.4,127
2021-03-19T05:09:32,24.7,3.5,38,74,1400,9,0.3,266
2021-03-19T05:25:17,24.7,3.4,38,74,1500,10,0.0,1
2021-03-19T05:41:02,24.8,3.4,39,74,1600,10,0.4,108
2021-03-19T05:56:48,24.9,3.3,39,76,1700,10,0.2,319
2021-03-19T06:12:43,25.0,3.0,38,77,1700,10,0.2,311
2021-03-19T06:28:29,25.0,2.8,41,77,1900,13,0.5,50
2021-03-19T06:44:15,25.0,2.6,42,78,2100,13,0.2,331
2021-03-19T07:00:00,24.9,2.7,42,78,2100,13,0.4,153
2021-03-19T07:15:54,24.9,3.1,42,78,2200,13,0.0,0
2021-03-19T07:31:40,24.9,3.3,44,77,2200,14,0.2,196
2021-03-19T07:47:25,24.9,3.6,43,76,2200,14,0.2,223
2021-03-19T08:03:30,24.9,4.2,43,74,2300,14,0.5,179
2021-03-19T08:19:15,24.7,4.6,43,73,2200,13,0.4,56
2021-03-19T08:35:01,24.6,5.5,45,69,2300,14,0.6,189
2021-03-19T08:50:47,24.6,5.2,45,70,2300,13,0.6,167
2021-03-19T09:06:43,24.8,5.1,44,71,2200,11,0.8,215
2021-03-19T09:22:34,24.9,5.2,43,71,2000,10,0.1,319
2021-03-19T09:38:19,25.0,6.0,43,69,1800,10,0.1,310
2021-03-19T09:53:58,25.0,6.1,43,68,2000,11,0.3,28
2021-03-19T10:09:46,25.0,6.6,44,67,2100,12,0.7,228
2021-03-19T10:25:31,25.0,8.7,43,61,1900,12,0.2,216
2021-03-19T10:41:15,24.9,8.6,42,62,1800,13,1.0,194
2021-03-19T10:57:01,24.8,9.4,42,59,1800,11,0.5,196
2021-03-19T11:12:56,24.8,9.6,40,56,1800,9,0.8,160
2021-03-19T11:28:44,24.8,9.1,39,56,1500,8,0.8,219
2021-03-19T11:44:21,24.8,9.7,38,55,1500,7,2.3,210
2021-03-19T12:00:13,24.9,9.4,37,56,1400,7,0.8,223
2021-03-19T12:16:09,25.0,10.7,38,53,1400,8,1.5,293
2021-03-19T12:31:54,25.0,12.8,40,47,1600,9,1.1,311
2021-03-19T12:47:38,24.9,12.6,40,48,1600,10,2.5,255
2021-03-19T13:03:34,24.6,11.4,39,47,1600,9,2.0,266
2021-03-19T13:19:19,24.8,11.5,37,47,1500,7,1.0,96
2021-03-19T13:34:56,25.0,12.1,38,45,1500,7,0.0,190
2021-03-19T13:50:41,25.0,12.8,40,43,1800,9,0.8,109
2021-03-19T14:06:29,25.0,12.9,41,41,2000,11,1.9,227
2021-03-19T14:22:14,25.0,13.0,42,41,2000,10,0.5,227
2021-03-19T14:37:59,25.1,13.6,42,39,2100,10,1.0,283
2021-03-19T14:53:50,25.0,12.4,42,40,2000,11,0.2,247
2021-03-19T15:09:45,25.1,13.6,42,37,2100,10,1.5,303
2021-03-19T15:25:30,25.1,14.5,43,36,2100,9,0.9,200
2021-03-19T15:41:16,25.1,14.4,43,34,2000,9,0.1,177
2021-03-19T15:57:01,25.1,14.5,40,35,1900,8,0.3,268
2021-03-19T16:12:56,25.1,14.9,40,30,1900,8,0.9,243
2021-03-19T16:28:41,25.2,15.4,38,27,1700,7,0.5,14
2021-03-19T16:44:26,25.3,15.8,35,27,1600,7,1.3,239
2021-03-19T17:00:12,25.2,15.2,33,28,1400,6,0.2,196
2021-03-19T17:16:07,25.2,15.7,33,28,1400,6,0.0,266
2021-03-19T17:31:52,25.2,15.9,34,28,1400,6,2.0,202
2021-03-19T17:47:37,25.1,12.8,37,37,1500,7,1.7,32
2021-03-19T18:03:32,25.0,10.8,39,51,1700,8,1.1,332
2021-03-19T18:19:13,24.9,9.4,42,57,1700,9,0.7,98
2021-03-19T18:35:03,24.9,9.0,44,64,1800,10,0.2,241
2021-03-19T18:50:40,24.6,9.6,44,60,1900,10,0.2,90
2021-03-19T19:06:35,24.8,9.0,44,56,2000,9,1.3,221
2021-03-19T19:22:21,24.8,8.9,40,61,1700,8,0.2,157
2021-03-19T19:38:05,24.9,7.6,40,65,1500,7,1.6,154
2021-03-19T19:53:51,25.0,7.1,40,67,1500,8,1.0,133
2021-03-19T20:09:45,24.9,6.8,42,70,1700,9,0.6,86
2021-03-19T20:25:31,24.7,6.6,43,70,1900,10,0.5,180
2021-03-19T20:41:16,24.6,6.4,46,72,2100,11,0.4,249
2021-03-19T20:57:02,24.8,5.9,44,73,2100,10,0.9,78
2021-03-19T21:12:57,25.0,5.8,43,73,1900,10,0.7,124
2021-03-19T21:28:42,25.0,5.0,44,75,2100,12,1.1,66
2021-03-19T21:44:27,24.9,4.9,46,75,2100,11,0.5,48
2021-03-19T22:00:13,24.5,4.9,46,75,2100,11,2.0,112
2021-03-19T22:16:08,24.8,4.7,44,75,1900,10,0.7,180
2021-03-19T22:31:54,24.8,4.8,42,74,1700,8,0.8,104
2021-03-19T22:47:39,24.8,4.6,41,75,1700,9,1.2,187
2021-03-19T23:03:35,25.0,4.4,42,75,1700,10,0.3,268
2021-03-19T23:19:20,25.0,4.2,44,76,2000,11,0.2,121
2021-03-19T23:35:05,25.0,3.7,46,77,2200,12,0.4,335
2021-03-19T23:50:52,24.9,3.4,46,78,2400,12,0.7,229
2021-03-20T00:06:47,24.9,3.1,46,78,2400,12,0.8,14
2021-03-20T00:22:32,24.5,2.8,49,80,2500,13,0.0,0
2021-03-20T00:38:18,24.8,2.9,44,80,2200,10,0.4,86
2021-03-20T00:54:03,24.8,2.6,43,81,2000,10,0.5,93
2021-03-20T01:09:58,24.8,2.4,43,81,1900,10,0.2,331
2021-03-20T01:25:44,25.0,2.2,43,80,2000,11,0.2,306
2021-03-20T01:41:29,24.7,2.1,43,82,1900,11,0.7,157
2021-03-20T01:57:15,24.6,1.7,43,83,2000,11,0.7,97
2021-03-20T02:13:10,24.8,1.9,43,83,1800,10,0.5,67
2021-03-20T02:28:55,24.9,2.0,41,84,1900,10,0.3,158
2021-03-20T02:44:41,24.9,1.6,41,83,1800,10,0.5,0
2021-03-20T03:00:36,24.9,1.1,40,84,1700,10,0.2,40
2021-03-20T03:16:31,24.9,1.3,40,86,1700,10,0.1,268
2021-03-20T03:32:17,24.9,0.8,41,85,1700,10,1.1,43
2021-03-20T03:48:02,24.9,0.5,42,85,1800,10,1.5,63
2021-03-20T04:03:58,24.9,0.1,42,85,1700,11,0.6,114
2021-03-20T04:19:43,24.9,0.3,41,86,1900,11,1.1,133
2021-03-20T04:35:29,24.9,0.4,41,86,1900,10,0.9,90
2021-03-20T04:51:14,24.9,0.3,42,86,1800,10,0.2,167
2021-03-20T05:07:10,24.9,0.1,43,86,1900,11,0.2,216
2021-03-20T05:22:55,25.0,-0.1,43,86,2100,13,0.3,22
2021-03-20T05:38:40,24.9,-0.3,45,87,2300,13,0.4,304
2021-03-20T05:54:26,24.5,-0.3,45,87,2300,13,0.3,313
2021-03-20T06:10:20,24.8,-0.7,43,87,2300,12,0.8,2
2021-03-20T06:26:06,24.9,-0.9,43,86,2200,11,0.2,221
2021-03-20T06:41:51,24.9,-0.9,41,87,2100,12,0.1,268
2021-03-20T06:57:36,24.9,-1.1,42,87,2000,12,0.2,306
2021-03-20T07:13:37,25.0,-1.0,42,88,2000,13,0.6,223
2021-03-20T07:29:23,25.0,-1.1,43,88,2200,13,0.4,260
2021-03-20T07:45:08,24.9,-0.7,46,89,2400,14,0.2,236
2021-03-20T08:01:03,24.9,0.2,47,88,2600,14,0.5,292
2021-03-20T08:16:48,24.6,0.5,47,86,2300,13,0.4,109
2021-03-20T08:32:33,24.8,1.0,47,85,2400,12,0.1,259
2021-03-20T08:48:19,24.9,1.2,46,85,2400,12,0.5,224
2021-03-20T09:04:14,24.9,2.1,45,83,2200,11,1.1,226
2021-03-20T09:20:05,25.0,2.4,45,83,2100,11,0.5,224
2021-03-20T09:35:57,24.5,4.3,47,81,2200,12,0.7,330
2021-03-20T09:51:42,24.9,5.1,44,80,2100,11,0.9,275
2021-03-20T10:07:37,25.0,5.4,43,78,2000,11,0.4,214
2021-03-20T10:23:29,25.0,6.5,46,73,2100,12,0.4,201
2021-03-20T10:39:14,24.9,7.1,46,71,2200,12,2.0,197
2021-03-20T10:55:00,24.8,8.0,47,69,2200,12,1.5,183
2021-03-20T11:10:55,24.6,8.8,46,66,2100,13,0.8,129
2021-03-20T11:26:40,24.8,9.7,46,60,2100,13,2.2,243
2021-03-20T11:42:26,24.8,10.0,44,55,2100,11,2.4,293
2021-03-20T11:58:11,25.0,11.1,41,53,1800,9,2.9,298
2021-03-20T12:14:06,25.0,11.6,44,49,2000,11,2.0,294
2021-03-20T12:29:51,25.0,12.2,45,43,2100,11,1.8,275
2021-03-20T12:45:36,25.0,13.5,43,34,2100,11,0.7,40
2021-03-20T13:01:32,25.0,13.7,43,33,2200,12,2.8,220
2021-03-20T13:17:19,24.9,14.2,41,32,2000,11,2.3,165
2021-03-20T13:33:04,24.8,13.9,40,29,1900,10,0.9,223
2021-03-20T13:48:50,24.8,15.0,40,28,1900,10,0.2,327
2021-03-20T14:04:45,24.8,14.9,41,26,2100,10,2.4,95
2021-03-20T14:20:31,24.9,15.0,42,27,2100,11,1.8,304
2021-03-20T14:36:16,25.0,15.0,42,26,2200,11,1.2,295
2021-03-20T14:52:02,25.1,15.3,41,26,2100,10,1.4,273
2021-03-20T15:07:57,25.0,16.1,42,23,2100,9,0.8,283
2021-03-20T15:23:42,25.1,15.6,40,24,2000,9,1.5,308
2021-03-20T15:39:27,25.1,15.8,38,23,1800,8,1.9,263
2021-03-20T15:55:13,25.0,15.4,37,23,1700,9,0.9,236
2021-03-20T16:11:07,25.0,15.5,36,23,1700,9,0.5,261
2021-03-20T16:26:44,25.1,15.3,36,23,1600,9,1.9,286
2021-03-20T16:42:24,25.1,14.9,35,24,1700,7,2.1,256
2021-03-20T16:58:04,25.1,15.6,37,23,1700,7,1.7,282
2021-03-20T17:13:54,25.1,15.2,37,25,1700,8,1.1,275
2021-03-20T17:29:34,25.1,15.1,36,23,1600,7,1.7,281
2021-03-20T17:45:14,25.1,14.7,34,24,1500,7,2.1,295
2021-03-20T18:01:04,25.1,14.5,34,25,1500,7,3.2,288
2021-03-20T18:16:44,25.0,14.4,30,25,1300,6,0.7,194
2021-03-20T18:32:24,24.3,13.8,30,26,1000,6,0.9,292
2021-03-20T18:48:04,24.8,13.6,32,29,1200,7,1.2,238
2021-03-20T19:03:54,25.0,12.4,34,31,1300,7,0.1,268
2021-03-20T19:19:35,25.0,11.8,35,31,1600,8,0.3,248
2021-03-20T19:35:15,24.9,11.0,37,34,1800,10,0.4,157
2021-03-20T19:50:56,24.9,10.4,39,37,2100,11,0.6,61
2021-03-20T20:06:47,24.9,9.0,40,41,2300,11,0.3,309
2021-03-20T20:22:28,24.9,8.8,41,43,2400,11,0.9,344
2021-03-20T20:38:09,24.9,8.4,43,47,2500,13,1.0,229
2021-03-20T20:53:51,24.9,7.9,43,49,2600,13,0.4,275
2021-03-20T21:09:41,24.9,8.0,43,48,2500,13,0.1,179
2021-03-20T21:25:22,24.9,7.0,44,51,2600,13,0.6,210
2021-03-20T21:41:03,24.9,6.7,44,53,2600,13,0.6,126
2021-03-20T21:56:45,24.9,6.4,45,54,2700,14,0.5,227
2021-03-20T22:12:36,24.9,6.5,46,53,2800,14,1.0,250
2021-03-20T22:28:17,24.9,6.2,46,54,2700,15,0.1,101
2021-03-20T22:43:59,24.9,6.0,45,54,2600,14,1.2,268
2021-03-20T22:59:46,24.6,5.7,45,55,2400,15,1.1,82
2021-03-20T23:15:37,24.8,5.7,44,55,2500,13,0.1,201
2021-03-20T23:31:18,25.0,5.5,41,57,2100,11,1.1,260
2021-03-20T23:46:59,25.0,4.9,43,59,2200,13,0.6,225
2021-03-21T00:02:50,24.6,4.7,44,60,2200,14,0.7,226
2021-03-21T00:18:31,24.8,4.5,43,61,2200,12,0.6,248
2021-03-21T00:34:13,24.9,4.4,40,62,2100,11,0.3,298
2021-03-21T00:49:54,24.9,4.0,40,65,1900,11,1.0,301
2021-03-21T01:05:45,25.0,3.7,40,65,1900,11,0.7,308
2021-03-21T01:21:26,25.0,3.4,41,66,2000,12,0.2,202
2021-03-21T01:37:07,25.0,3.1,43,67,2200,14,0.3,1
2021-03-21T01:52:48,25.0,3.0,43,68,2300,14,0.5,55
2021-03-21T02:08:38,25.0,2.5,45,69,2500,14,0.1,268
2021-03-21T02:24:20,24.7,2.4,46,69,2500,15,0.0,22
2021-03-21T02:40:01,24.5,2.2,44,71,2400,13,0.2,304
2021-03-21T02:55:43,24.5,1.4,43,72,2100,11,0.2,42
2021-03-21T03:11:34,24.8,0.2,41,75,2100,11,0.1,1
2021-03-21T03:27:15,24.8,0.1,41,76,2100,12,0.3,237
2021-03-21T03:42:56,24.8,-0.4,41,76,2000,12,0.8,83
2021-03-21T03:58:37,24.8,-0.3,40,78,1900,12,0.8,77
2021-03-21T04:14:28,24.8,-0.5,40,79,1900,12,0.2,123
2021-03-21T04:30:09,24.8,-0.5,41,81,1900,12,0.1,90
2021-03-21T04:45:49,24.9,-0.5,41,80,2000,13,0.2,253
2021-03-21T05:01:39,25.0,-0.7,41,82,2100,14,0.1,268
2021-03-21T05:17:20,24.7,-0.9,43,81,2200,15,0.7,54
2021-03-21T05:33:01,24.6,-1.1,43,83,2300,14,0.7,335
2021-03-21T05:48:42,24.8,-1.0,45,83,2300,14,0.3,197
2021-03-21T06:04:32,24.8,-1.0,44,83,2200,13,0.1,267
2021-03-21T06:20:19,24.8,-1.3,42,83,2000,13,0.1,267
2021-03-21T06:35:59,24.8,-1.0,43,82,2100,13,0.2,299
2021-03-21T06:51:39,24.8,-1.4,43,83,2100,13,0.2,271
2021-03-21T07:07:30,24.8,-1.6,42,83,2100,13,0.5,317
2021-03-21T07:23:10,24.8,-1.4,41,83,2100,13,0.3,289
2021-03-21T07:38:51,24.8,-1.2,43,82,2100,13,0.4,101
2021-03-21T07:54:32,24.8,-0.7,42,81,2000,13,0.9,107
2021-03-21T08:10:24,24.8,-0.7,42,81,2100,12,0.5,300
2021-03-21T08:26:03,25.0,1.0,42,77,2100,13,0.3,94
2021-03-21T08:41:43,25.0,2.1,44,73,2200,14,1.5,100
2021-03-21T08:57:23,25.0,3.0,46,70,2500,15,0.6,281
2021-03-21T09:13:14,25.0,3.7,47,69,2700,16,0.3,235
2021-03-21T09:28:54,24.5,4.9,47,65,2600,15,0.2,29
2021-03-21T09:44:34,24.9,6.0,43,61,2300,13,0.4,104
2021-03-21T10:00:14,25.0,6.0,42,60,2100,13,0.3,214
2021-03-21T10:16:04,24.8,6.9,43,59,2100,13,1.4,264
2021-03-21T10:31:44,24.8,7.7,40,56,1800,11,0.5,116
2021-03-21T10:47:23,24.9,8.0,41,56,1800,11,0.9,314
2021-03-21T11:03:13,25.0,8.7,43,53,2000,12,0.7,282
2021-03-21T11:18:49,25.0,9.9,44,51,2100,13,1.9,174
2021-03-21T11:34:33,25.0,10.5,46,49,2100,13,0.6,245
2021-03-21T11:50:18,24.6,11.9,43,43,2100,13,1.6,283
2021-03-21T12:06:12,24.6,12.4,42,39,1900,12,1.8,86
2021-03-21T12:21:57,24.8,13.2,41,38,1900,12,3.7,275
2021-03-21T12:37:41,24.8,13.7,40,37,1800,11,1.2,187
2021-03-21T12:53:26,24.6,13.8,39,39,1700,11,2.2,56
2021-03-21T13:09:19,24.8,14.3,41,38,1700,11,2.2,288
2021-03-21T13:25:04,24.8,15.1,42,37,1800,11,1.4,178
2021-03-21T13:40:49,24.8,15.8,43,35,1900,11,0.6,44
2021-03-21T13:56:33,24.8,16.3,43,32,1900,10,2.7,99
2021-03-21T14:12:27,24.8,16.7,42,32,1900,10,1.3,65
2021-03-21T14:28:11,24.8,17.1,40,31,1800,9,0.4,268
2021-03-21T14:43:55,24.8,17.9,39,29,1500,10,5.8,297
2021-03-21T14:59:40,24.8,18.0,39,31,1600,9,0.4,248
2021-03-21T15:15:34,24.8,17.5,39,33,1600,10,0.9,239
2021-03-21T15:31:18,24.8,16.9,39,33,1500,9,1.8,248
2021-03-21T15:47:03,24.9,17.3,39,32,1500,9,3.1,292
2021-03-21T16:02:57,24.9,17.2,40,34,1700,9,4.1,124
2021-03-21T16:18:41,24.9,16.7,39,34,1500,8,1.0,296
2021-03-21T16:34:26,25.1,17.6,38,32,1500,8,0.9,242
2021-03-21T16:50:10,25.0,17.4,39,33,1500,8,2.1,265
2021-03-21T17:06:04,25.0,17.4,38,34,1300,7,1.5,254
2021-03-21T17:21:48,25.1,18.1,37,34,1300,7,1.6,123
2021-03-21T17:37:32,25.1,18.3,36,31,1200,7,1.3,110
2021-03-21T17:53:16,25.1,18.8,34,22,1200,6,0.2,323
2021-03-21T18:09:09,25.1,18.8,32,21,1200,7,1.1,14
2021-03-21T18:24:58,24.9,17.5,31,26,1000,6,0.6,279
2021-03-21T18:40:42,24.9,16.4,34,28,1200,7,0.8,305
2021-03-21T18:56:27,25.0,15.9,35,25,1400,7,1.1,65
2021-03-21T19:12:21,25.0,15.1,37,26,1700,9,0.8,37
2021-03-21T19:28:05,25.0,13.9,38,30,1800,10,0.4,75
2021-03-21T19:43:50,25.0,13.2,39,35,1800,11,1.0,335
2021-03-21T19:59:34,24.9,10.9,40,42,1900,12,1.4,12
2021-03-21T20:15:28,24.9,10.1,42,43,2200,13,0.8,325
2021-03-21T20:31:13,24.9,9.9,43,42,2300,14,0.4,304
2021-03-21T20:46:58,24.9,10.2,43,42,2400,13,1.5,335
2021-03-21T21:02:51,24.9,10.2,43,42,2400,13,0.6,67
2021-03-21T21:18:36,24.9,9.7,43,48,2400,13,0.5,240
2021-03-21T21:34:20,24.9,9.3,45,52,2400,13,0.8,292
2021-03-21T21:50:04,24.7,8.6,46,55,2500,13,0.4,20
2021-03-21T22:05:59,24.8,8.1,46,56,2500,14,0.0,0
2021-03-21T22:21:44,24.7,7.5,46,60,2500,13,0.7,81
2021-03-21T22:37:28,24.8,7.1,47,62,2600,15,0.2,281
2021-03-21T22:53:13,24.7,7.0,48,62,2500,15,0.8,165
2021-03-21T23:09:07,24.6,6.7,47,62,2500,15,1.2,100
2021-03-21T23:24:51,24.8,6.8,46,62,2500,13,0.7,308
2021-03-21T23:40:36,24.8,6.6,44,62,2200,13,1.9,268
2021-03-21T23:56:19,24.9,6.7,43,64,2000,13,0.1,186
2021-03-22T00:12:14,24.9,6.8,41,64,1800,11,3.1,221
2021-03-22T00:27:59,24.9,6.8,39,63,1600,10,3.4,87
2021-03-22T00:43:49,24.9,6.4,40,65,1600,11,2.6,97
2021-03-22T00:59:34,25.0,6.4,40,66,1600,11,0.2,327
2021-03-22T01:15:29,24.9,6.0,42,66,1700,11,2.4,285
2021-03-22T01:31:13,24.9,6.3,44,64,2000,13,1.2,259
2021-03-22T01:46:58,24.9,6.1,46,64,2200,14,1.6,248
2021-03-22T02:02:52,24.5,5.7,46,65,2300,14,0.1,7
2021-03-22T02:18:37,24.8,5.4,43,66,2100,12,0.7,241
2021-03-22T02:34:21,24.8,5.2,43,67,1900,12,0.6,159
2021-03-22T02:50:06,24.9,5.0,41,67,1800,13,0.4,3
2021-03-22T03:06:01,25.0,4.6,43,69,1900,14,0.2,205
2021-03-22T03:21:45,24.9,4.3,44,69,2100,14,0.0,4
2021-03-22T03:37:30,24.7,4.0,46,70,2300,15,0.3,229
2021-03-22T03:53:15,24.8,3.7,46,71,2300,15,0.2,90
2021-03-22T04:09:08,24.6,3.5,45,71,2400,15,0.5,64
2021-03-22T04:24:53,24.8,3.0,46,73,2300,14,0.9,135
2021-03-22T04:40:37,24.8,3.3,45,72,2100,14,0.4,216
2021-03-22T04:56:22,24.8,2.9,43,73,2000,13,0.4,17
2021-03-22T05:12:16,24.8,2.3,42,74,1900,12,1.6,64
2021-03-22T05:28:00,24.8,1.7,42,77,1800,13,0.3,285
2021-03-22T05:43:45,24.8,1.1,40,78,1800,12,0.4,325
2021-03-22T05:59:29,24.8,1.1,41,79,1700,12,0.5,0
2021-03-22T06:15:23,24.8,1.1,41,78,1800,12,0.6,166
2021-03-22T06:31:08,24.8,0.3,41,80,1800,13,0.4,234
2021-03-22T06:46:52,25.0,-0.3,40,83,1900,13,1.3,50
2021-03-22T07:02:52,24.9,0.1,44,83,2100,15,1.6,90
2021-03-22T07:18:36,24.6,0.9,46,80,2200,16,0.9,96
2021-03-22T07:34:21,24.8,1.2,47,80,2300,15,0.6,311
2021-03-22T07:50:06,24.8,1.9,45,79,2200,14,1.1,263
2021-03-22T08:06:00,24.9,2.2,45,80,2100,13,0.1,0
2021-03-22T08:21:44,24.9,3.8,43,76,2000,13,0.5,343
2021-03-22T08:37:29,24.9,4.6,43,74,1900,14,0.2,222
2021-03-22T08:53:13,24.6,5.9,45,71,2100,14,2.7,311
2021-03-22T08:58:14,24.8,6.2,46,71,2100,15,2.5,298
2021-03-22T09:14:02,24.8,6.3,50,71,2400,15,1.3,285
2021-03-22T09:29:40,24.7,7.2,48,67,2200,14,1.6,275
2021-03-22T09:45:23,24.5,7.3,48,66,2100,13,2.3,278
2021-03-22T10:01:10,24.8,7.7,43,66,1700,11,3.3,287
2021-03-22T10:16:54,24.8,8.3,41,65,1600,10,0.2,22
2021-03-22T10:32:33,24.8,9.4,39,61,1500,10,0.9,333
2021-03-22T10:48:08,24.9,10.3,37,57,1400,9,2.4,78
2021-03-22T11:03:55,24.9,11.6,39,54,1300,9,1.9,97
2021-03-22T11:19:31,25.0,11.5,40,54,1500,10,1.8,314
2021-03-22T11:35:05,24.9,12.4,42,52,1600,11,1.0,306
2021-03-22T11:50:39,24.9,12.6,43,52,1600,11,1.0,232
2021-03-22T12:06:23,24.9,13.4,43,49,1600,11,1.1,72
2021-03-22T12:21:58,24.9,13.3,43,50,1700,11,1.1,256
2021-03-22T12:37:33,24.5,13.8,36,48,1300,7,2.9,306
2021-03-22T12:53:20,24.8,15.2,37,43,1200,8,1.3,198
2021-03-22T13:09:03,24.8,15.7,36,41,1200,7,2.3,314
2021-03-22T13:24:37,25.0,16.0,37,39,1200,8,1.6,212
2021-03-22T13:40:12,25.0,16.7,39,38,1400,9,1.4,337
2021-03-22T13:55:52,25.0,17.1,38,36,1500,9,1.5,197
2021-03-22T14:11:40,25.0,17.3,38,35,1400,10,1.2,234
2021-03-22T14:27:25,25.0,17.5,38,33,1400,9,0.2,67
2021-03-22T14:43:10,25.0,18.6,37,33,1400,8,1.6,302
2021-03-22T14:58:54,25.0,18.3,38,30,1400,8,0.9,191
2021-03-22T15:14:47,25.0,18.7,39,30,1400,7,1.2,106
2021-03-22T15:30:32,25.0,19.6,38,27,1500,7,0.1,267
2021-03-22T15:46:17,25.0,19.4,37,27,1400,7,0.4,114
2021-03-22T16:02:11,25.0,19.4,35,26,1200,7,1.0,197
2021-03-22T16:17:56,25.1,19.4,34,26,1200,7,1.3,62
2021-03-22T16:33:34,25.1,19.6,33,26,1200,7,1.6,265
2021-03-22T16:49:18,25.1,19.4,35,26,1200,7,1.0,149
2021-03-22T17:05:13,25.1,19.4,34,27,1200,7,2.6,111
2021-03-22T17:20:55,25.1,19.3,35,27,1200,7,1.0,90
2021-03-22T17:36:39,25.1,18.6,35,27,1300,7,0.2,132
2021-03-22T17:52:23,25.1,18.4,36,30,1300,7,0.7,31
2021-03-22T18:08:16,25.0,18.0,37,32,1300,7,1.6,290
2021-03-22T18:24:01,24.6,17.8,34,32,1100,6,2.4,293
2021-03-22T18:39:46,24.8,17.5,34,33,1000,7,0.6,54
2021-03-22T18:55:30,24.9,16.8,37,35,1200,7,0.8,322
2021-03-22T19:11:24,25.0,15.3,36,39,1300,7,0.2,302
2021-03-22T19:27:06,24.9,14.2,39,44,1300,9,0.6,287
2021-03-22T19:42:43,24.9,13.8,39,44,1500,9,2.4,286
2021-03-22T19:58:28,24.9,13.3,40,46,1700,11,0.7,189
2021-03-22T20:14:23,24.9,13.1,42,47,1700,12,0.4,257
2021-03-22T20:30:07,24.9,12.6,41,49,1800,11,0.4,290
2021-03-22T20:45:51,24.9,12.5,42,49,1800,11,0.2,236
2021-03-22T21:01:44,24.5,11.3,42,52,1700,11,1.4,328
2021-03-22T21:17:29,24.9,11.5,40,53,1600,9,0.8,304
2021-03-22T21:33:13,25.0,11.1,40,54,1600,10,0.2,43
2021-03-22T21:48:58,25.0,10.8,42,55,1800,13,0.1,187
2021-03-22T22:04:51,25.0,10.5,43,55,2000,11,0.9,116
2021-03-22T22:20:32,25.0,9.7,44,58,1900,14,0.4,106
2021-03-22T22:36:09,24.8,9.4,43,59,1700,14,1.1,249
2021-03-22T22:51:53,24.8,9.0,43,60,1800,14,1.4,91
2021-03-22T23:07:47,24.8,9.3,44,60,1900,15,1.3,222
2021-03-22T23:23:32,24.8,8.6,44,62,1900,15,0.2,181
2021-03-22T23:39:15,24.8,8.2,44,63,1800,13,0.5,218
2021-03-22T23:54:59,24.8,7.0,41,67,1500,11,0.6,224
2021-03-23T00:10:53,24.8,6.6,40,69,1600,10,0.2,100
2021-03-23T00:26:37,24.8,6.3,40,69,1600,10,0.3,264
2021-03-23T00:42:22,25.0,5.9,40,70,1600,10,0.7,241
2021-03-23T00:58:06,25.0,5.6,43,70,1800,13,0.2,34
2021-03-23T01:14:01,25.0,4.4,45,73,2100,15,0.4,119
2021-03-23T01:29:45,25.0,4.6,46,73,2200,15,0.2,248
2021-03-23T01:45:36,25.0,3.9,47,74,2300,15,0.2,58
2021-03-23T02:01:30,25.0,3.8,48,75,2300,16,0.2,208
2021-03-23T02:17:21,24.9,3.8,48,74,2300,16,0.3,14
2021-03-23T02:33:06,24.8,3.5,46,75,2200,15,0.2,267
2021-03-23T02:48:50,24.8,3.3,46,77,2000,13,0.4,90
2021-03-23T03:04:45,24.9,3.4,43,76,1900,13,0.4,169
2021-03-23T03:20:29,24.9,2.9,42,78,1800,13,0.4,15
2021-03-23T03:36:14,24.9,2.2,43,79,1800,12,0.4,295
2021-03-23T03:51:59,24.9,2.1,42,80,1800,13,0.3,312
2021-03-23T04:07:53,25.0,1.8,43,81,1800,14,0.4,155
2021-03-23T04:23:37,25.0,2.1,45,81,2100,15,0.7,117
2021-03-23T04:39:22,24.9,1.8,44,79,2100,16,0.2,302
2021-03-23T04:55:06,24.6,1.2,46,81,2200,16,0.3,299
2021-03-23T05:11:01,24.8,0.6,48,82,2400,15,0.2,325
2021-03-23T05:26:46,24.8,0.7,48,83,2500,17,0.1,92
2021-03-23T05:42:30,24.8,0.2,48,83,2600,16,0.2,230
2021-03-23T05:58:15,24.5,0.9,45,83,2200,15,0.3,61
2021-03-23T06:14:10,24.8,0.8,43,83,2000,13,0.3,178
2021-03-23T06:29:54,24.8,0.4,43,83,1900,13,0.1,268
2021-03-23T06:45:38,24.8,0.1,42,84,1900,13,0.1,242
2021-03-23T07:01:32,24.8,-0.3,41,84,1800,14,0.7,97
2021-03-23T07:17:17,24.8,-0.3,41,84,1800,13,0.5,157
2021-03-23T07:33:01,24.8,-0.1,41,85,1800,12,0.8,313
2021-03-23T07:48:45,24.8,0.0,41,85,1900,13,0.3,297
2021-03-23T08:04:45,24.8,1.1,42,85,1800,13,0.4,103
2021-03-23T08:15:23,24.8,3.0,42,79,1800,13,0.6,112
2021-03-23T08:31:00,24.8,3.5,41,77,1700,11,1.7,134
2021-03-23T08:46:44,25.0,4.8,43,75,1800,13,2.0,130
2021-03-23T09:02:38,24.9,6.0,44,72,1900,13,0.3,215
2021-03-23T09:18:23,24.2,7.5,37,67,1500,7,0.4,74
2021-03-23T09:34:05,23.7,8.1,40,66,1200,6,0.5,143
2021-03-23T09:49:42,23.2,8.6,39,65,1200,5,0.9,220
2021-03-23T10:05:49,23.2,9.5,41,62,1300,5,0.7,188
2021-03-23T10:21:42,23.1,10.9,41,59,1300,5,0.6,216
2021-03-23T10:25:38,23.1,11.1,41,58,1200,5,0.2,302
2021-03-23T10:34:28,23.6,10.6,46,60,1300,9,0.3,142
2021-03-23T10:50:06,24.1,11.6,43,56,1400,0,0.6,140
2021-03-23T11:06:01,24.3,12.4,41,56,1500,8,0.2,291
2021-03-23T11:21:45,24.5,12.7,42,55,1500,8,0.9,236
2021-03-23T11:37:30,24.8,13.9,44,53,1700,9,0.7,337
2021-03-23T11:53:13,25.0,14.1,44,52,1600,9,0.2,91
2021-03-23T12:08:56,25.0,14.5,46,51,1800,9,1.6,226
2021-03-23T12:24:30,25.0,15.0,46,51,1900,9,1.1,265
2021-03-23T12:40:04,25.0,15.7,46,48,1900,10,0.2,232
2021-03-23T12:55:38,25.0,16.2,47,47,1900,9,0.7,289
2021-03-23T13:11:25,24.9,16.7,44,45,1500,9,0.2,90
2021-03-23T13:27:09,24.5,17.0,42,42,1200,7,1.1,173
2021-03-23T13:42:52,25.0,17.7,40,41,1400,8,0.5,43
2021-03-23T13:58:30,25.1,18.4,41,39,1500,8,0.4,189
2021-03-23T14:14:24,25.1,19.0,40,38,1400,9,1.3,256
2021-03-23T14:30:09,25.1,18.8,40,37,1400,8,0.4,268
2021-03-23T14:45:54,25.1,19.2,39,37,1300,8,1.1,250
2021-03-23T15:01:47,25.1,19.1,38,38,1300,7,1.6,104
2021-03-23T15:17:32,25.2,19.2,38,38,1200,7,2.2,236
2021-03-23T15:33:16,25.3,19.4,39,37,1200,7,0.4,213
2021-03-23T15:49:00,25.3,19.7,38,36,1100,7,0.7,316
2021-03-23T16:04:53,25.3,19.5,39,36,1200,7,0.5,203
2021-03-23T16:20:44,25.3,19.6,37,35,1100,6,0.5,104
2021-03-23T16:36:29,25.3,20.2,35,34,1000,5,0.6,292
2021-03-23T16:52:13,25.0,19.7,36,35,1000,6,0.9,238
2021-03-23T17:08:07,25.1,20.1,36,35,1000,6,1.9,278
2021-03-23T17:23:52,25.1,19.6,36,37,1000,6,1.0,250
2021-03-23T17:39:36,25.1,19.6,36,36,1000,6,0.8,262
2021-03-23T17:55:20,25.2,19.1,37,36,1000,6,0.9,211
2021-03-23T18:11:14,25.2,19.1,37,36,1000,7,0.7,268
2021-03-23T18:26:59,25.1,18.6,35,35,1000,6,0.6,219
2021-03-23T18:42:43,25.0,17.9,35,36,900,6,0.6,209
2021-03-23T18:58:28,25.1,17.2,38,36,1300,7,0.4,288
2021-03-23T19:14:22,25.1,16.0,39,38,1400,8,0.1,259
2021-03-23T19:30:06,25.1,15.4,39,38,1500,9,0.0,2
2021-03-23T19:45:51,25.0,14.8,39,39,1500,9,0.4,283
2021-03-23T20:01:43,25.0,14.4,40,43,1500,9,0.3,13
2021-03-23T20:17:26,24.9,13.2,41,51,1500,8,0.2,25
2021-03-23T20:33:08,24.9,12.6,42,54,1600,10,0.2,211
2021-03-23T20:48:51,24.9,10.6,43,62,1700,11,0.5,98
2021-03-23T21:04:42,24.9,11.2,43,62,1700,10,0.4,267
2021-03-23T21:20:24,24.9,11.1,44,63,1700,11,0.2,212
2021-03-23T21:36:05,24.9,10.5,44,65,1700,12,0.4,262
2021-03-23T21:51:46,24.9,9.8,45,67,1900,11,1.6,111
2021-03-23T22:07:39,24.9,8.9,45,69,1900,11,1.7,114
2021-03-23T22:23:20,24.9,8.5,46,71,1900,11,0.8,219
2021-03-23T22:39:02,24.9,8.3,46,70,2000,11,1.9,119
2021-03-23T22:54:45,24.9,7.8,45,71,1900,12,0.2,30
2021-03-23T23:10:38,24.9,7.9,46,73,1900,13,1.4,121
2021-03-23T23:26:19,24.9,7.8,48,73,2100,14,1.2,101
2021-03-23T23:42:01,24.9,7.5,48,73,2100,13,0.4,69
2021-03-23T23:57:43,24.9,7.8,47,74,2100,13,0.7,143
2021-03-24T00:13:35,24.9,7.8,47,74,2100,15,1.1,143
2021-03-24T00:29:17,24.9,7.6,47,75,2000,13,0.7,124
2021-03-24T00:44:59,24.9,7.5,47,76,2000,14,1.1,89
2021-03-24T01:00:51,24.6,7.4,46,75,1800,13,0.4,169
2021-03-24T01:16:32,24.8,7.4,47,75,1900,14,1.1,58
2021-03-24T01:32:14,24.9,7.3,47,74,2100,14,0.7,160
2021-03-24T01:47:57,24.9,7.2,47,74,2200,14,0.7,195
2021-03-24T02:03:48,24.9,7.1,47,74,2100,15,0.3,113
2021-03-24T02:19:31,24.9,6.9,47,74,2100,15,0.0,195
2021-03-24T02:35:12,24.8,6.4,48,76,2100,14,0.2,213
2021-03-24T02:50:54,24.7,5.7,48,77,2100,16,0.4,300
2021-03-24T03:06:45,24.8,5.6,48,78,2100,15,0.1,265
2021-03-24T03:22:27,24.8,5.1,49,80,2100,14,0.0,0
2021-03-24T03:38:09,25.0,4.9,45,79,2000,13,0.3,117
2021-03-24T03:53:52,25.0,4.8,46,80,1900,15,0.0,179
2021-03-24T04:09:44,24.9,4.7,47,82,2000,15,0.0,0
2021-03-24T04:25:26,24.9,4.1,48,81,2300,16,0.3,313
2021-03-24T04:41:15,24.9,3.9,48,85,2300,15,0.7,32
2021-03-24T04:56:57,24.9,3.5,49,86,2200,16,0.3,45
2021-03-24T05:12:49,24.7,3.6,47,87,2100,15,0.1,179
2021-03-24T05:28:32,24.8,3.6,48,86,2100,15,0.5,15
2021-03-24T05:44:15,24.8,3.2,49,87,2200,16,0.3,179
2021-03-24T05:59:59,24.8,3.5,48,88,2200,16,0.0,0
2021-03-24T06:15:52,24.8,3.6,48,86,2300,17,0.2,268
2021-03-24T06:31:34,24.8,3.4,48,85,2300,16,0.5,68
2021-03-24T06:47:17,24.6,2.8,48,86,2200,16,0.4,28
2021-03-24T07:03:09,24.5,2.8,49,87,2200,16,0.6,319
2021-03-24T07:18:51,24.8,3.1,46,86,2200,15,0.0,268
2021-03-24T07:34:32,25.0,3.8,45,84,2000,14,0.5,336
2021-03-24T07:50:15,24.9,4.1,46,83,1900,15,0.6,266
2021-03-24T08:06:06,24.8,4.6,47,83,2000,15,0.3,191
2021-03-24T08:21:49,25.0,6.0,46,80,1900,15,0.0,15
2021-03-24T08:26:00,25.0,7.5,46,75,1800,15,0.8,256
2021-03-24T08:41:36,25.0,7.8,44,74,1800,13,0.4,56
2021-03-24T08:57:18,24.9,8.5,47,72,1800,14,0.7,210
2021-03-24T09:13:03,24.9,9.1,49,70,1900,13,0.5,224
2021-03-24T09:28:45,24.9,10.5,49,66,1800,13,0.7,268
2021-03-24T09:44:22,24.9,11.5,48,63,1800,13,0.9,216
2021-03-24T09:59:58,24.5,12.1,48,60,1700,14,0.2,312
2021-03-24T10:15:43,25.0,12.8,44,58,1700,13,0.9,226
2021-03-24T10:31:17,25.0,14.1,44,55,1500,13,0.2,58
2021-03-24T10:46:51,24.9,14.8,44,54,1500,12,0.9,231
2021-03-24T11:02:41,24.9,15.4,43,53,1400,13,0.8,97
2021-03-24T11:18:23,24.9,16.4,43,51,1400,11,1.4,216
2021-03-24T11:34:02,24.9,16.9,44,47,1400,11,0.6,318
2021-03-24T11:49:38,24.9,17.1,43,47,1400,11,1.5,312
2021-03-24T12:05:30,25.1,17.6,42,45,1400,11,1.3,84
2021-03-24T12:21:09,25.1,18.4,42,44,1400,11,0.3,21
2021-03-24T12:36:42,25.0,17.9,41,45,1300,10,1.1,290
2021-03-24T12:52:15,25.1,19.0,41,41,1300,9,1.1,223
2021-03-24T13:08:00,25.1,19.0,40,41,1300,8,0.4,289
2021-03-24T13:23:42,25.1,20.1,41,39,1300,8,0.2,225
2021-03-24T13:39:16,25.1,19.6,41,40,1200,8,2.0,230
2021-03-24T13:54:50,25.1,20.1,39,38,1200,7,0.7,240
2021-03-24T14:10:34,25.1,20.5,38,37,1000,6,1.6,245
2021-03-24T14:26:07,24.3,20.8,37,37,600,4,1.8,265
2021-03-24T14:41:41,24.5,21.9,36,33,800,4,2.7,232
2021-03-24T14:57:17,24.4,21.4,37,35,700,4,0.9,231
2021-03-24T15:13:08,24.4,22.2,36,33,700,5,0.9,268
2021-03-24T15:28:50,24.3,22.0,36,33,800,5,1.3,237
2021-03-24T15:44:30,24.5,22.0,35,33,800,4,1.6,239
2021-03-24T16:00:06,24.4,21.8,30,25,600,3,0.1,176
2021-03-24T16:15:58,24.4,22.6,30,25,700,3,1.8,307
2021-03-24T16:31:40,24.8,22.3,28,24,600,3,0.7,310
2021-03-24T16:47:18,24.5,22.9,29,22,700,3,1.2,238
2021-03-24T17:03:03,24.8,22.5,28,23,600,2,0.4,106
2021-03-24T17:18:45,24.5,22.4,27,23,600,2,0.2,231
2021-03-24T17:34:24,24.7,22.1,28,25,700,0,0.0,103
2021-03-24T17:50:02,24.7,22.0,28,25,600,2,0.9,109
2021-03-24T18:05:50,24.5,21.6,29,29,600,3,0.3,240
2021-03-24T18:21:31,24.5,21.4,29,27,600,3,0.7,278
2021-03-24T18:37:13,24.5,20.5,30,30,700,3,0.5,238
2021-03-24T18:52:54,24.2,19.5,33,32,800,4,0.3,266
2021-03-24T19:08:46,24.2,18.6,35,33,900,5,0.3,202
2021-03-24T19:24:29,24.2,16.9,38,39,1100,6,0.2,219
2021-03-24T19:40:11,24.3,16.5,38,42,1200,6,0.3,222
2021-03-24T19:55:53,24.2,16.1,39,42,1100,7,0.2,259
2021-03-24T20:11:45,24.3,15.9,38,43,1100,6,0.2,267
2021-03-24T20:27:27,24.2,14.8,40,49,1300,7,0.2,181
2021-03-24T20:43:09,24.2,13.4,42,54,1400,7,0.2,122
2021-03-24T20:58:51,24.2,11.9,42,60,1400,8,0.3,268
2021-03-24T21:14:49,24.2,11.3,42,59,1500,8,0.5,179
2021-03-24T21:30:31,24.2,10.6,43,63,1600,9,0.2,112
2021-03-24T21:46:13,24.1,10.3,45,67,1600,10,0.5,320
2021-03-24T22:02:10,24.1,10.1,46,68,1800,10,0.2,205
2021-03-24T22:17:53,24.1,9.5,45,69,1800,11,0.6,311
2021-03-24T22:33:35,24.1,9.4,45,69,1700,10,0.7,321
2021-03-24T22:49:17,24.1,7.8,45,72,1700,10,0.2,149
2021-03-24T23:05:13,24.0,7.9,45,73,1600,10,0.4,65
2021-03-24T23:20:56,24.0,7.0,46,74,1700,12,0.3,285
2021-03-24T23:36:38,24.0,6.6,47,75,1800,11,0.4,326
2021-03-24T23:52:20,24.0,6.9,47,76,1800,11,0.4,317
2021-03-25T00:08:11,24.0,6.3,48,76,2000,12,0.3,65
2021-03-25T00:23:53,24.1,6.3,48,76,2000,11,0.3,268
2021-03-25T00:39:34,24.0,5.3,48,78,2100,12,0.6,63
2021-03-25T00:55:17,24.0,5.4,48,78,2100,11,0.1,97
2021-03-25T01:11:09,24.0,5.8,47,77,2000,11,0.2,130
2021-03-25T01:26:51,24.0,6.0,48,77,2000,12,0.9,317
2021-03-25T01:42:32,23.8,6.3,47,77,1800,11,0.2,312
2021-03-25T01:58:15,23.8,6.1,48,77,1700,12,0.2,228
2021-03-25T02:14:06,23.8,5.6,47,78,1700,14,0.1,267
2021-03-25T02:29:48,23.7,5.4,47,79,1700,13,1.1,327
2021-03-25T02:45:30,23.7,5.3,47,79,1700,13,0.5,80
2021-03-25T03:01:21,23.7,5.5,48,78,1900,13,0.2,75
2021-03-25T03:17:02,23.7,5.1,48,77,1900,14,0.2,9
2021-03-25T03:32:44,23.9,4.8,48,79,2100,13,0.3,252
2021-03-25T03:48:26,23.9,4.7,49,79,2100,13,0.4,16
2021-03-25T04:04:19,23.9,4.7,48,79,2100,13,0.2,133
2021-03-25T04:20:01,23.9,5.0,48,79,2100,14,0.2,324
2021-03-25T04:35:43,24.1,4.1,49,79,2300,14,0.2,50
2021-03-25T04:51:24,24.1,4.1,48,82,2200,15,0.3,326
2021-03-25T05:07:15,24.0,4.1,48,83,2100,14,0.6,29
2021-03-25T05:22:57,24.0,4.2,49,80,2200,14,0.4,93
2021-03-25T05:38:39,24.0,4.3,49,80,2200,15,0.4,335
2021-03-25T05:54:21,24.0,3.2,48,83,2100,14,0.3,22
2021-03-25T06:10:14,24.0,2.8,48,83,2100,14,0.2,306
2021-03-25T06:25:56,23.9,2.6,47,86,2100,14,0.9,346
2021-03-25T06:41:38,23.7,3.0,49,85,2000,15,0.3,242
2021-03-25T06:57:20,23.7,2.6,49,84,2200,16,0.0,0
2021-03-25T07:13:11,23.9,2.8,50,86,2300,16,0.0,0
2021-03-25T07:28:53,24.0,3.4,49,84,2400,16,0.2,96
2021-03-25T07:44:36,24.1,4.3,50,84,2400,15,0.5,319
2021-03-25T08:00:18,24.0,4.7,50,83,2300,14,0.1,0
2021-03-25T08:16:10,24.0,6.3,49,80,2200,14,0.2,46
2021-03-25T08:31:52,24.1,7.3,51,77,2300,14,0.1,179
2021-03-25T08:47:35,24.0,8.4,51,74,2100,14,0.6,245
2021-03-25T09:03:24,24.0,8.7,51,74,2200,13,0.2,138
2021-03-25T09:18:58,24.1,9.9,49,70,2000,13,0.7,314
2021-03-25T09:34:31,24.0,10.1,50,70,1900,13,0.6,190
2021-03-25T09:50:06,24.0,10.2,49,68,2000,13,0.2,148
2021-03-25T10:05:56,24.1,11.8,46,63,1700,11,0.3,149
2021-03-25T10:21:32,24.1,12.3,48,61,1600,11,0.5,274
2021-03-25T10:37:07,24.1,13.5,47,57,1600,11,0.9,275
2021-03-25T10:43:21,24.0,13.6,46,57,1500,10,1.6,138
2021-03-25T10:58:57,24.0,14.0,46,57,1400,10,0.9,245
2021-03-25T11:14:48,24.0,14.9,44,54,1300,10,0.3,286
2021-03-25T11:30:25,24.1,15.3,45,54,1300,10,0.1,34
2021-03-25T12:03:01,24.0,16.0,39,52,1100,7,0.2,223
2021-03-25T12:18:43,23.0,16.6,40,50,700,3,0.9,105
2021-03-25T12:34:25,22.7,16.7,40,49,700,3,0.8,236
2021-03-25T12:50:10,23.0,17.5,42,48,800,3,0.8,276
2021-03-25T13:05:55,24.0,18.3,43,47,1100,6,0.7,311
2021-03-25T13:21:30,24.0,19.1,41,45,1000,5,0.8,241
2021-03-25T13:53:58,24.1,19.9,42,43,1100,0,0.3,199
2021-03-25T14:05:33,24.0,20.2,40,41,900,6,0.4,197
2021-03-25T14:21:07,24.1,20.1,40,43,900,5,0.7,247
2021-03-25T14:36:41,24.1,20.9,40,40,900,5,1.7,200
2021-03-25T14:52:15,24.2,21.0,40,39,800,5,0.8,78
2021-03-25T15:08:01,24.2,20.3,41,42,900,5,1.1,226
2021-03-25T15:23:41,24.3,19.7,41,43,1000,5,1.1,232
2021-03-25T15:39:22,24.3,19.9,42,42,1000,5,1.5,221
2021-03-25T15:55:02,24.3,20.3,40,40,900,5,1.3,304
2021-03-25T16:10:54,24.4,22.0,39,35,900,5,0.4,53
2021-03-25T16:26:34,24.4,21.9,39,36,800,4,1.1,83
2021-03-25T16:42:14,24.5,23.5,37,32,800,4,0.5,25
2021-03-25T16:57:55,24.5,22.9,37,32,800,4,0.2,87
2021-03-25T17:13:46,24.5,22.5,37,33,800,4,0.9,230
2021-03-25T17:29:27,24.5,22.7,35,33,700,4,0.9,251
2021-03-25T17:45:07,24.5,22.2,37,33,800,4,0.2,291
2021-03-25T18:00:59,24.5,21.8,38,36,800,4,0.4,162
2021-03-25T18:16:40,24.5,21.6,39,37,800,4,0.3,157
2021-03-25T18:32:20,24.4,20.5,39,41,800,5,0.7,60
2021-03-25T18:48:01,24.2,19.6,40,42,800,5,0.9,185
2021-03-25T19:03:52,24.2,17.2,42,48,1000,5,0.0,1
2021-03-25T19:19:32,24.2,16.2,42,52,1100,5,0.4,152
2021-03-25T19:35:12,24.2,15.8,42,53,1100,6,0.3,120
2021-03-25T19:50:53,24.1,15.3,41,53,1100,6,0.9,147
2021-03-25T20:06:44,24.2,15.0,43,55,1200,6,0.3,150
2021-03-25T20:22:26,24.3,13.9,45,66,1300,7,0.2,219
2021-03-25T20:38:07,24.2,13.5,47,69,1300,7,0.5,256
2021-03-25T20:53:47,24.3,12.8,48,72,1500,8,0.7,131
2021-03-25T21:09:38,24.2,12.5,48,73,1400,8,0.8,124
2021-03-25T21:25:19,24.2,11.8,49,74,1500,8,1.6,104
2021-03-25T21:40:59,24.2,11.3,50,74,1600,9,0.2,119
2021-03-25T21:56:40,24.1,11.2,49,74,1500,9,0.3,190
2021-03-25T22:12:30,24.1,10.8,49,73,1600,9,0.3,119
2021-03-25T22:28:10,24.1,10.9,48,72,1500,9,0.6,195
2021-03-25T22:43:51,24.0,10.7,49,72,1600,9,0.2,65
2021-03-25T22:59:32,24.1,10.4,48,72,1700,9,0.8,124
2021-03-25T23:15:23,24.1,9.9,48,73,1700,9,1.0,85
2021-03-25T23:31:04,24.1,9.5,49,74,1800,10,0.6,166
2021-03-25T23:46:45,24.0,9.5,49,74,1700,10,0.2,4
2021-03-26T00:02:35,24.0,9.7,49,73,1700,10,1.1,126
2021-03-26T00:18:16,24.1,9.4,50,74,1700,10,0.7,310
2021-03-26T00:34:03,24.0,8.2,49,77,1700,11,0.2,332
2021-03-26T00:49:44,23.8,8.0,49,77,1600,11,0.3,332
2021-03-26T01:05:35,23.8,7.6,49,78,1700,11,0.3,325
2021-03-26T01:21:15,23.8,7.3,49,78,1800,13,0.2,305
2021-03-26T01:36:57,23.8,7.3,49,79,1800,13,0.2,31
2021-03-26T01:52:38,23.9,7.2,49,79,1800,12,0.2,319
2021-03-26T02:08:27,23.8,7.0,49,79,1700,14,0.0,47
2021-03-26T02:24:08,23.7,6.7,48,80,1600,13,0.2,307
2021-03-26T02:39:49,23.7,6.8,49,80,1600,14,0.2,325
2021-03-26T02:55:30,23.8,6.4,49,81,1800,14,0.2,151
2021-03-26T03:11:22,23.9,7.2,51,79,2000,13,0.6,111
2021-03-26T03:27:02,24.1,6.0,51,81,2200,14,0.2,266
2021-03-26T03:42:43,24.1,5.7,51,82,2200,14,0.1,182
2021-03-26T03:58:24,24.1,5.4,51,83,2200,13,0.8,183
2021-03-26T04:14:15,24.0,5.4,51,83,2100,13,0.3,36
2021-03-26T04:29:57,24.0,5.5,51,85,2100,13,0.3,297
2021-03-26T04:45:44,24.1,5.7,51,84,2100,14,0.4,156
2021-03-26T05:01:35,24.1,5.4,50,84,2100,14,0.1,179
2021-03-26T05:17:22,24.1,5.2,51,83,2100,14,0.3,304
2021-03-26T05:33:03,24.1,5.7,51,84,2100,14,0.4,158
2021-03-26T05:48:44,24.0,4.3,50,85,2100,14,0.6,327
2021-03-26T06:04:35,23.8,4.1,50,86,2000,14,0.4,36
2021-03-26T06:20:15,23.8,4.4,50,86,2100,14,0.2,268
2021-03-26T06:35:56,23.9,4.6,50,86,2100,14,1.1,24
2021-03-26T06:51:37,23.9,4.8,50,84,2100,14,0.6,326
2021-03-26T07:07:28,24.0,4.8,51,85,2200,15,0.3,268
2021-03-26T07:23:10,24.0,4.9,52,85,2300,15,0.3,285
2021-03-26T07:38:51,24.0,5.3,51,84,2200,15,0.1,267
2021-03-26T07:54:31,24.0,5.8,50,84,2100,14,0.3,51
2021-03-26T08:10:21,24.0,6.8,51,81,2100,13,0.4,285
2021-03-26T08:18:58,24.0,7.1,51,80,2100,14,0.1,266
2021-03-26T08:34:36,24.0,7.7,51,80,2000,14,0.2,319
2021-03-26T08:50:18,24.0,8.8,51,77,1900,13,0.5,0
2021-03-26T09:06:09,24.1,9.2,52,75,1900,13,0.5,101
2021-03-26T09:21:50,24.2,10.3,52,72,2000,11,1.2,119
2021-03-26T09:37:32,24.2,11.3,52,69,1900,11,0.4,133
2021-03-26T09:53:11,24.1,13.1,52,65,1800,11,0.2,148
2021-03-26T10:06:40,24.1,14.2,51,64,1700,11,0.6,197
2021-03-26T10:22:47,24.3,14.9,49,62,1600,11,0.9,215
2021-03-26T10:38:24,24.3,16.1,48,58,1400,10,0.9,151
2021-03-26T10:54:07,24.3,16.5,47,56,1200,9,0.5,185
2021-03-26T11:09:50,24.3,17.4,46,53,1200,8,0.4,267
2021-03-26T11:25:24,24.3,18.1,45,52,1100,8,0.4,296
2021-03-26T11:40:59,24.3,18.5,45,50,1100,7,1.1,207
2021-03-26T11:56:40,24.3,17.3,45,53,1100,8,0.8,169
2021-03-26T12:12:31,24.3,18.6,44,50,1100,7,0.1,11
2021-03-26T12:28:19,24.3,18.6,44,50,1000,6,0.7,232
2021-03-26T12:44:03,24.2,18.9,45,49,1000,7,0.2,289
2021-03-26T12:51:18,24.3,19.1,44,49,1000,6,1.4,238
2021-03-26T13:07:14,24.3,20.6,43,46,900,5,0.8,313
2021-03-26T13:22:48,24.3,21.6,42,43,900,5,0.2,235
2021-03-26T13:38:21,24.3,22.0,43,42,800,5,0.7,214
2021-03-26T13:54:03,24.3,22.5,43,41,800,6,0.4,228
2021-03-26T14:10:00,24.5,23.4,42,40,800,5,1.0,252
2021-03-26T14:25:40,24.5,24.0,41,35,800,5,0.6,256
2021-03-26T14:41:22,24.5,24.3,39,34,800,4,0.3,205
2021-03-26T14:57:04,24.5,23.9,39,35,800,4,0.7,262
2021-03-26T15:12:54,24.7,24.0,38,34,700,3,0.3,226
2021-03-26T15:28:36,24.7,24.7,37,34,700,3,0.4,162
2021-03-26T15:44:18,24.8,24.0,37,33,600,3,0.1,38
2021-03-26T16:00:01,24.8,24.6,37,33,600,3,2.3,303
2021-03-26T16:15:53,24.8,23.5,37,34,600,3,1.1,273
2021-03-26T16:31:34,24.8,24.0,37,34,600,3,0.3,303
2021-03-26T16:47:17,24.8,24.6,36,33,600,3,0.7,298
2021-03-26T17:03:08,24.8,24.0,36,34,600,3,0.2,198
2021-03-26T17:18:51,24.8,24.0,36,33,600,3,0.4,278
2021-03-26T17:34:32,24.8,23.5,36,34,600,3,0.2,316
2021-03-26T17:50:14,24.5,22.1,38,37,700,3,0.4,246
2021-03-26T18:06:06,24.5,21.6,39,39,700,4,0.1,267
2021-03-26T18:21:47,24.5,21.3,40,39,800,4,0.6,155
2021-03-26T18:37:28,24.4,20.7,40,42,800,5,0.4,255
2021-03-26T18:53:10,24.3,20.3,42,43,800,5,0.3,147
2021-03-26T19:09:01,24.3,19.5,42,44,1000,5,0.8,117
2021-03-26T19:24:43,24.3,19.1,42,44,1000,5,0.7,24
2021-03-26T19:40:25,24.4,18.7,42,47,1000,5,1.6,221
2021-03-26T19:56:07,24.4,18.0,46,58,1000,6,0.3,207
2021-03-26T20:11:58,24.3,16.9,48,63,1000,6,0.5,219
2021-03-26T20:27:40,24.3,16.4,48,66,1100,6,0.4,199
2021-03-26T20:43:22,24.4,16.2,49,66,1100,6,0.3,179
2021-03-26T20:59:03,24.3,15.6,49,67,1200,7,0.5,100
2021-03-26T21:14:55,24.3,15.6,49,68,1200,7,0.5,220
2021-03-26T21:30:37,24.3,15.0,49,70,1200,7,0.3,291
2021-03-26T21:46:18,24.3,14.8,50,70,1200,7,0.7,137
2021-03-26T22:02:15,24.3,14.6,50,71,1200,7,0.5,118
2021-03-26T22:17:56,24.3,14.3,51,71,1200,8,1.3,289
2021-03-26T22:33:39,24.3,14.3,52,72,1200,8,1.0,193
2021-03-26T22:49:20,24.3,14.1,52,72,1300,9,0.7,95
2021-03-26T23:05:11,24.3,14.2,52,72,1400,9,0.3,268
2021-03-26T23:20:59,24.3,14.1,52,72,1300,8,0.5,271
2021-03-26T23:36:40,24.2,13.9,51,73,1300,7,0.5,274
2021-03-26T23:52:22,24.2,13.6,52,74,1400,8,0.5,255
2021-03-27T00:08:14,24.3,13.6,52,74,1400,8,1.0,240
2021-03-27T00:23:56,24.2,13.3,52,75,1300,8,0.2,267
2021-03-27T00:39:38,24.3,13.0,53,76,1500,9,0.3,230
2021-03-27T00:55:19,24.2,12.8,53,76,1500,9,0.2,299
2021-03-27T01:11:10,24.3,12.5,54,77,1500,9,0.4,200
2021-03-27T01:26:52,24.2,12.2,54,78,1500,9,0.3,177
2021-03-27T01:42:35,24.3,12.1,53,74,1600,10,0.9,192
2021-03-27T01:58:16,24.2,12.3,52,72,1600,10,0.5,296
2021-03-27T02:14:07,24.2,12.1,50,69,1500,10,1.8,254
2021-03-27T02:29:49,24.2,12.1,49,68,1400,10,3.0,298
2021-03-27T02:45:31,24.2,11.6,49,69,1500,10,1.0,307
2021-03-27T03:01:23,24.2,11.5,49,68,1400,9,1.6,275
2021-03-27T03:17:05,24.2,11.2,50,70,1600,10,0.6,228
2021-03-27T03:32:53,24.2,11.1,50,71,1700,11,0.8,268
2021-03-27T03:48:34,24.3,10.8,49,71,1700,11,0.4,190
2021-03-27T04:04:25,24.2,10.5,49,72,1600,10,0.8,246
2021-03-27T04:20:07,24.2,10.7,49,70,1500,10,0.4,163
2021-03-27T04:35:48,24.2,10.3,48,69,1500,11,0.8,255
2021-03-27T04:51:30,24.2,10.0,48,70,1500,11,0.9,80
2021-03-27T05:07:20,24.2,9.6,47,69,1500,11,0.8,228
2021-03-27T05:23:02,24.1,9.5,47,69,1500,11,0.5,229
2021-03-27T05:38:44,24.1,9.3,47,71,1600,11,0.9,197
2021-03-27T05:54:26,24.1,9.1,47,71,1600,12,1.1,225
2021-03-27T06:10:17,24.1,9.1,48,70,1600,11,0.4,249
2021-03-27T06:25:58,24.2,8.9,48,70,1700,13,0.5,240
2021-03-27T06:41:40,24.1,8.8,48,70,1700,13,0.4,144
2021-03-27T06:57:21,24.1,8.6,47,70,1600,13,0.2,137
2021-03-27T07:13:12,24.1,8.5,47,70,1600,13,0.2,232
2021-03-27T07:28:54,24.1,8.5,48,70,1600,13,0.2,240
2021-03-27T07:44:35,24.1,8.5,48,71,1700,13,0.4,114
2021-03-27T08:00:17,24.1,8.8,48,71,1700,13,0.6,101
2021-03-27T08:16:09,24.2,8.9,48,70,1700,13,0.3,117
2021-03-27T08:31:51,24.2,9.3,48,69,1600,11,0.5,247
2021-03-27T08:47:33,24.2,9.6,48,69,1600,11,0.3,231
2021-03-27T09:03:23,24.1,10.7,48,67,1600,11,0.5,223
2021-03-27T09:19:05,24.2,11.4,48,65,1700,12,0.7,200
2021-03-27T09:34:56,24.2,11.7,47,65,1700,11,1.6,225
2021-03-27T09:35:49,24.2,11.5,47,65,1700,11,0.6,237
2021-03-27T09:51:23,24.2,11.5,48,65,1600,11,0.4,180
2021-03-27T10:07:14,24.3,12.7,49,62,1600,11,1.5,266
2021-03-27T10:22:55,24.2,12.9,48,61,1500,10,1.5,145
2021-03-27T10:38:37,24.2,12.7,48,61,1600,10,0.3,220
2021-03-27T10:54:19,24.3,13.5,46,60,1500,10,0.4,189
2021-03-27T11:10:11,24.2,14.5,45,55,1400,10,1.6,290
2021-03-27T11:25:52,24.3,15.9,44,52,1400,10,0.7,322
2021-03-27T11:41:34,24.3,16.4,43,52,1300,9,1.1,222
2021-03-27T11:57:15,24.3,16.6,44,52,1300,9,1.5,267
2021-03-27T12:13:07,24.3,17.9,44,47,1200,8,0.3,237
2021-03-27T12:28:50,24.3,17.9,44,47,1200,8,0.9,216
2021-03-27T12:44:32,24.3,17.9,43,46,1200,7,0.9,136
2021-03-27T13:00:14,24.4,19.6,44,44,1200,7,1.3,266
2021-03-27T13:16:07,24.3,19.6,43,43,1100,6,1.4,104
2021-03-27T13:31:48,24.3,20.1,42,41,1100,7,1.0,187
2021-03-27T13:47:29,24.3,19.4,42,43,1000,6,0.6,252
2021-03-27T14:03:21,24.5,19.6,40,43,900,5,1.5,262
2021-03-27T14:19:02,24.4,19.9,41,42,1000,6,0.9,252
2021-03-27T14:34:47,24.5,19.6,39,41,900,5,0.2,150
2021-03-27T14:50:31,24.5,19.9,39,41,900,5,0.9,167
2021-03-27T15:06:25,24.5,20.4,40,40,900,5,1.5,268
2021-03-27T15:22:09,24.5,19.9,39,41,900,4,0.2,321
2021-03-27T15:37:54,24.5,20.1,39,40,900,4,0.4,294
2021-03-27T15:53:38,24.5,20.1,40,39,900,4,0.4,198
2021-03-27T16:09:32,24.5,20.3,40,39,900,4,1.0,172
2021-03-27T16:25:16,24.5,19.5,40,41,900,4,0.7,199
2021-03-27T16:40:59,24.5,19.4,40,41,900,4,1.4,242
2021-03-27T16:56:44,24.5,19.2,40,41,900,5,0.3,226
2021-03-27T17:12:37,24.5,19.1,39,41,900,4,0.6,162
2021-03-27T17:28:21,24.5,19.4,39,41,800,5,0.2,268
2021-03-27T17:44:06,24.4,18.3,39,42,900,5,0.9,253
2021-03-27T17:59:50,24.4,18.3,39,43,900,5,0.9,79
2021-03-27T18:15:44,24.5,17.9,40,45,1000,6,1.0,269
2021-03-27T18:31:29,24.5,16.9,41,49,1000,5,1.6,220
2021-03-27T18:47:13,24.4,16.1,42,53,1000,5,1.0,256
2021-03-27T19:03:06,24.3,15.7,43,53,1200,6,0.5,260
2021-03-27T19:18:51,24.3,14.8,43,55,1200,6,1.3,210
2021-03-27T19:34:35,24.3,14.6,43,56,1200,6,0.2,265
2021-03-27T19:50:19,24.2,14.5,43,57,1300,7,1.5,208
2021-03-27T20:06:13,24.3,14.1,44,59,1300,7,0.2,178
2021-03-27T20:21:57,24.3,14.0,45,59,1400,8,0.9,230
2021-03-27T20:37:40,24.3,13.8,44,61,1300,8,0.3,234
2021-03-27T20:53:24,24.3,13.7,45,61,1300,8,0.7,277
2021-03-27T21:09:18,24.2,13.4,46,63,1300,8,0.9,255
2021-03-27T21:25:02,24.2,13.2,46,63,1500,9,1.1,314
2021-03-27T21:40:52,24.3,12.2,47,66,1600,10,0.1,268
2021-03-27T21:56:42,24.2,12.1,48,66,1600,10,0.4,286
2021-03-27T22:12:37,24.2,11.7,48,68,1600,9,0.0,169
2021-03-27T22:28:21,24.1,10.9,48,70,1600,10,0.1,268
2021-03-27T22:44:06,24.1,11.1,49,71,1700,10,0.2,264
2021-03-27T22:59:50,24.1,10.1,50,73,1700,11,0.3,206
2021-03-27T23:15:44,24.2,9.9,50,73,1800,11,0.3,318
2021-03-27T23:31:29,24.2,10.0,50,73,1700,11,0.2,333
2021-03-27T23:47:14,24.2,9.7,50,74,1800,11,0.3,302
2021-03-28T00:03:07,24.2,9.0,51,76,1800,13,0.2,232
2021-03-28T00:18:52,24.2,8.7,51,76,1900,13,0.2,43
2021-03-28T00:34:37,24.2,7.9,51,78,1900,13,0.5,324
2021-03-28T00:50:21,24.2,7.9,50,79,1800,12,0.3,328
2021-03-28T01:06:15,24.1,7.3,51,81,1900,14,0.4,334
2021-03-28T01:21:59,24.2,7.0,51,83,2000,13,0.2,41
2021-03-28T01:37:44,24.1,7.0,50,82,1900,13,0.4,25
2021-03-28T01:53:29,24.0,7.0,50,82,1800,13,0.5,8
2021-03-28T03:09:22,24.0,6.6,50,82,1900,14,0.7,104
2021-03-28T03:25:07,24.0,6.8,51,83,1900,13,0.4,176
2021-03-28T03:40:51,24.0,6.9,50,82,1800,13,0.0,1
2021-03-28T03:56:35,23.8,5.9,51,83,1900,13,0.3,0
2021-03-28T04:12:30,23.9,5.8,52,84,2100,15,0.2,268
2021-03-28T04:28:14,24.0,6.2,52,84,2100,15,0.7,325
2021-03-28T04:43:59,24.1,6.2,52,85,2200,15,0.5,332
2021-03-28T04:59:43,24.1,6.4,51,84,2200,15,1.1,268
2021-03-28T05:15:38,24.1,5.8,51,82,2100,15,0.2,321
2021-03-28T05:31:22,24.1,5.1,52,84,2200,15,0.4,163
2021-03-28T05:47:07,24.0,4.5,52,85,2100,15,0.5,342
2021-03-28T06:03:02,24.0,4.5,51,85,2200,16,0.2,228
2021-03-28T06:18:46,24.0,4.4,50,86,2100,16,0.4,101
2021-03-28T06:34:31,24.0,4.6,51,86,2100,18,0.4,2
2021-03-28T06:50:15,24.0,4.3,51,86,2100,17,0.2,296
2021-03-28T07:06:10,24.0,4.2,52,86,2200,18,0.2,313
2021-03-28T07:21:54,24.1,4.1,51,86,2300,17,0.3,8
2021-03-28T07:37:38,24.1,4.2,51,87,2300,17,0.4,303
2021-03-28T07:53:23,24.1,4.2,51,87,2300,17,0.4,314
2021-03-28T08:09:18,24.1,4.3,52,87,2300,17,0.6,64
2021-03-28T08:25:02,24.1,4.8,51,87,2300,15,0.9,285
2021-03-28T08:40:47,24.1,5.4,52,86,2200,15,0.3,322
2021-03-28T08:56:32,24.1,5.6,52,86,2200,15,0.1,12
2021-03-28T09:12:27,24.1,7.7,52,82,2100,14,1.1,114
2021-03-28T09:28:11,24.1,8.9,52,78,2100,14,0.2,268
2021-03-28T09:43:55,24.1,10.0,53,74,2100,14,0.2,307
2021-03-28T09:59:40,24.1,11.1,53,70,2100,14,0.5,197
2021-03-28T10:15:34,24.1,11.4,54,70,2100,15,0.4,289
2021-03-28T10:31:18,24.1,13.1,53,65,2000,14,0.8,195
2021-03-28T10:47:03,24.1,13.5,52,65,1900,13,0.3,157
2021-03-28T11:02:57,24.2,15.0,51,60,1700,13,0.2,116
2021-03-28T11:18:41,24.2,15.8,51,56,1700,12,0.5,234
2021-03-28T11:34:26,24.3,16.5,49,53,1600,11,0.3,116
2021-03-28T11:50:10,24.3,16.9,47,52,1400,10,0.9,323
2021-03-28T12:06:05,24.2,17.6,47,51,1300,10,0.4,251
2021-03-28T12:21:50,24.3,18.7,46,49,1300,9,0.9,306
2021-03-28T12:37:34,24.3,19.5,45,45,1200,8,0.5,200
2021-03-28T12:53:19,24.3,20.3,44,42,1100,8,1.2,236
2021-03-28T13:09:12,24.3,20.1,43,41,1100,7,0.5,128
2021-03-28T13:24:57,24.3,21.3,43,38,1100,7,0.2,266
2021-03-28T13:40:41,24.4,21.1,43,39,1000,7,0.8,106
2021-03-28T13:56:26,24.5,22.1,42,37,1100,6,1.4,171
2021-03-28T14:12:20,24.5,21.5,39,35,900,6,0.6,109
2021-03-28T14:28:04,24.3,21.9,40,34,900,6,0.8,118
2021-03-28T14:43:49,24.5,22.8,38,33,800,5,0.1,90
2021-03-28T14:59:33,24.4,22.4,38,35,800,5,0.9,253
2021-03-28T15:15:27,24.5,23.2,38,33,800,5,2.4,223
2021-03-28T15:31:12,24.6,23.4,37,33,700,4,0.2,32
2021-03-28T15:46:56,24.8,23.6,37,34,700,4,1.5,209
2021-03-28T16:02:51,24.8,23.7,37,34,700,4,1.4,193
2021-03-28T16:18:35,24.8,23.8,38,34,700,3,0.5,103
2021-03-28T16:34:19,24.8,24.4,38,33,600,3,0.0,13
2021-03-28T16:50:03,24.8,24.2,38,34,700,3,0.8,227
2021-03-28T17:06:02,24.9,24.6,36,33,600,3,0.6,197
2021-03-28T17:21:53,24.9,24.3,37,33,600,3,1.1,246
2021-03-28T17:37:37,24.9,23.5,37,35,600,3,0.6,203
2021-03-28T17:53:21,25.0,23.7,36,35,600,3,1.0,239
2021-03-28T18:09:15,25.0,23.4,37,37,500,2,0.7,269
2021-03-28T18:24:59,25.0,23.2,37,37,500,2,0.5,158
2021-03-28T18:40:44,25.0,22.9,37,37,500,3,0.6,191
2021-03-28T18:56:28,25.0,22.6,38,38,600,3,1.2,226
2021-03-28T19:12:21,25.0,22.0,37,39,500,3,0.8,130
2021-03-28T19:28:06,24.9,21.6,39,39,600,3,0.5,207
2021-03-28T19:43:51,24.5,19.8,40,44,700,4,0.2,301
2021-03-28T19:59:35,24.5,18.8,41,46,800,4,0.7,115
2021-03-28T20:15:29,24.4,17.6,42,49,900,5,0.7,212
2021-03-28T20:31:13,24.4,16.4,43,52,1000,6,0.7,259
2021-03-28T20:46:58,24.4,16.1,42,52,1100,6,1.0,230
2021-03-28T21:02:51,24.4,15.2,42,55,1100,6,0.9,117
2021-03-28T21:18:36,24.3,14.5,43,56,1100,6,1.0,139
2021-03-28T21:34:20,24.3,14.0,43,57,1200,7,1.0,123
2021-03-28T21:50:04,24.3,13.6,44,58,1200,8,0.8,96
2021-03-28T22:05:58,24.2,13.1,45,59,1400,8,0.6,80
2021-03-28T22:21:43,24.2,12.8,45,59,1500,9,0.4,166
2021-03-28T22:37:27,24.2,12.3,46,61,1500,9,0.4,112
2021-03-28T22:53:11,24.3,11.9,46,63,1500,9,1.0,108
2021-03-28T23:09:05,24.2,11.8,46,63,1500,9,0.8,134
2021-03-28T23:24:50,24.2,11.5,46,64,1600,10,0.4,68
2021-03-28T23:40:34,24.2,11.2,47,65,1700,11,0.2,301
2021-03-28T23:56:19,24.2,10.4,48,68,1700,11,0.2,204
2021-03-29T00:12:14,24.2,10.0,48,69,1700,11,0.4,180
2021-03-29T00:27:58,24.2,10.1,49,67,1800,12,0.5,71
2021-03-29T00:43:43,24.2,9.8,47,68,1700,11,0.2,182
2021-03-29T00:59:27,24.1,9.4,47,69,1600,11,0.4,338
2021-03-29T01:15:20,24.1,9.0,49,71,1700,13,0.7,322
2021-03-29T01:31:05,24.2,8.7,48,72,1800,12,0.4,313
2021-03-29T01:46:49,24.2,8.1,50,73,1800,13,0.4,147
2021-03-29T02:02:43,24.2,7.5,50,76,1900,14,0.2,310
2021-03-29T02:18:27,24.2,6.6,50,78,2000,14,0.1,41
2021-03-29T02:34:11,24.2,7.0,50,78,2000,13,0.2,303
2021-03-29T02:49:56,24.2,7.4,51,77,1900,13,0.3,319
2021-03-29T03:05:49,24.1,7.2,50,77,1800,13,0.2,290
2021-03-29T03:21:34,24.1,6.1,50,78,1800,14,0.1,196
2021-03-29T03:37:18,24.2,5.7,51,79,2000,15,0.4,220
2021-03-29T03:53:03,24.2,6.1,52,80,2100,15,0.2,307
2021-03-29T04:08:56,24.2,6.2,51,79,2100,15,0.0,11
2021-03-29T04:24:40,24.2,6.4,51,78,2100,14,0.9,103
2021-03-29T04:40:25,24.2,5.8,49,80,2000,14,0.7,319
2021-03-29T04:56:10,24.0,5.5,50,81,1900,14,0.9,323
2021-03-29T05:12:04,24.0,5.3,51,83,1900,15,0.2,266
2021-03-29T05:27:49,24.0,5.6,51,82,2000,15,0.1,179
2021-03-29T05:43:32,24.0,6.1,51,81,2000,16,0.4,33
2021-03-29T05:59:17,24.0,5.9,52,81,2000,17,1.0,310
2021-03-29T06:15:11,24.0,6.2,51,80,2000,17,0.1,89
2021-03-29T06:30:55,24.0,5.8,52,81,2000,17,0.5,58
2021-03-29T06:46:40,24.0,6.4,52,80,2000,16,1.0,37
2021-03-29T07:02:41,24.0,5.6,53,79,2100,17,0.2,316
2021-03-29T07:18:25,24.0,4.8,53,81,2300,18,0.4,311
2021-03-29T07:34:10,24.1,4.1,52,83,2400,17,0.4,316
2021-03-29T07:49:54,24.1,4.0,53,83,2400,17,0.2,40
2021-03-29T08:05:48,24.1,4.2,53,84,2400,17,0.4,323
2021-03-29T08:12:10,24.1,3.9,53,84,2300,17,0.4,332
2021-03-29T08:27:49,24.0,4.4,52,84,2200,17,0.4,289
2021-03-29T08:43:34,24.0,4.7,52,84,2100,16,0.4,197
2021-03-29T08:59:19,24.0,5.2,51,83,1900,15,0.2,145
2021-03-29T09:15:12,24.0,7.3,51,79,1700,15,0.2,134
2021-03-29T09:30:57,24.1,8.6,50,77,1700,15,0.2,130
2021-03-29T09:45:47,24.1,10.9,50,67,1600,13,0.7,210
2021-03-29T10:01:31,24.1,11.7,50,66,1600,13,0.4,210
2021-03-29T10:17:07,24.0,13.0,45,63,1100,11,1.0,205
2021-03-29T10:32:49,23.7,13.6,47,62,900,10,1.8,138
2021-03-29T10:48:23,23.9,14.9,47,58,1300,12,1.1,108
2021-03-29T10:54:21,23.9,15.3,47,59,1300,11,0.3,156
2021-03-29T11:32:43,23.9,18.7,40,47,800,7,1.4,196
2021-03-29T12:51:27,24.1,21.7,39,38,900,6,1.5,174
2021-03-29T13:07:14,24.2,21.6,39,36,900,5,1.3,171
2021-03-29T13:22:58,24.3,22.8,37,33,800,4,0.4,199
2021-03-29T13:38:42,24.3,23.1,36,33,700,4,1.3,162
2021-03-29T13:54:27,24.5,23.9,36,32,700,4,0.5,201
2021-03-29T14:10:22,24.8,23.8,34,33,500,3,0.9,139
2021-03-29T14:26:07,24.8,24.4,34,29,500,3,0.2,42
2021-03-29T14:41:52,24.8,24.6,32,28,500,2,0.9,255
2021-03-29T14:57:38,24.9,24.3,34,29,500,2,0.5,234
2021-03-29T15:13:33,24.9,24.8,33,29,500,2,0.5,267
2021-03-29T15:29:18,25.1,24.6,31,27,500,2,0.7,200
2021-03-29T15:45:02,25.2,25.5,30,27,500,2,1.4,197
2021-03-29T16:00:58,25.3,25.2,30,27,500,2,0.4,39
2021-03-29T16:16:42,25.3,25.9,30,26,500,2,1.2,189
2021-03-29T16:32:28,25.4,25.5,30,26,500,3,0.7,246
2021-03-29T16:48:13,25.4,25.3,30,25,500,2,1.3,194
2021-03-29T17:04:09,25.4,25.2,30,26,500,2,1.2,164
2021-03-29T17:19:54,25.4,24.8,30,27,500,2,1.2,220
2021-03-29T17:35:38,25.4,24.8,30,28,500,2,0.9,220
2021-03-29T17:51:22,25.4,24.1,30,29,500,2,0.4,178
2021-03-29T18:07:18,25.4,23.4,31,30,500,2,1.8,136
2021-03-29T18:23:02,25.3,23.3,31,31,500,2,1.0,256
2021-03-29T18:38:48,25.3,22.9,31,31,400,2,2.4,207
2021-03-29T18:54:34,25.2,22.3,32,32,500,2,3.7,232
2021-03-29T19:10:30,25.0,21.3,34,35,500,2,1.6,198
2021-03-29T19:26:15,24.6,20.8,34,35,600,3,0.7,227
2021-03-29T19:42:00,24.5,19.8,36,38,600,3,1.4,146
2021-03-29T19:57:45,24.3,19.1,36,38,700,4,1.0,163
2021-03-29T20:13:39,24.2,17.8,38,42,800,6,1.3,218
2021-03-29T20:29:24,24.2,17.2,37,43,900,6,0.2,37
2021-03-29T20:45:10,24.2,16.2,38,47,900,7,1.8,223
2021-03-29T21:01:05,24.3,15.6,38,50,900,7,1.1,202
2021-03-29T21:16:56,24.2,15.3,38,50,900,7,2.2,116
2021-03-29T21:32:41,24.2,14.3,40,54,1000,7,0.7,331
2021-03-29T21:48:26,24.3,14.6,40,51,1100,8,0.0,8
2021-03-29T22:04:21,24.2,13.0,41,58,1200,9,0.3,298
2021-03-29T22:20:06,24.2,13.2,40,56,1200,8,0.9,116
2021-03-29T22:35:52,24.2,13.2,41,56,1200,9,0.1,268
2021-03-29T22:51:37,24.2,13.0,41,58,1200,9,0.8,236
2021-03-29T23:07:32,24.2,13.0,40,59,1100,8,0.9,90
2021-03-29T23:23:17,24.2,12.4,41,61,1200,8,1.4,90
2021-03-29T23:39:02,24.1,12.2,42,61,1200,9,0.7,121
2021-03-29T23:54:48,24.1,11.9,42,63,1200,10,0.6,315
2021-03-30T00:10:43,24.0,11.9,41,61,1100,9,0.2,238
2021-03-30T00:26:28,24.0,11.5,42,63,1200,10,0.5,291
2021-03-30T00:42:13,24.0,11.3,41,64,1300,10,0.2,178
2021-03-30T00:57:59,24.0,11.5,42,63,1200,10,0.2,90
2021-03-30T01:13:55,24.0,11.3,43,64,1300,11,0.7,142
2021-03-30T01:29:40,24.0,10.5,43,67,1200,10,1.0,63
2021-03-30T01:45:25,24.0,10.1,44,69,1300,11,0.3,199
2021-03-30T02:01:20,24.1,9.4,44,71,1400,11,0.4,323
2021-03-30T02:17:06,24.1,9.2,44,71,1400,11,1.5,26
2021-03-30T02:32:52,24.1,8.3,44,74,1500,12,0.2,86
2021-03-30T02:48:37,24.2,8.3,44,73,1500,13,0.6,343
2021-03-30T03:04:32,24.2,8.5,45,73,1500,12,1.1,48
2021-03-30T03:20:17,24.2,9.0,45,72,1400,13,1.5,117
2021-03-30T03:36:02,24.2,8.7,45,73,1400,13,1.4,113
2021-03-30T03:51:54,24.1,7.9,45,75,1500,13,1.8,94
2021-03-30T04:07:48,24.0,7.7,45,76,1500,14,0.8,80
2021-03-30T04:23:33,24.0,7.9,44,75,1500,13,0.9,140
2021-03-30T04:39:19,24.1,7.8,45,74,1600,14,0.3,267
2021-03-30T04:55:04,24.1,7.6,46,75,1600,13,0.4,76
2021-03-30T05:11:00,24.1,6.7,46,77,1700,13,0.7,15
2021-03-30T05:26:44,24.0,6.7,45,77,1500,15,0.6,325
2021-03-30T05:42:29,24.0,6.9,46,77,1500,15,0.9,303
2021-03-30T05:58:15,24.0,7.8,45,74,1500,14,1.4,113
2021-03-30T06:14:10,23.9,7.9,45,73,1400,14,0.2,241
2021-03-30T06:29:55,23.8,6.4,47,76,1500,14,0.5,124
2021-03-30T06:45:41,23.9,6.1,47,79,1600,15,0.3,2
2021-03-30T07:01:35,23.9,6.5,46,77,1600,14,0.9,65
2021-03-30T07:17:20,23.8,6.7,46,77,1500,15,0.3,134
2021-03-30T07:33:05,23.9,7.6,46,74,1500,15,0.8,107
2021-03-30T07:48:51,23.9,6.7,46,74,1700,15,0.7,98
2021-03-30T08:04:45,23.9,5.3,45,80,1700,15,0.2,319
2021-03-30T08:20:24,23.9,5.7,48,80,1600,15,0.7,319
2021-03-30T08:36:01,23.9,7.1,49,76,1700,16,0.3,268
2021-03-30T08:51:46,23.9,7.6,40,75,1600,11,0.1,254
2021-03-30T09:07:36,22.5,9.5,41,70,800,5,0.2,179
2021-03-30T09:23:10,21.9,9.6,43,71,900,4,0.3,187
2021-03-30T09:38:44,21.9,11.1,43,65,900,4,1.4,84
2021-03-30T09:54:18,22.0,12.4,43,62,900,4,0.0,185
2021-03-30T10:10:02,22.3,13.2,46,60,1000,6,0.6,245
2021-03-30T10:25:37,23.6,15.8,48,52,1300,9,0.3,229
2021-03-30T10:41:21,23.9,16.0,46,53,1300,8,0.4,41
2021-03-30T10:56:57,24.1,17.5,44,50,1100,8,1.0,96
2021-03-30T11:12:45,23.8,17.9,44,49,1100,7,0.2,236
2021-03-30T11:28:19,23.9,19.0,43,46,1100,9,0.3,299
2021-03-30T11:43:57,24.1,19.7,45,44,1100,7,0.3,220
2021-03-30T11:59:31,24.3,20.6,43,42,1100,6,0.8,89
2021-03-30T12:15:16,24.0,21.4,36,39,700,3,1.0,157
2021-03-30T12:30:56,23.7,22.9,34,32,600,3,0.2,199
2021-03-30T12:46:30,24.2,23.5,34,26,800,4,0.1,15
2021-03-30T13:02:13,24.3,24.0,33,25,700,3,0.3,113
2021-03-30T13:17:47,24.3,24.0,32,26,700,3,1.7,219
2021-03-30T13:33:22,24.4,24.9,32,24,800,3,0.2,169
2021-03-30T13:49:07,24.6,24.6,30,25,600,3,0.4,250
2021-03-30T14:05:02,24.7,24.9,30,24,500,2,0.2,195
2021-03-30T14:20:47,24.7,24.9,29,24,500,2,0.6,282
2021-03-30T14:36:32,24.8,25.2,29,24,500,2,0.3,205
2021-03-30T14:52:17,24.9,26.3,29,23,500,2,1.8,171
2021-03-30T15:08:12,24.9,25.7,29,23,500,2,0.1,173
2021-03-30T15:23:57,24.9,25.7,30,24,500,1,0.5,150
2021-03-30T15:39:49,24.9,25.8,30,24,500,2,0.3,204
2021-03-30T15:55:33,25.1,26.9,30,24,500,2,1.1,213
2021-03-30T16:11:28,25.1,25.9,29,25,500,2,0.2,153
2021-03-30T16:27:13,25.3,26.5,30,23,500,2,0.9,214
2021-03-30T16:42:58,25.3,26.8,29,23,500,2,0.4,151
2021-03-30T16:58:42,25.4,26.8,28,23,500,2,0.4,220
2021-03-30T17:14:38,25.4,26.0,29,25,500,2,0.9,222
2021-03-30T17:30:22,25.4,26.1,29,25,500,2,0.5,300
2021-03-30T17:46:07,25.5,25.1,30,26,500,2,1.1,193
2021-03-30T18:02:02,25.5,24.1,30,28,500,2,0.5,75
2021-03-30T18:17:47,25.5,23.9,31,28,500,2,1.4,123
2021-03-30T18:33:32,25.3,23.0,30,29,500,2,0.5,100
2021-03-30T18:49:17,25.0,22.5,30,29,500,2,1.2,248
2021-03-30T19:05:12,25.0,21.8,31,31,500,2,1.4,188
2021-03-30T19:20:57,25.0,21.6,30,32,500,2,0.2,298
2021-03-30T19:36:42,24.7,20.8,33,34,600,2,0.5,195
2021-03-30T19:52:27,24.5,20.2,34,34,600,3,0.9,209
2021-03-30T20:08:23,24.3,19.1,34,37,700,3,0.5,90
2021-03-30T20:24:07,24.2,17.9,36,39,800,4,0.7,125
2021-03-30T20:39:52,24.2,17.6,36,40,800,5,1.6,137
2021-03-30T20:55:37,24.2,15.9,37,44,900,6,0.5,271
2021-03-30T21:11:33,24.2,15.8,37,44,1000,6,1.0,117
2021-03-30T21:27:18,24.3,15.2,37,46,1000,7,2.1,97
2021-03-30T21:43:02,24.3,14.8,38,47,1100,7,0.6,51
2021-03-30T21:58:47,24.3,14.5,39,50,1100,7,2.2,117
2021-03-30T22:14:43,24.3,14.2,39,52,1100,7,1.7,84
2021-03-30T22:30:28,24.3,13.5,39,54,1100,7,1.9,108
2021-03-30T22:46:14,24.3,13.4,39,55,1100,7,0.6,130
2021-03-30T23:02:08,24.3,13.0,38,53,1100,7,0.4,44
2021-03-30T23:17:53,24.2,13.0,39,51,1100,8,0.4,129
2021-03-30T23:33:39,24.2,12.7,40,51,1200,9,0.2,180
2021-03-30T23:49:25,24.2,11.6,41,58,1300,10,0.2,12
2021-03-31T00:05:19,24.2,10.5,41,65,1400,10,0.5,91
2021-03-31T00:21:04,24.1,9.7,42,65,1400,11,0.2,267
2021-03-31T00:36:50,24.1,9.8,42,66,1400,11,0.3,210
2021-03-31T00:52:36,24.1,9.8,42,64,1300,11,0.2,203
2021-03-31T01:08:31,24.1,9.4,43,66,1400,11,0.3,296
2021-03-31T01:24:16,24.1,9.3,42,66,1400,12,0.2,218
2021-03-31T01:40:01,24.0,9.2,43,68,1400,13,0.5,163
2021-03-31T01:55:47,24.0,9.1,43,68,1400,12,0.2,228
2021-03-31T02:11:41,24.0,8.6,43,70,1400,12,0.2,28
2021-03-31T02:27:27,24.0,7.9,43,72,1400,13,0.2,308
2021-03-31T02:43:12,24.0,8.1,43,71,1500,13,0.3,247
2021-03-31T02:58:57,23.8,8.6,42,67,1300,11,0.5,216
2021-03-31T03:14:52,23.8,8.0,43,69,1300,12,0.3,40
2021-03-31T03:30:37,23.9,8.7,44,66,1400,12,0.4,158
2021-03-31T03:46:22,24.0,6.9,45,74,1700,13,0.6,173
2021-03-31T04:02:17,24.1,6.6,45,75,1700,13,0.5,16
2021-03-31T04:18:02,24.1,7.1,45,74,1700,14,0.2,134
2021-03-31T04:33:47,24.1,6.7,45,74,1700,14,0.4,331
2021-03-31T04:49:32,24.1,6.4,45,76,1700,14,0.3,47
2021-03-31T05:05:27,24.1,5.2,46,79,1900,15,0.9,37
2021-03-31T05:21:12,24.0,5.1,46,78,1900,15,0.3,35
2021-03-31T05:36:58,24.1,5.3,44,77,1800,15,0.2,28
2021-03-31T05:52:49,24.1,5.3,47,77,2000,17,0.2,0
2021-03-31T06:08:44,24.1,5.4,47,77,2000,17,0.4,238
2021-03-31T06:24:29,24.1,5.3,47,77,1900,15,0.3,267
2021-03-31T06:40:15,24.1,5.8,46,76,1900,16,0.4,318
2021-03-31T06:56:00,24.1,5.3,46,77,1900,15,0.4,331
2021-03-31T07:11:55,24.1,4.7,45,79,1800,15,0.3,335
2021-03-31T07:27:40,24.0,4.6,45,80,1700,15,0.4,0
2021-03-31T07:43:25,24.0,4.6,44,79,1600,15,0.1,0
2021-03-31T07:59:11,24.0,4.9,44,78,1500,14,0.3,90
2021-03-31T08:15:05,23.8,5.1,45,78,1600,15,0.0,268
2021-03-31T08:30:44,23.9,5.2,47,79,1800,16,0.2,306
2021-03-31T08:46:30,24.0,5.7,47,78,1800,16,0.1,266
2021-03-31T09:02:25,24.1,7.0,46,75,1700,15,0.6,67
2021-03-31T09:19:17,24.1,8.9,48,71,1700,13,0.2,76
2021-03-31T09:34:51,24.1,9.9,50,67,1800,14,0.2,232
2021-03-31T09:50:24,24.1,11.8,49,59,1600,13,0.4,210
2021-03-31T10:06:10,24.1,12.5,47,57,1500,13,0.4,224
2021-03-31T10:21:49,24.1,13.6,46,53,1500,12,0.4,218
2021-03-31T10:37:25,23.5,14.0,38,53,800,6,0.0,43
2021-03-31T10:53:06,23.2,16.0,38,47,700,5,0.4,253
2021-03-31T11:08:56,22.9,16.3,36,45,800,4,0.1,91
2021-03-31T11:24:37,22.8,17.8,36,41,700,3,0.6,215
2021-03-31T11:40:17,22.9,18.9,34,35,800,3,0.3,195
2021-03-31T11:55:58,22.9,19.8,34,33,700,3,0.2,139
2021-03-31T12:11:45,23.1,20.0,32,32,700,3,0.7,188
2021-03-31T12:27:19,23.8,19.8,35,33,900,6,0.7,85
2021-03-31T12:42:53,24.0,20.7,34,30,900,5,0.6,165
2021-03-31T12:58:27,24.1,20.6,33,29,900,5,0.5,191
2021-03-31T13:14:13,24.3,21.7,32,27,900,5,1.2,205
2021-03-31T13:29:55,24.3,22.2,33,26,900,5,1.0,231
2021-03-31T13:45:37,24.3,22.7,32,24,800,5,0.4,161
2021-03-31T14:01:30,24.3,23.5,30,21,800,4,0.4,191
2021-03-31T14:17:13,24.4,24.2,28,21,700,3,0.4,284
2021-03-31T14:32:55,24.5,24.1,27,19,700,3,0.6,58
2021-03-31T14:48:38,24.5,23.7,26,21,600,3,0.9,179
2021-03-31T15:04:29,24.8,24.1,24,16,600,2,0.8,189
2021-03-31T15:20:17,24.8,24.4,26,20,500,2,0.3,199
2021-03-31T15:36:00,24.9,25.3,27,21,500,2,0.9,186
2021-03-31T15:51:42,25.0,24.2,27,23,500,2,1.4,229
2021-03-31T16:07:35,25.1,25.9,26,21,500,2,0.7,111
2021-03-31T16:23:17,25.1,26.2,26,21,500,2,0.5,120
2021-03-31T16:39:00,25.2,26.4,26,21,500,2,0.4,192
2021-03-31T16:54:42,25.2,26.6,26,20,500,2,0.9,171
2021-03-31T17:10:34,25.4,27.1,26,20,500,2,0.7,240
2021-03-31T17:26:17,25.4,25.6,28,23,500,2,0.6,137
2021-03-31T17:42:00,25.4,25.1,27,23,500,2,1.4,195
2021-03-31T17:57:42,25.5,24.7,27,22,500,2,1.2,233
2021-03-31T18:13:35,25.5,24.4,26,23,500,2,1.6,201
2021-03-31T18:29:17,25.4,23.6,26,23,500,2,1.7,130
2021-03-31T18:45:00,25.3,23.2,28,25,500,2,1.2,167
2021-03-31T19:00:52,25.0,22.3,26,26,500,2,0.4,167
2021-03-31T19:16:35,25.0,21.0,26,27,500,1,0.7,132
2021-03-31T19:32:23,24.6,20.8,28,26,600,2,0.9,44
2021-03-31T19:48:06,24.5,19.5,30,29,700,3,2.5,122
2021-03-31T20:03:57,24.3,18.7,31,30,700,4,0.5,248
2021-03-31T20:19:40,24.2,17.1,33,35,900,5,0.2,215
2021-03-31T20:35:28,24.2,16.5,33,35,900,6,1.5,102
2021-03-31T20:51:11,24.2,15.5,34,38,1000,6,2.8,115
2021-03-31T21:07:03,24.2,15.1,35,42,1000,6,0.5,105
2021-03-31T21:22:46,24.2,14.1,35,46,1000,7,2.0,90
2021-03-31T21:38:28,24.2,13.1,36,51,1100,7,1.0,96
2021-03-31T21:54:11,24.2,12.6,37,52,1100,7,0.9,97
2021-03-31T22:10:03,24.2,12.1,38,53,1300,8,1.3,133
2021-03-31T22:25:45,24.2,12.0,39,54,1300,9,0.8,104
2021-03-31T22:41:27,24.3,11.9,38,52,1200,8,1.1,101
2021-03-31T22:57:10,24.2,11.8,39,52,1300,9,0.9,123
2021-03-31T23:13:01,24.2,11.0,40,56,1400,10,0.1,268
2021-03-31T23:28:44,24.2,10.6,40,58,1400,11,0.4,121
2021-03-31T23:44:26,24.2,10.4,39,59,1400,10,0.9,187
2021-04-01T00:00:08,24.2,9.8,40,61,1400,10,0.1,178
2021-04-01T00:16:00,24.2,9.4,41,62,1400,11,0.4,163
2021-04-01T00:31:42,24.2,9.3,40,61,1300,10,0.8,73
2021-04-01T00:47:25,24.1,9.2,41,62,1300,11,0.1,179
2021-04-01T01:03:18,24.1,8.5,40,64,1400,11,0.9,90
2021-04-01T01:19:01,24.1,8.4,40,63,1400,11,0.3,154
2021-04-01T01:34:44,24.1,8.0,40,64,1500,12,0.0,144
2021-04-01T01:50:26,23.8,7.7,41,65,1400,11,0.2,28
2021-04-01T02:06:18,23.8,7.0,41,67,1400,11,0.2,52
2021-04-01T02:22:01,23.7,6.7,41,68,1500,11,0.3,51
2021-04-01T02:37:44,23.8,6.7,43,67,1600,12,1.0,318
2021-04-01T02:53:26,24.0,6.0,43,68,1700,13,0.6,188
2021-04-01T03:09:19,24.0,6.8,43,67,1700,13,1.6,205
2021-04-01T03:25:02,24.1,7.6,42,63,1700,13,0.4,292
2021-04-01T03:40:45,24.1,7.5,40,63,1600,13,1.1,153
2021-04-01T03:56:28,24.0,7.2,41,64,1400,13,1.5,97
2021-04-01T04:12:21,24.0,7.0,41,65,1500,13,0.7,70
2021-04-01T04:28:10,24.0,6.2,41,69,1700,13,0.4,221
2021-04-01T04:43:53,24.1,6.3,41,69,1700,13,0.2,325
2021-04-01T04:59:36,24.1,5.9,41,70,1600,13,0.4,318
2021-04-01T05:15:28,24.0,5.2,43,72,1600,14,0.1,179
2021-04-01T05:31:11,24.0,4.8,43,73,1600,14,0.3,295
2021-04-01T05:46:54,24.0,4.3,42,74,1700,14,0.4,1
2021-04-01T06:02:46,24.0,4.2,42,75,1600,14,0.9,317
2021-04-01T06:18:29,23.9,3.5,42,78,1700,15,0.4,335
2021-04-01T06:34:11,23.9,3.4,42,77,1600,14,0.1,265
2021-04-01T06:50:00,23.9,3.0,43,80,1700,14,0.6,4
2021-04-01T07:05:58,23.9,3.3,43,79,1700,14,0.3,294
2021-04-01T07:21:40,23.9,3.8,43,79,1700,15,0.3,315
2021-04-01T07:37:23,23.9,5.8,43,72,1700,14,0.7,98
2021-04-01T07:53:06,23.9,4.7,43,72,1700,15,0.3,50
2021-04-01T08:08:58,23.9,4.3,44,78,1800,16,0.2,134
2021-04-01T08:15:56,23.9,4.1,43,77,1800,16,0.3,292
2021-04-01T08:31:34,23.9,4.3,44,77,1700,14,0.3,323
2021-04-01T08:47:20,23.9,4.8,44,77,1700,13,0.1,2
2021-04-01T09:03:16,23.9,5.2,46,77,1700,13,0.5,20
2021-04-01T09:19:03,24.0,7.5,46,72,1700,13,0.1,62
2021-04-01T09:34:48,24.0,8.9,44,67,1400,11,0.3,34
2021-04-01T09:50:25,23.9,11.3,49,60,1600,12,0.4,172
2021-04-01T10:06:21,24.0,12.6,47,59,1700,12,1.1,52
2021-04-01T10:22:07,24.1,13.9,46,57,1600,11,0.4,205
2021-04-01T10:37:55,24.1,14.8,46,50,1500,12,0.7,190
2021-04-01T10:53:31,24.1,15.0,43,50,1300,11,0.2,117
2021-04-01T11:09:27,24.1,16.1,42,48,1200,9,0.9,133
2021-04-01T11:25:12,24.0,17.2,40,46,1100,7,0.5,46
2021-04-01T11:40:57,24.0,17.6,39,45,1000,7,0.9,100
2021-04-01T11:56:43,24.0,18.5,38,44,1000,6,1.1,157
2021-04-01T12:12:37,24.0,20.2,37,34,900,6,0.7,225
2021-04-01T12:28:23,24.2,20.3,36,34,1000,6,2.2,99
2021-04-01T12:44:08,24.3,21.6,34,30,900,7,0.4,203
2021-04-01T12:59:54,24.3,21.7,33,28,800,5,0.3,294
2021-04-01T13:15:50,24.4,22.3,31,23,800,5,0.8,163
2021-04-01T13:31:35,24.4,22.7,31,23,800,4,0.8,144
2021-04-01T13:47:22,24.4,23.2,30,23,700,3,0.9,252
2021-04-01T14:03:17,24.5,23.8,28,20,700,4,0.4,273
2021-04-01T14:19:02,24.8,24.6,26,21,600,3,1.8,117
2021-04-01T14:34:48,24.8,25.4,26,20,500,2,0.8,166
2021-04-01T14:50:33,25.0,25.5,26,20,500,2,0.6,166
2021-04-01T15:06:27,25.1,26.3,24,18,500,2,0.7,78
2021-04-01T15:22:14,25.1,26.5,25,18,500,2,0.6,159
2021-04-01T15:37:59,25.1,26.5,24,18,500,2,0.3,202
2021-04-01T15:53:44,25.4,26.7,25,19,500,2,1.2,207
2021-04-01T16:09:39,25.4,26.8,25,19,500,2,0.4,233
2021-04-01T16:25:24,25.7,27.3,25,19,400,2,1.4,166
2021-04-01T16:41:09,26.0,27.3,26,19,600,3,0.6,146
2021-04-01T16:56:55,26.1,27.2,26,20,600,3,0.9,172
2021-04-01T17:12:50,26.2,27.6,28,20,600,3,1.1,269
2021-04-01T17:28:35,26.2,26.2,30,21,600,3,0.5,242
2021-04-01T17:44:21,26.2,26.0,31,22,600,3,1.0,218
2021-04-01T18:00:06,26.2,26.1,31,23,600,3,0.9,281
2021-04-01T18:16:01,25.7,24.2,29,21,600,3,1.7,252
2021-04-01T18:31:47,25.3,23.2,25,23,500,2,1.2,245
2021-04-01T18:47:32,25.0,22.3,27,25,500,2,0.9,190
2021-04-01T19:03:28,24.9,21.7,28,26,500,2,1.2,172
2021-04-01T19:19:13,24.9,21.3,27,26,500,2,0.5,255
2021-04-01T19:34:58,24.7,20.9,27,26,500,2,0.4,244
2021-04-01T19:50:44,24.5,20.2,29,28,600,3,0.3,213
2021-04-01T20:06:38,24.4,19.6,31,30,700,3,0.4,153
2021-04-01T20:22:29,24.4,18.6,33,35,800,4,0.3,184
2021-04-01T20:38:14,24.2,18.0,34,35,800,4,0.8,81
2021-04-01T20:53:59,24.2,16.8,34,37,900,5,0.7,68
2021-04-01T21:09:54,24.3,16.7,34,37,1000,6,1.0,139
2021-04-01T21:25:40,24.4,15.9,35,39,1100,6,0.9,117
2021-04-01T21:41:25,24.4,15.5,35,41,1000,7,1.5,101
2021-04-01T21:57:11,24.3,15.3,36,41,1000,7,1.4,126
2021-04-01T22:13:06,24.3,14.8,35,43,1000,7,0.8,131
2021-04-01T22:28:51,24.3,14.6,35,43,1000,7,0.4,74
2021-04-01T22:44:36,24.2,14.8,35,40,1100,7,0.1,0
2021-04-01T23:00:21,24.2,14.9,35,40,1100,7,0.4,116
2021-04-01T23:16:15,24.3,14.0,35,43,1100,7,0.7,17
2021-04-01T23:32:00,24.3,14.1,35,42,1100,7,1.2,114
2021-04-01T23:47:44,24.3,13.6,36,44,1200,8,0.5,73
2021-04-02T00:03:39,24.2,12.2,37,51,1200,8,0.5,102
2021-04-02T00:19:25,24.2,11.6,38,52,1300,9,0.3,64
2021-04-02T00:35:10,24.2,10.7,39,56,1300,11,0.0,3
2021-04-02T00:50:56,24.2,10.3,40,59,1400,11,0.4,48
2021-04-02T01:06:50,24.2,9.8,40,59,1500,12,0.1,268
2021-04-02T01:22:35,24.2,10.3,41,60,1500,13,0.4,253
2021-04-02T01:38:20,24.2,9.9,40,59,1400,11,0.3,225
2021-04-02T01:54:05,24.2,9.5,41,61,1400,11,0.8,317
2021-04-02T02:10:00,24.2,10.6,41,58,1400,12,0.1,267
2021-04-02T02:25:45,24.2,10.0,41,60,1500,13,0.1,179
2021-04-02T02:41:30,24.2,9.3,42,61,1400,13,0.4,306
2021-04-02T02:57:15,24.1,7.9,43,67,1500,12,0.2,302
2021-04-02T03:13:10,24.0,7.9,42,66,1500,13,0.2,315
2021-04-02T03:28:55,24.0,7.4,41,69,1500,13,0.1,180
2021-04-02T03:44:40,24.0,7.8,41,67,1500,13,0.3,322
2021-04-02T04:00:34,24.0,7.7,41,68,1400,11,0.6,222
2021-04-02T04:16:30,24.0,7.2,42,69,1600,13,0.1,1
2021-04-02T04:32:22,24.1,7.0,43,70,1700,14,0.3,287
2021-04-02T04:48:07,24.2,6.7,43,71,1800,15,0.4,21
2021-04-02T05:04:02,24.2,6.6,44,71,1900,17,0.3,67
2021-04-02T05:19:48,24.2,6.6,43,71,1700,15,0.3,242
2021-04-02T05:35:33,24.0,6.5,43,71,1600,14,0.0,0
2021-04-02T05:51:19,24.0,6.2,42,73,1600,14,0.3,55
2021-04-02T06:07:14,24.0,6.5,43,71,1600,14,0.2,328
2021-04-02T06:23:00,24.0,7.0,42,69,1600,14,0.4,304
2021-04-02T06:38:45,24.0,6.5,43,71,1600,14,0.4,256
2021-04-02T06:54:36,23.8,5.9,42,73,1500,14,0.2,178
2021-04-02T07:10:32,23.7,5.5,43,74,1500,14,0.2,35
2021-04-02T07:26:18,23.9,5.9,43,73,1700,15,1.0,301
2021-04-02T07:42:02,24.0,7.1,43,69,1700,14,0.5,146
2021-04-02T07:57:53,24.0,6.9,44,70,1700,15,0.4,342
2021-04-02T08:13:47,24.0,5.0,43,75,1600,15,0.0,28
2021-04-02T08:29:32,24.0,5.0,44,76,1600,14,0.7,138
2021-04-02T08:45:17,24.0,5.8,44,75,1700,14,0.2,171
2021-04-02T09:01:11,24.0,7.1,44,74,1700,15,0.2,139
2021-04-02T09:16:56,24.0,9.6,45,67,1600,13,0.2,12
2021-04-02T09:32:42,24.0,10.7,44,66,1500,13,0.7,304
2021-04-02T09:48:27,24.0,12.1,45,59,1600,13,0.2,205
2021-04-02T10:04:22,24.0,12.7,44,55,1500,11,0.9,96
2021-04-02T10:20:07,24.0,14.0,44,52,1500,11,0.9,91
2021-04-02T10:35:52,24.1,15.6,43,47,1500,11,0.2,296
2021-04-02T10:51:37,24.3,16.3,42,48,1400,11,0.5,165
2021-04-02T11:07:32,24.3,17.8,42,42,1200,11,0.7,249
2021-04-02T11:23:18,24.2,18.6,40,39,1200,9,0.7,214
2021-04-02T11:39:02,24.2,20.2,40,36,1200,9,0.4,253
2021-04-02T11:54:47,24.2,20.2,40,35,1100,8,0.4,252
2021-04-02T12:10:43,24.2,20.9,38,34,1000,7,0.9,165
2021-04-02T12:26:28,24.3,21.2,38,33,1000,7,0.7,107
2021-04-02T12:42:12,24.2,21.6,37,31,900,7,0.7,259
2021-04-02T12:57:56,24.3,21.7,36,32,900,7,0.3,239
2021-04-02T13:13:51,24.4,23.8,36,28,900,6,0.2,199
2021-04-02T13:29:36,24.5,24.2,35,29,900,6,2.0,250
2021-04-02T13:45:21,24.5,24.0,35,29,800,4,0.7,265
2021-04-02T14:01:15,24.5,24.8,34,26,800,4,0.4,300
2021-04-02T14:17:00,24.5,25.0,33,26,700,4,0.9,170
2021-04-02T14:32:44,24.8,24.9,28,20,600,3,0.5,235
2021-04-02T14:48:29,24.8,25.6,28,22,600,2,0.6,257
2021-04-02T15:04:24,24.8,25.6,30,25,500,2,1.9,273
2021-04-02T15:20:09,24.9,25.2,29,26,500,2,0.7,168
2021-04-02T15:35:54,24.9,26.5,28,23,500,2,1.3,296
2021-04-02T15:51:39,25.0,26.4,28,22,500,2,2.1,227
2021-04-02T16:07:33,25.2,25.8,29,23,500,2,1.1,235
2021-04-02T16:23:18,25.3,26.7,28,21,500,2,1.2,186
2021-04-02T16:39:02,25.3,25.6,26,21,600,2,0.9,230
2021-04-02T16:54:47,25.3,26.5,27,21,500,2,0.7,245
2021-04-02T17:10:41,25.3,26.3,27,22,500,2,1.1,147
2021-04-02T17:26:26,25.3,26.0,28,22,500,2,0.9,304
2021-04-02T17:42:11,25.3,25.4,29,24,500,2,2.0,236
2021-04-02T17:57:55,25.3,25.2,30,27,500,2,1.8,245
2021-04-02T18:13:49,25.3,25.5,30,26,500,2,1.1,231
2021-04-02T18:29:40,25.4,24.6,30,29,500,2,1.0,235
2021-04-02T18:45:25,25.4,24.8,30,28,500,2,0.8,268
2021-04-02T19:01:18,25.4,24.6,30,29,500,2,0.5,258
2021-04-02T19:17:01,25.4,25.1,31,28,500,2,0.5,211
2021-04-02T19:32:45,25.3,24.2,31,29,500,2,0.7,247
2021-04-02T19:48:29,25.1,23.2,33,33,500,2,0.4,305
2021-04-02T20:04:23,25.0,21.9,33,35,500,2,0.3,71
2021-04-02T20:20:07,24.5,20.3,34,37,600,2,0.0,268
2021-04-02T20:35:51,24.5,19.9,35,38,600,3,0.1,268
2021-04-02T20:51:35,24.4,18.8,36,41,700,4,0.7,131
2021-04-02T21:07:30,24.4,17.9,36,44,700,4,0.3,223
2021-04-02T21:23:15,24.4,17.6,38,45,800,5,0.6,104
2021-04-02T21:39:05,24.4,17.2,38,48,800,5,0.4,197
2021-04-02T21:54:50,24.4,16.9,41,54,900,6,0.2,125
2021-04-02T22:10:44,24.4,16.1,43,61,1000,7,1.0,217
2021-04-02T22:26:29,24.4,16.0,45,63,1000,7,0.8,127
2021-04-02T22:42:13,24.4,15.4,46,66,1000,7,0.6,101
2021-04-02T22:57:58,24.4,14.7,47,68,1000,7,2.0,116
2021-04-02T23:13:51,24.3,13.9,47,70,1100,8,0.8,314
2021-04-02T23:29:36,24.3,13.4,47,72,1100,9,0.8,92
2021-04-02T23:45:20,24.3,14.2,47,69,1100,9,0.2,183
2021-04-03T00:01:15,24.3,14.0,48,70,1200,9,0.8,109
2021-04-03T00:16:59,24.3,14.3,48,70,1200,10,0.5,103
2021-04-03T00:32:43,24.4,14.3,47,70,1100,8,0.3,95
2021-04-03T00:48:27,24.4,14.1,47,71,1000,8,0.5,108
2021-04-03T01:04:22,24.3,14.0,48,70,1000,9,1.3,88
2021-04-03T01:20:07,24.2,13.8,48,70,1200,10,0.7,150
2021-04-03T01:35:52,24.2,13.8,47,67,1200,10,0.5,231
2021-04-03T01:51:37,24.3,14.0,47,65,1200,10,0.2,51
2021-04-03T02:07:32,24.2,12.2,48,73,1200,11,0.6,74
2021-04-03T02:23:17,24.2,11.6,48,75,1300,11,0.2,327
2021-04-03T02:39:02,24.2,11.4,48,76,1300,11,0.0,1
2021-04-03T02:54:47,24.2,11.3,49,76,1300,11,0.3,179
2021-04-03T03:10:41,24.2,11.0,48,76,1300,11,0.1,265
2021-04-03T03:26:26,24.2,10.8,48,77,1200,11,0.4,309
2021-04-03T03:42:11,24.2,10.5,49,77,1400,12,0.1,267
2021-04-03T03:58:01,24.2,10.4,49,78,1500,13,0.4,306
2021-04-03T04:13:56,24.2,10.2,48,78,1500,13,0.2,152
2021-04-03T04:29:41,24.2,10.0,48,77,1500,13,0.6,44
2021-04-03T04:45:25,24.2,9.7,48,77,1500,13,0.4,69
2021-04-03T05:01:19,24.2,10.2,47,76,1400,13,0.2,267
2021-04-03T05:17:04,24.2,9.5,48,77,1500,14,0.2,76
2021-04-03T05:32:49,24.2,9.0,48,78,1600,15,0.5,39
2021-04-03T05:48:32,24.3,8.8,48,78,1600,14,0.3,298
2021-04-03T06:04:26,24.2,8.4,48,81,1500,14,0.4,314
2021-04-03T06:20:11,24.2,8.2,48,80,1600,13,0.6,1
2021-04-03T06:35:55,24.2,8.0,48,80,1600,13,0.8,133
2021-04-03T06:51:40,24.2,7.8,49,81,1600,14,0.3,238
2021-04-03T07:07:35,24.2,7.3,48,82,1600,14,0.1,2
2021-04-03T07:23:19,24.2,7.3,49,84,1600,15,0.2,134
2021-04-03T07:39:04,24.2,7.6,48,83,1600,15,0.1,179
2021-04-03T07:54:49,24.2,7.9,47,82,1500,14,0.2,90
2021-04-03T08:10:44,24.2,8.6,48,81,1400,13,0.8,166
2021-04-03T08:26:28,24.2,8.9,49,80,1500,13,0.2,79
2021-04-03T08:42:13,24.2,9.5,49,76,1500,14,0.4,285
2021-04-03T08:57:58,24.2,9.9,50,76,1600,14,0.3,90
2021-04-03T09:13:51,24.2,11.3,48,69,1500,13,0.1,268
2021-04-03T09:29:35,24.2,12.1,47,68,1500,13,0.5,207
2021-04-03T09:45:22,24.2,12.8,48,68,1300,11,0.2,227
2021-04-03T09:46:50,24.2,12.6,48,70,1300,11,1.1,306
2021-04-03T10:02:36,24.2,13.1,49,70,1300,11,0.2,308
2021-04-03T10:18:14,24.3,14.3,51,67,1400,12,0.7,234
2021-04-03T10:22:11,24.3,14.6,51,66,1400,11,0.3,255
2021-04-03T10:37:55,24.2,15.2,51,65,1300,11,0.7,318
2021-04-03T10:53:30,24.1,15.4,50,65,1200,10,0.8,201
2021-04-03T11:09:18,24.0,15.9,49,64,1100,9,1.4,228
2021-04-03T11:25:03,24.0,16.8,48,62,1000,7,2.1,262
2021-04-03T11:40:48,24.0,17.0,47,61,1000,7,1.1,283
2021-04-03T11:56:32,24.0,18.2,47,58,900,7,1.3,217
2021-04-03T12:12:26,24.0,18.8,47,56,900,7,1.8,239
2021-04-03T12:28:11,24.0,19.3,47,56,900,7,1.1,250
2021-04-03T12:43:55,24.1,19.7,47,54,900,7,2.1,252
2021-04-03T12:59:40,24.2,19.7,47,54,900,7,0.9,233
2021-04-03T13:15:41,24.2,20.4,46,53,800,7,1.2,248
2021-04-03T13:31:26,24.3,20.6,46,52,800,6,0.7,256
2021-04-03T13:47:11,24.3,20.8,46,50,800,5,0.5,291
2021-04-03T14:03:04,24.3,22.0,44,47,700,4,3.2,306
2021-04-03T14:18:49,24.3,22.2,43,44,700,4,0.7,255
2021-04-03T14:34:33,24.4,22.1,43,46,700,4,2.0,263
2021-04-03T14:50:18,24.7,23.1,42,43,600,3,0.2,303
2021-04-03T15:06:11,24.6,23.5,41,42,500,3,2.1,270
2021-04-03T15:21:55,24.8,24.0,42,40,600,3,1.5,202
2021-04-03T15:37:39,24.8,24.2,40,38,500,3,1.0,317
2021-04-03T15:53:24,24.8,24.2,39,37,500,2,1.0,101
2021-04-03T16:09:18,24.9,23.8,38,37,500,2,1.3,296
2021-04-03T16:25:02,24.9,25.0,38,35,500,2,1.4,290
2021-04-03T16:40:46,25.1,24.6,37,35,500,2,1.1,261
2021-04-03T16:56:31,25.1,24.5,36,35,400,2,1.1,251
2021-04-03T17:12:26,25.1,25.1,36,35,400,2,0.5,269
2021-04-03T17:28:11,25.3,25.2,36,35,500,2,1.1,282
2021-04-03T17:43:55,25.3,24.8,36,35,500,2,1.1,54
2021-04-03T17:59:40,25.3,24.5,37,37,500,2,0.6,268
2021-04-03T18:15:32,25.4,25.1,38,36,500,2,0.6,267
2021-04-03T18:31:18,25.4,24.5,37,37,500,2,1.3,291
2021-04-03T18:47:02,25.4,24.3,38,38,500,2,1.7,102
2021-04-03T19:02:56,25.4,24.2,37,37,500,3,1.1,261
2021-04-03T19:18:40,25.3,23.9,37,37,500,2,0.6,244
2021-04-03T19:34:25,25.2,23.2,38,39,500,2,0.6,266
2021-04-03T19:50:09,25.0,23.0,39,39,500,2,0.5,268
2021-04-03T20:06:02,25.0,21.7,40,45,500,2,0.5,234
2021-04-03T20:21:46,24.7,21.3,41,47,500,2,1.3,273
2021-04-03T20:37:31,24.5,20.6,41,50,600,3,0.7,280
2021-04-03T20:53:15,24.5,19.9,42,52,600,3,0.7,285
2021-04-03T21:09:09,24.5,19.3,43,52,700,3,0.9,277
2021-04-03T21:24:53,24.4,18.4,44,56,800,4,0.3,207
2021-04-03T21:40:37,24.3,17.9,45,57,800,6,0.7,62
2021-04-03T21:56:22,24.3,17.5,44,58,900,6,0.6,283
2021-04-03T22:12:15,24.3,17.6,43,56,900,6,0.9,105
2021-04-03T22:28:00,24.3,16.9,42,54,800,5,0.9,314
2021-04-03T22:43:43,24.3,16.9,42,53,900,6,0.6,207
2021-04-03T22:59:27,24.3,16.7,42,54,900,6,0.8,312
2021-04-03T23:15:20,24.4,16.4,42,53,1000,7,0.9,284
2021-04-03T23:31:04,24.4,15.3,41,55,1000,8,1.6,95
2021-04-03T23:46:49,24.4,14.5,41,57,1000,8,0.6,121
2021-04-04T00:02:42,24.4,14.1,42,58,1100,8,0.5,239
2021-04-04T00:18:27,24.3,13.1,44,65,1200,8,0.2,222
2021-04-04T00:34:12,24.2,12.8,43,63,1100,9,2.1,210
2021-04-04T00:50:03,24.2,12.7,42,62,1000,9,0.8,342
2021-04-04T01:05:57,24.2,12.7,42,60,1100,8,1.3,207
2021-04-04T01:21:42,24.2,12.1,41,59,1100,9,1.3,247
2021-04-04T01:37:27,24.1,11.9,41,59,1100,9,2.1,284
2021-04-04T01:53:11,24.1,11.4,42,61,1200,10,1.8,268
2021-04-04T02:09:06,24.2,11.0,41,62,1300,11,1.6,225
2021-04-04T02:24:51,24.2,10.8,42,62,1200,11,0.5,252
2021-04-04T02:40:35,24.2,10.8,41,63,1300,11,0.5,263
2021-04-04T02:56:20,24.2,10.6,42,63,1200,10,0.7,255
2021-04-04T03:12:14,24.1,10.4,41,63,1200,10,0.3,159
2021-04-04T03:27:59,24.0,10.2,41,64,1200,10,0.4,217
2021-04-04T03:43:45,24.0,10.2,40,65,1300,10,0.6,227
2021-04-04T03:59:30,24.0,9.9,41,65,1200,11,0.5,229
2021-04-04T04:15:24,24.1,9.7,42,65,1300,11,1.1,311
2021-04-04T04:31:08,24.2,9.7,42,65,1400,13,1.1,305
2021-04-04T04:46:53,24.2,9.1,41,66,1300,12,0.7,228
2021-04-04T05:02:47,24.1,8.9,43,67,1400,14,0.1,267
2021-04-04T05:18:32,24.0,8.7,42,68,1300,13,0.1,179
2021-04-04T05:34:17,24.1,8.4,43,68,1400,13,0.5,227
2021-04-04T05:50:03,24.1,8.2,42,68,1400,14,0.2,134
2021-04-04T06:05:57,24.1,7.8,42,70,1400,14,0.1,90
2021-04-04T06:21:42,24.1,7.5,42,70,1300,13,0.2,182
2021-04-04T06:37:27,24.1,7.2,42,72,1400,14,0.4,247
2021-04-04T06:53:11,24.1,7.1,44,72,1600,16,0.5,193
2021-04-04T07:09:07,24.1,6.8,43,73,1600,15,0.2,224
2021-04-04T07:24:52,24.0,6.5,44,74,1600,15,0.3,109
2021-04-04T07:40:37,24.0,6.3,42,74,1600,15,0.2,217
2021-04-04T07:56:23,24.0,6.1,43,75,1500,14,0.2,223
2021-04-04T08:12:17,24.0,6.1,43,75,1500,13,0.2,171
2021-04-04T08:28:02,24.1,6.2,43,75,1700,15,0.3,142
2021-04-04T08:43:48,24.1,6.3,44,74,1600,16,0.6,162
2021-04-04T08:59:33,24.1,7.6,44,72,1500,15,0.3,334
2021-04-04T09:15:27,24.1,8.6,44,69,1500,13,0.2,137
2021-04-04T09:31:12,24.1,9.3,45,67,1500,14,0.8,252
2021-04-04T09:46:57,24.1,9.8,45,67,1500,14,0.9,114
2021-04-04T10:02:52,24.0,10.3,44,65,1500,14,0.7,285
2021-04-04T10:18:37,24.0,10.8,43,65,1400,13,1.3,323
2021-04-04T10:34:22,24.0,11.6,43,61,1300,11,1.0,231
2021-04-04T10:50:07,24.0,12.1,43,60,1300,11,0.4,104
2021-04-04T11:06:02,24.0,12.6,43,58,1400,11,0.5,272
2021-04-04T11:21:48,24.0,13.4,43,56,1400,11,1.7,295
2021-04-04T11:37:38,24.1,13.6,44,55,1400,11,1.8,108
2021-04-04T11:53:23,24.1,13.9,43,54,1400,11,1.0,227
2021-04-04T12:09:18,24.1,14.0,44,55,1300,12,0.7,79
2021-04-04T12:25:02,24.1,14.9,44,51,1300,11,1.0,97
2021-04-04T12:40:48,24.1,16.1,44,49,1300,10,1.8,92
2021-04-04T12:56:32,24.1,16.0,43,49,1200,10,1.4,315
2021-04-04T13:12:33,24.1,16.5,42,48,1200,8,0.6,244
2021-04-04T13:28:18,24.1,16.8,41,46,1100,8,0.8,243
2021-04-04T13:44:04,24.1,16.7,40,45,1100,7,0.7,219
2021-04-04T13:59:49,24.2,17.5,40,45,1100,8,1.0,203
2021-04-04T14:15:44,24.2,17.9,39,43,1000,7,1.4,226
2021-04-04T14:31:29,24.2,18.0,39,44,1000,7,0.8,257
2021-04-04T14:47:20,24.3,18.3,40,44,1000,7,2.1,204
2021-04-04T15:03:14,24.3,19.5,41,42,1000,7,1.2,256
2021-04-04T15:18:59,24.3,19.9,40,40,1000,7,0.4,298
2021-04-04T15:34:45,24.3,19.7,39,40,900,7,0.7,217
2021-04-04T15:50:31,24.3,20.2,40,40,900,7,1.5,246
2021-04-04T16:06:25,24.3,20.6,39,39,900,6,0.8,246
2021-04-04T16:22:11,24.4,20.9,39,39,900,6,0.6,291
2021-04-04T16:37:55,24.4,20.5,39,39,800,5,1.5,300
2021-04-04T16:53:41,24.4,21.1,38,38,800,4,0.7,263
2021-04-04T17:09:36,24.3,21.0,38,37,700,4,0.4,88
2021-04-04T17:25:22,24.4,21.6,38,38,800,4,1.3,247
2021-04-04T17:41:07,24.4,21.4,37,37,700,4,0.6,266
2021-04-04T17:56:52,24.5,20.4,37,39,800,4,0.2,316
2021-04-04T18:12:47,24.5,20.8,37,39,700,3,0.9,275
2021-04-04T18:28:32,24.5,20.9,38,38,700,3,0.8,225
2021-04-04T18:44:17,24.5,20.3,38,39,700,4,0.7,314
2021-04-04T19:00:02,24.5,20.0,37,39,700,3,1.4,275
2021-04-04T19:15:57,24.5,19.9,36,40,700,3,0.7,308
2021-04-04T19:31:42,24.5,19.7,37,41,700,3,0.3,243
2021-04-04T19:47:26,24.3,19.7,38,40,700,4,0.5,249
2021-04-04T20:03:20,24.2,19.1,39,42,800,6,0.2,230
2021-04-04T20:19:05,24.3,17.4,41,48,1000,6,0.1,0
2021-04-04T20:34:50,24.3,16.8,42,48,1100,7,0.3,210
2021-04-04T20:50:35,24.2,15.9,42,49,1100,8,0.4,268
2021-04-04T21:06:29,24.2,15.6,41,50,1100,8,0.1,179
2021-04-04T21:22:14,24.2,14.5,41,56,1200,9,0.0,52
2021-04-04T21:37:59,24.3,13.9,43,58,1200,8,0.1,163
2021-04-04T21:53:43,24.2,12.4,44,66,1200,9,0.4,167
2021-04-04T22:09:43,24.2,12.1,46,69,1300,10,0.5,337
2021-04-04T22:25:28,24.2,11.8,46,69,1300,10,0.3,314
2021-04-04T22:41:13,24.1,11.9,45,68,1300,10,0.4,242
2021-04-04T22:56:58,24.1,11.7,45,69,1400,10,0.2,299
2021-04-04T23:12:52,24.1,11.8,45,70,1400,10,0.2,154
2021-04-04T23:28:43,24.2,11.2,47,72,1400,11,0.2,2
2021-04-04T23:44:28,24.2,10.5,47,74,1500,12,0.3,318
2021-04-05T00:00:13,24.2,9.7,47,76,1500,13,0.7,304
2021-04-05T00:16:08,24.2,10.4,47,74,1500,13,0.1,0
2021-04-05T00:31:54,24.2,9.4,47,77,1500,13,0.9,259
2021-04-05T00:47:39,24.2,8.5,47,77,1500,13,0.4,292
2021-04-05T01:03:34,24.1,8.0,48,79,1600,15,0.4,268
2021-04-05T01:19:19,24.1,8.1,47,80,1600,15,0.4,335
2021-04-05T01:35:05,24.0,8.0,47,80,1500,14,0.2,83
2021-04-05T01:50:49,24.0,7.8,48,80,1500,13,0.4,58
2021-04-05T02:06:44,24.1,7.6,48,80,1600,14,0.2,166
2021-04-05T02:22:29,24.2,7.4,48,81,1700,15,0.7,281
2021-04-05T02:38:14,24.2,7.0,49,81,1800,16,0.6,307
2021-04-05T02:53:59,24.2,6.7,49,81,1800,17,0.5,48
2021-04-05T03:09:53,24.2,6.8,48,81,1800,17,0.7,37
2021-04-05T03:25:38,24.2,6.8,48,81,1700,17,0.7,18
2021-04-05T03:41:23,24.2,6.5,48,82,1800,18,0.4,3
2021-04-05T03:57:08,24.2,6.6,49,82,1800,17,0.2,27
2021-04-05T04:13:02,24.1,6.6,47,80,1700,17,0.2,2
2021-04-05T04:28:47,24.0,6.6,47,82,1700,18,0.2,66
2021-04-05T04:44:32,24.0,6.0,46,82,1700,17,0.2,304
2021-04-05T05:00:17,24.0,6.1,47,82,1600,17,0.2,49
2021-04-05T05:16:13,24.0,5.9,46,83,1600,14,0.3,139
2021-04-05T05:31:59,24.0,5.6,46,83,1600,16,0.5,33
2021-04-05T05:47:44,24.0,5.5,47,82,1700,15,0.3,18
2021-04-05T06:03:39,23.8,5.4,47,83,1600,17,0.2,0
2021-04-05T06:19:25,23.9,5.3,46,85,1600,17,0.4,292
2021-04-05T06:35:10,23.5,5.4,46,85,1500,15,0.5,313
2021-04-05T06:50:55,23.9,5.1,46,83,1600,16,0.1,305
2021-04-05T07:06:49,24.0,4.8,45,83,1500,15,0.2,234
2021-04-05T07:22:34,23.8,5.3,46,86,1500,15,0.4,136
2021-04-05T07:38:19,23.8,5.3,46,85,1500,16,0.3,330
2021-04-05T07:54:05,23.8,4.8,46,84,1600,17,0.4,201
2021-04-05T08:10:00,23.9,4.8,46,84,1600,19,0.3,165
2021-04-05T08:25:52,23.8,4.7,48,85,1600,15,0.2,237
2021-04-05T08:41:37,23.8,5.1,47,85,1700,18,0.5,292
2021-04-05T08:57:22,23.8,6.3,48,82,1700,18,0.6,54
2021-04-05T09:13:17,23.8,7.4,47,79,1700,15,0.3,334
2021-04-05T09:29:02,23.9,9.1,47,70,1700,14,0.2,209
2021-04-05T09:44:54,23.9,9.9,47,69,1600,15,0.7,301
2021-04-05T10:00:49,23.9,10.0,47,69,1700,14,0.4,265
2021-04-05T10:16:34,24.0,10.5,47,66,1700,15,2.1,231
2021-04-05T10:32:26,24.0,10.7,47,67,1500,14,2.1,216
2021-04-05T10:48:09,24.0,11.7,49,64,1600,13,1.6,230
2021-04-05T11:04:03,24.0,12.1,48,61,1500,13,0.6,196
2021-04-05T11:19:48,24.1,13.0,47,58,1600,13,0.7,104
2021-04-05T11:35:33,24.1,13.2,47,59,1600,13,2.1,225
2021-04-05T11:51:10,24.0,14.6,45,56,1200,11,0.9,94
2021-04-05T12:07:05,24.0,15.2,45,56,1200,11,1.1,280
2021-04-05T12:22:51,24.0,15.1,45,54,1200,11,2.3,268
2021-04-05T12:38:43,24.0,16.6,43,53,1200,10,1.1,191
2021-04-05T12:54:29,24.0,16.5,43,54,1100,10,1.1,277
2021-04-05T13:10:24,24.0,18.1,43,51,1000,8,0.7,295
2021-04-05T13:26:10,24.0,18.1,43,50,1000,9,0.7,311
2021-04-05T13:41:56,24.0,18.7,43,50,1000,8,0.9,104
2021-04-05T13:57:41,24.1,19.0,43,47,1000,8,0.7,90
2021-04-05T14:13:43,24.1,19.5,41,43,1000,8,1.2,235
2021-04-05T14:29:30,24.2,20.5,39,36,1000,7,1.2,269
2021-04-05T14:45:15,24.2,20.1,39,38,900,7,2.4,243
2021-04-05T15:01:11,24.3,20.6,39,37,900,6,0.7,265
2021-04-05T15:16:56,24.3,21.6,38,34,900,5,2.1,293
2021-04-05T15:32:41,24.3,21.5,37,33,900,5,0.6,206
2021-04-05T15:48:27,24.3,22.0,35,31,800,4,1.0,278
2021-04-05T16:04:23,24.4,22.9,34,28,800,4,0.4,232
2021-04-05T16:20:08,24.4,22.8,33,29,700,3,0.5,326
2021-04-05T16:35:55,24.4,23.0,32,29,600,3,0.3,216
2021-04-05T16:51:40,24.5,22.5,32,29,600,3,3.1,98
2021-04-05T17:07:35,24.5,22.6,31,29,600,3,0.8,232
2021-04-05T17:23:21,24.5,23.2,33,27,600,3,1.4,107
2021-04-05T17:39:07,24.7,22.7,31,28,600,3,0.8,245
2021-04-05T17:54:52,24.6,22.8,33,29,600,3,1.0,63
2021-04-05T18:10:53,24.7,22.6,33,30,600,3,0.3,299
2021-04-05T18:26:38,24.5,22.4,33,30,600,3,1.0,327
2021-04-05T18:42:25,24.5,21.5,34,33,600,3,1.4,115
2021-04-05T18:58:11,24.5,21.4,33,31,600,3,0.9,229
2021-04-05T19:14:05,24.6,21.9,32,30,600,3,1.1,292
2021-04-05T19:29:51,24.6,21.4,33,31,600,3,1.6,290
2021-04-05T19:45:37,24.5,20.9,34,34,600,3,0.8,102
2021-04-05T20:01:31,24.5,20.3,35,34,700,3,0.3,67
2021-04-05T20:17:17,24.4,19.1,36,38,700,5,0.4,237
2021-04-05T20:33:02,24.3,18.4,38,40,800,5,0.2,128
2021-04-05T20:48:54,24.1,17.5,37,41,800,6,0.2,126
2021-04-05T21:04:49,24.1,17.4,37,41,800,7,0.2,301
2021-04-05T21:20:34,24.0,16.6,38,43,900,7,0.1,86
2021-04-05T21:36:19,24.0,16.4,38,44,900,7,0.1,268
2021-04-05T21:52:05,24.0,15.3,38,49,1000,7,0.2,46
2021-04-05T22:08:01,24.0,14.6,40,50,1000,7,0.1,265
2021-04-05T22:23:47,24.0,14.2,39,52,1100,7,0.7,161
2021-04-05T22:39:33,24.0,13.5,39,54,1100,7,0.2,135
2021-04-05T22:55:24,24.0,13.3,40,54,1100,8,0.3,179
2021-04-05T23:11:18,24.0,12.4,42,56,1300,11,0.4,87
2021-04-05T23:27:10,24.1,12.3,43,57,1300,11,0.1,95
2021-04-05T23:42:56,24.1,11.2,42,64,1300,11,0.4,322
2021-04-05T23:58:41,24.1,10.7,42,64,1300,11,0.3,305
2021-04-06T00:14:37,24.1,10.2,43,67,1400,11,0.2,134
2021-04-06T00:30:23,24.1,8.7,44,72,1500,12,0.9,38
2021-04-06T00:46:10,24.1,9.1,44,70,1500,13,0.3,300
2021-04-06T01:02:05,24.0,10.7,43,62,1300,13,0.2,47
2021-04-06T01:17:51,24.0,10.6,43,62,1400,14,0.5,153
2021-04-06T01:33:37,24.0,9.5,43,66,1500,16,0.1,90
2021-04-06T01:49:22,24.1,9.3,43,67,1400,13,0.6,320
2021-04-06T02:05:17,24.1,9.8,43,64,1500,13,0.1,269
2021-04-06T02:21:03,24.1,9.8,42,63,1400,13,0.5,13
2021-04-06T02:36:49,24.1,8.7,42,67,1400,13,0.3,320
2021-04-06T02:52:35,24.0,7.8,43,70,1500,14,0.3,38
2021-04-06T03:08:30,24.0,8.2,43,69,1400,13,0.2,146
2021-04-06T03:24:16,24.0,8.3,45,67,1400,15,0.2,307
2021-04-06T03:40:02,24.0,8.1,44,69,1500,17,0.7,46
2021-04-06T03:55:48,23.8,7.2,43,72,1400,18,0.3,318
2021-04-06T04:11:43,23.7,7.1,43,72,1300,15,0.3,82
2021-04-06T04:27:29,23.8,7.4,41,69,1200,13,0.7,98
2021-04-06T04:43:14,23.9,7.4,40,69,1100,13,0.5,333
2021-04-06T04:59:00,23.9,7.3,40,68,1200,13,0.7,290
2021-04-06T05:14:54,23.9,7.3,39,68,1200,11,1.3,293
2021-04-06T05:30:40,23.8,7.6,40,65,1200,13,2.3,315
2021-04-06T05:46:26,23.7,6.7,41,68,1300,14,0.2,178
2021-04-06T06:02:21,23.8,6.4,43,69,1500,17,1.9,304
2021-04-06T06:18:07,23.9,6.9,43,68,1600,15,1.0,275
2021-04-06T06:33:53,24.0,6.8,43,69,1600,15,1.4,232
2021-04-06T06:49:38,24.0,6.8,43,69,1600,16,1.4,240
2021-04-06T07:05:34,24.0,6.7,43,68,1600,17,1.3,274
2021-04-06T07:21:19,24.0,6.4,43,69,1600,17,2.8,300
2021-04-06T07:37:06,24.0,6.3,44,69,1600,17,1.7,288
2021-04-06T07:52:52,24.0,6.0,46,72,1700,17,1.6,288
2021-04-06T08:08:48,24.0,5.9,46,73,1700,16,0.4,291
2021-04-06T08:24:30,24.0,6.2,45,73,1600,17,1.7,295
2021-04-06T08:40:07,24.0,7.0,44,72,1500,15,1.7,250
2021-04-06T08:55:52,24.0,7.6,43,72,1500,15,1.6,308
2021-04-06T09:11:38,24.0,8.9,46,68,1300,14,1.1,278
2021-04-06T09:27:24,22.5,9.3,40,69,800,5,2.1,283
2021-04-06T09:43:09,21.7,10.0,40,65,700,4,2.5,295
2021-04-06T09:58:54,21.6,10.8,43,64,800,5,0.1,92
2021-04-06T10:14:48,21.4,12.0,42,58,800,4,0.3,211
2021-04-06T10:30:26,22.1,12.1,44,57,900,7,2.1,273
2021-04-06T10:46:07,23.6,13.1,45,55,1500,10,2.1,298
2021-04-06T11:01:51,23.9,13.8,43,52,1300,9,0.6,25
2021-04-06T11:17:26,24.0,14.0,44,51,1300,11,2.3,262
2021-04-06T11:33:08,23.9,14.7,48,50,1300,11,1.4,271
2021-04-06T11:48:51,24.0,15.6,45,49,1400,11,1.6,216
2021-04-06T12:04:35,23.2,15.6,36,47,900,4,1.4,273
2021-04-06T12:20:08,23.8,16.1,40,45,1000,8,1.8,259
2021-04-06T12:35:42,24.0,16.7,39,44,900,7,4.1,81
2021-04-06T12:51:16,24.0,16.9,40,43,1000,8,0.7,44
2021-04-06T13:07:02,23.8,17.2,39,42,1000,8,2.7,41
2021-04-06T13:22:41,23.3,17.8,37,41,600,6,1.4,126
2021-04-06T13:38:22,23.2,17.5,38,42,700,8,1.6,304
2021-04-06T13:53:57,23.2,18.6,37,41,800,7,1.1,301
2021-04-06T14:09:48,23.3,19.1,37,40,700,6,1.5,77
2021-04-06T14:25:29,23.3,19.6,38,39,700,6,0.9,206
2021-04-06T14:41:11,23.3,19.7,38,39,700,6,1.7,237
2021-04-06T14:56:54,23.4,19.4,38,40,800,5,0.7,146
2021-04-06T15:12:45,23.4,20.1,38,39,700,4,1.8,286
2021-04-06T15:28:27,23.5,19.7,37,39,700,4,2.1,276
2021-04-06T15:44:09,23.6,19.9,38,38,700,4,0.9,77
2021-04-06T15:59:51,23.5,19.9,38,40,700,4,3.1,276
2021-04-06T16:15:43,23.5,19.6,37,40,600,3,3.2,288
2021-04-06T16:31:25,23.6,20.0,36,39,600,3,0.4,97
2021-04-06T16:47:07,23.6,19.9,36,37,600,3,3.2,103
2021-04-06T17:02:59,23.5,20.1,35,36,600,3,2.3,255
2021-04-06T17:18:41,23.4,19.6,34,35,600,3,4.0,281
2021-04-06T17:34:23,23.5,19.0,35,36,600,3,1.6,68
2021-04-06T17:50:06,23.5,18.9,36,36,700,4,3.7,144
2021-04-06T18:06:03,23.4,18.6,35,36,700,3,1.4,281
2021-04-06T18:21:44,23.5,18.4,35,37,700,3,1.0,178
2021-04-06T18:37:26,23.4,17.4,36,38,700,4,3.8,154
2021-04-06T18:53:15,23.3,17.1,36,39,700,4,3.7,310
2021-04-06T19:09:07,23.3,16.2,36,41,700,4,2.5,310
2021-04-06T19:24:50,23.2,15.9,37,42,800,6,2.2,262
2021-04-06T19:40:32,23.2,15.6,37,43,800,6,2.2,281
2021-04-06T19:56:15,23.2,14.9,37,43,800,7,3.9,280
2021-04-06T20:12:07,23.2,13.9,37,45,1000,9,3.2,265
2021-04-06T20:27:50,23.3,13.2,39,46,1100,8,3.4,289
2021-04-06T20:43:32,23.3,12.4,39,48,1100,11,2.6,261
2021-04-06T20:59:14,23.2,12.0,40,48,1200,11,2.5,304
2021-04-06T21:15:06,23.2,11.3,39,50,1200,11,4.6,278
2021-04-06T21:30:48,23.3,10.6,39,51,1300,12,3.2,234
2021-04-06T21:46:29,23.3,10.4,39,51,1300,12,1.9,241
2021-04-06T22:02:21,23.2,9.8,40,52,1400,13,2.4,266
2021-04-06T22:18:03,23.2,9.4,40,53,1500,13,2.2,305
2021-04-06T22:33:45,23.2,9.0,40,53,1500,12,1.7,276
2021-04-06T22:49:27,23.2,8.8,40,54,1500,13,2.1,283
2021-04-06T23:05:19,23.2,8.4,40,53,1500,13,1.6,301
2021-04-06T23:21:01,23.2,8.2,40,55,1400,12,2.6,273
2021-04-06T23:36:43,23.2,8.0,39,54,1400,13,1.5,201
2021-04-06T23:52:31,23.2,7.8,38,55,1400,12,3.2,271
2021-04-07T00:08:24,23.2,7.5,40,56,1500,13,2.3,253
2021-04-07T00:24:06,23.2,7.2,41,57,1600,13,1.2,262
2021-04-07T00:39:49,23.2,6.9,42,58,1600,14,0.7,314
2021-04-07T00:55:31,23.2,6.6,42,59,1700,15,0.5,284
2021-04-07T01:11:23,23.2,6.5,41,58,1700,16,0.9,300
2021-04-07T01:27:06,23.3,6.2,41,60,1700,15,1.3,121
2021-04-07T01:42:48,23.2,6.0,43,59,1700,16,1.7,209
2021-04-07T01:58:30,23.2,5.8,44,61,1900,18,0.7,215
2021-04-07T02:14:23,23.3,5.6,44,60,2000,17,0.6,282
2021-04-07T02:30:05,23.3,5.0,45,65,1800,17,0.8,130
2021-04-07T02:45:47,23.3,4.3,45,68,1900,17,0.5,192
2021-04-07T03:01:40,23.2,4.2,45,69,1900,18,1.3,238
2021-04-07T03:17:23,23.2,4.2,44,68,1900,20,1.0,306
2021-04-07T03:33:05,23.2,4.2,44,69,1800,18,0.3,239
2021-04-07T03:48:48,23.1,4.4,44,66,1800,17,1.9,264
2021-04-07T04:04:41,23.1,4.5,45,65,1800,20,0.8,233
2021-04-07T04:20:23,23.2,3.7,44,69,1800,19,1.5,120
2021-04-07T04:36:06,23.2,3.4,44,70,1900,18,0.8,219
2021-04-07T04:51:49,23.2,3.2,44,72,1900,17,0.2,136
2021-04-07T05:07:41,23.2,2.7,44,73,1900,19,0.7,89
2021-04-07T05:23:23,23.3,2.8,45,72,2000,18,0.5,125
2021-04-07T05:39:06,23.2,2.4,46,73,2000,19,1.2,107
2021-04-07T05:54:49,23.2,2.4,46,73,2100,19,0.2,278
2021-04-07T06:10:42,23.2,2.3,46,73,2000,18,0.6,194
2021-04-07T06:26:24,23.2,2.2,46,72,2100,18,0.2,224
2021-04-07T06:42:07,23.2,2.1,46,72,2100,18,0.5,179
2021-04-07T06:57:50,23.2,2.2,46,72,2200,19,0.2,239
2021-04-07T07:13:43,23.2,2.0,46,73,2200,19,1.0,104
2021-04-07T07:29:25,23.3,2.2,46,73,2200,19,0.4,234
2021-04-07T07:45:07,23.2,2.1,48,73,2200,19,0.8,123
2021-04-07T08:01:00,23.2,2.7,47,71,2200,17,0.4,237
2021-04-07T08:11:06,23.2,3.0,46,71,2100,18,0.1,50
2021-04-07T08:26:43,23.2,3.1,46,70,2100,17,0.1,90
2021-04-07T08:42:28,23.1,3.6,45,68,2000,18,0.2,52
2021-04-07T08:58:14,23.1,4.7,46,65,1800,16,0.3,225
2021-04-07T09:14:03,23.2,6.1,46,59,1700,16,0.6,214
2021-04-07T09:29:38,23.0,6.4,45,60,1600,13,1.0,271
2021-04-07T09:45:14,23.0,6.9,46,55,1600,13,0.2,250
2021-04-07T10:00:59,23.1,7.3,44,53,1600,14,0.3,198
2021-04-07T10:16:33,23.0,7.7,41,52,1500,15,1.2,143
2021-04-07T10:32:07,22.9,8.2,43,52,1600,18,0.2,275
2021-04-07T10:47:59,23.1,8.3,43,51,1700,17,2.4,264
2021-04-07T11:03:54,23.2,8.7,42,47,1800,16,1.1,272
2021-04-07T11:19:39,23.3,9.4,42,47,1800,14,2.0,264
2021-04-07T11:35:24,23.2,9.7,43,45,1800,15,1.5,89
2021-04-07T11:51:10,23.2,10.4,42,44,1800,15,0.5,160
2021-04-07T12:07:06,23.3,10.8,42,44,1700,15,1.8,235
2021-04-07T12:22:43,23.3,11.1,42,44,1600,14,0.7,107
2021-04-07T12:38:28,23.3,11.4,40,43,1600,13,0.4,321
2021-04-07T12:54:20,23.3,11.7,39,41,1500,12,0.2,90
2021-04-07T13:10:14,23.2,12.1,38,42,1400,12,2.0,253
2021-04-07T13:25:59,23.3,12.5,39,39,1500,13,0.4,285
2021-04-07T13:41:44,23.4,13.3,38,38,1400,13,2.8,255
2021-04-07T13:57:29,23.3,13.6,38,36,1400,12,3.4,233
2021-04-07T14:13:24,23.5,13.6,39,36,1500,11,1.2,224
2021-04-07T14:29:09,23.5,14.5,42,35,1400,11,2.3,296
2021-04-07T14:44:55,23.4,15.5,39,34,1400,10,0.4,317
2021-04-07T15:00:50,23.5,15.3,39,34,1400,10,2.2,299
2021-04-07T15:16:35,23.4,15.6,38,33,1300,9,0.9,52
2021-04-07T15:32:21,23.5,15.2,37,34,1200,8,1.1,317
2021-04-07T15:48:07,23.5,16.4,36,32,1100,8,1.1,263
2021-04-07T16:04:01,23.4,16.4,35,32,1000,7,0.2,268
2021-04-07T16:19:46,23.6,17.3,34,29,1000,8,0.8,127
2021-04-07T16:35:31,23.6,17.5,34,29,1100,7,2.1,257
2021-04-07T16:51:16,23.6,16.8,34,30,1000,7,0.3,235
2021-04-07T17:07:11,23.6,17.3,33,30,1000,6,1.6,254
2021-04-07T17:22:55,23.6,17.2,34,29,1000,6,0.7,339
2021-04-07T17:38:41,23.4,17.3,35,28,1000,6,1.9,223
2021-04-07T17:54:26,23.6,17.3,33,29,1000,6,0.2,233
2021-04-07T18:10:22,23.6,17.3,32,28,900,5,0.4,237
2021-04-07T18:26:06,23.6,17.4,33,29,900,6,0.8,268
2021-04-07T18:41:50,23.4,17.4,31,27,900,6,0.3,289
2021-04-07T18:57:34,23.4,17.3,31,29,800,5,1.2,253
2021-04-07T19:13:28,23.4,16.9,32,28,900,5,0.3,157
2021-04-07T19:29:13,23.4,16.6,31,30,900,5,0.7,240
2021-04-07T19:44:58,23.6,14.0,37,48,900,6,3.5,245
2021-04-07T20:00:52,23.4,13.5,39,52,1000,7,0.6,216
2021-04-07T20:16:38,23.4,12.1,41,57,1200,7,1.6,259
2021-04-07T20:32:23,23.4,11.6,42,59,1300,9,1.1,167
2021-04-07T20:48:08,23.4,10.9,43,63,1300,9,1.4,262
2021-04-07T21:04:02,23.3,10.3,43,65,1400,11,1.8,252
2021-04-07T21:19:48,23.3,10.0,43,66,1500,11,2.8,218
2021-04-07T21:35:32,23.3,9.5,44,67,1500,11,2.1,256
2021-04-07T21:51:17,23.3,9.4,45,68,1500,12,1.0,189
2021-04-07T22:07:11,23.3,9.2,46,68,1500,11,0.4,179
2021-04-07T22:22:57,23.2,9.1,46,69,1500,12,0.6,220
2021-04-07T22:38:42,23.2,8.7,45,69,1600,12,0.4,165
2021-04-07T22:54:27,23.2,8.3,45,71,1600,13,1.4,127
2021-04-07T23:10:27,23.3,7.8,46,72,1600,13,0.9,121
2021-04-07T23:26:19,23.2,7.4,47,74,1700,14,0.5,155
2021-04-07T23:42:05,23.3,7.3,48,74,1800,15,2.6,101
2021-04-07T23:57:49,23.2,6.9,48,75,1800,16,1.8,104
2021-04-08T00:13:43,23.2,6.7,48,75,1800,16,0.4,128
2021-04-08T00:29:34,23.3,6.6,48,76,1900,15,0.3,268
2021-04-08T00:45:19,23.3,6.7,49,75,1800,14,0.3,74
2021-04-08T01:01:20,23.2,6.4,49,76,1900,17,0.9,82
2021-04-08T01:17:05,23.2,6.2,48,76,1800,15,0.9,111
2021-04-08T01:32:51,23.2,5.1,48,78,1700,16,1.1,200
2021-04-08T01:48:36,23.2,5.2,49,78,1800,17,1.4,63
2021-04-08T02:04:30,23.3,5.4,49,77,1800,16,1.2,140
2021-04-08T02:20:16,23.2,5.4,50,77,1800,15,1.0,134
2021-04-08T02:36:00,23.2,5.3,50,77,2000,17,2.2,125
2021-04-08T02:51:45,23.3,5.2,49,77,2000,17,1.2,98
2021-04-08T03:07:39,23.3,5.0,49,78,1800,17,0.4,145
2021-04-08T03:23:24,23.3,4.8,48,79,1800,17,0.7,63
2021-04-08T03:39:10,23.4,4.9,47,79,1700,17,1.4,119
2021-04-08T03:54:55,23.4,4.8,46,79,1600,17,0.7,103
2021-04-08T04:10:49,23.2,4.8,47,78,1600,16,0.7,78
2021-04-08T04:26:33,23.2,4.2,47,80,1700,17,0.0,92
2021-04-08T04:42:19,23.2,4.3,49,81,1800,17,0.9,83
2021-04-08T04:58:12,23.2,4.1,48,81,1800,17,0.5,146
2021-04-08T05:14:06,23.1,3.8,48,82,1800,17,0.3,311
2021-04-08T05:29:51,23.1,3.4,47,82,1800,18,0.1,167
2021-04-08T05:45:37,23.2,3.2,48,83,2000,18,0.3,282
2021-04-08T06:01:31,23.2,3.3,49,84,2100,19,0.3,50
2021-04-08T06:17:16,23.2,3.4,50,84,2100,19,0.4,151
2021-04-08T06:33:02,23.2,3.6,51,82,2100,19,0.2,319
2021-04-08T06:48:48,23.2,3.2,51,83,2200,19,0.3,248
2021-04-08T07:04:42,23.2,3.6,51,84,2100,18,0.3,327
2021-04-08T07:20:28,23.2,4.2,50,84,2100,18,0.2,38
2021-04-08T07:36:13,23.2,4.7,50,83,1900,17,0.7,134
2021-04-08T07:51:59,23.2,5.2,51,82,1800,17,0.8,124
2021-04-08T08:07:53,23.2,5.7,50,81,1800,17,1.1,117
2021-04-08T08:23:32,23.2,5.8,50,80,1800,16,0.4,103
2021-04-08T08:39:09,23.2,6.2,51,80,1800,16,0.5,21
2021-04-08T08:49:07,23.2,6.6,50,78,1800,15,0.4,243
2021-04-08T09:05:05,23.3,7.1,50,77,1700,15,0.2,311
2021-04-08T09:20:45,23.3,7.5,51,76,1700,15,0.4,60
2021-04-08T09:36:22,23.3,8.0,52,76,1700,15,0.1,309
2021-04-08T09:52:08,23.3,8.8,51,72,1700,13,0.2,230
2021-04-08T10:07:53,23.2,9.2,43,72,1200,10,0.9,111
2021-04-08T10:23:31,23.1,9.5,48,72,1300,11,0.2,176
2021-04-08T10:39:09,23.2,9.8,50,70,1500,12,0.8,91
2021-04-08T10:54:47,23.3,11.1,50,64,1500,11,0.1,213
2021-04-08T11:10:41,23.2,12.0,49,63,1400,12,1.4,216
2021-04-08T11:26:23,22.5,11.8,40,64,800,5,0.3,179
2021-04-08T11:41:58,22.0,13.5,42,59,800,5,1.4,185
2021-04-08T11:57:37,21.9,14.1,40,55,800,4,0.7,289
2021-04-08T12:13:20,21.8,14.7,41,53,800,5,1.4,195
2021-04-08T12:28:55,21.7,14.6,40,53,700,3,0.1,90
2021-04-08T12:44:29,21.6,14.9,39,54,700,3,1.3,258
2021-04-08T13:00:03,21.9,15.3,39,52,700,4,0.3,238
2021-04-08T13:15:47,22.0,14.9,40,52,700,4,0.7,123
2021-04-08T13:31:21,22.1,15.1,42,54,800,5,0.7,331
2021-04-08T13:46:55,23.0,16.6,40,48,1100,7,0.4,268
2021-04-08T14:02:38,23.1,15.8,41,50,1200,7,0.7,245
2021-04-08T14:18:12,23.3,16.3,43,49,1200,8,1.3,131
2021-04-08T14:33:46,23.4,17.0,42,47,1100,7,1.1,199
2021-04-08T14:49:19,23.4,17.3,41,47,1000,7,2.1,223
2021-04-08T15:05:02,23.4,17.5,42,46,1000,7,1.3,299
2021-04-08T15:20:37,23.4,17.4,42,47,1000,7,0.7,200
2021-04-08T15:36:11,23.4,17.1,42,46,1000,7,0.5,231
2021-04-08T15:51:44,23.6,17.4,41,46,1000,7,0.3,206
2021-04-08T16:07:28,23.5,17.2,40,45,900,6,0.7,251
2021-04-08T16:23:02,23.5,17.3,41,47,900,7,2.4,240
2021-04-08T16:38:36,23.6,17.4,41,47,900,6,0.4,285
2021-04-08T16:54:10,23.4,17.3,41,46,900,6,0.6,253
2021-04-08T17:09:54,23.6,17.3,41,46,900,6,0.9,173
2021-04-08T17:25:28,23.5,17.0,41,44,900,6,0.1,176
2021-04-08T17:41:02,23.6,16.8,41,46,900,6,0.4,209
2021-04-08T17:56:36,23.6,17.8,41,45,800,5,0.5,232
2021-04-08T18:12:19,23.5,17.5,42,46,900,5,0.5,213
2021-04-08T18:27:53,23.5,18.0,40,44,800,5,0.3,226
2021-04-08T18:43:27,23.6,18.4,40,44,800,5,1.1,253
2021-04-08T18:59:01,23.5,18.3,39,45,800,4,0.8,206
2021-04-08T19:14:45,23.4,16.6,42,53,800,6,1.0,274
2021-04-08T19:30:19,23.5,15.8,42,55,900,6,2.2,263
2021-04-08T19:45:53,23.4,15.0,43,57,900,7,2.5,285
2021-04-08T20:01:37,23.4,14.4,45,59,1000,7,1.4,248
2021-04-08T20:17:11,23.4,13.2,45,62,1100,7,1.7,218
2021-04-08T20:32:45,23.4,12.6,46,64,1300,8,1.1,218
2021-04-08T20:48:19,23.4,12.1,47,66,1400,9,0.8,219
2021-04-08T21:04:15,23.4,11.8,46,65,1400,10,0.0,1
2021-04-08T21:19:49,23.3,11.1,46,67,1400,10,0.4,322
2021-04-08T21:35:22,23.3,10.2,46,69,1400,10,0.3,90
2021-04-08T21:50:56,23.3,9.8,47,70,1400,11,0.4,146
2021-04-08T22:06:40,23.3,9.7,46,70,1400,10,1.4,125
2021-04-08T22:22:20,23.3,9.6,47,71,1500,11,0.8,127
2021-04-08T22:38:00,23.4,9.2,48,72,1600,11,1.3,109
2021-04-08T22:53:34,23.3,9.0,49,73,1600,12,1.0,129
2021-04-08T23:09:18,23.3,8.4,48,74,1600,12,1.4,95
2021-04-08T23:24:52,23.3,8.1,48,74,1600,12,2.1,146
2021-04-08T23:40:26,23.3,7.8,48,75,1600,12,1.4,103
2021-04-08T23:56:00,23.3,7.6,49,75,1700,14,0.7,80
2021-04-09T00:11:44,23.3,7.6,49,75,1700,13,0.5,30
2021-04-09T00:27:18,23.2,7.5,49,75,1600,13,0.6,21
2021-04-09T00:42:52,23.2,7.5,48,75,1600,13,0.4,301
2021-04-09T00:58:26,23.2,7.2,49,76,1600,14,0.4,115
2021-04-09T01:14:10,23.2,7.2,49,76,1700,15,2.4,116
2021-04-09T01:29:50,23.1,7.0,49,77,1600,15,1.6,135
2021-04-09T01:45:24,23.1,6.9,49,77,1700,15,0.5,52
2021-04-09T02:01:07,23.1,7.0,50,77,1700,15,2.0,102
2021-04-09T02:16:41,23.2,6.8,49,77,1700,15,1.6,122
2021-04-09T02:32:15,23.2,6.6,50,78,1800,16,0.9,54
2021-04-09T02:47:49,23.3,6.4,50,78,1900,16,2.2,107
2021-04-09T03:03:38,23.2,6.5,51,78,2000,17,1.3,174
2021-04-09T03:19:12,23.2,6.4,50,79,1900,16,0.7,98
2021-04-09T03:34:46,23.3,6.3,50,79,1900,17,2.2,98
2021-04-09T03:50:20,23.3,6.2,50,80,1700,16,1.3,230
2021-04-09T04:06:03,23.3,6.1,50,80,1700,17,0.4,94
2021-04-09T04:21:37,23.2,6.2,50,80,1700,17,1.6,110
2021-04-09T04:37:11,23.2,5.9,50,81,1900,17,1.1,174
2021-04-09T04:52:46,23.2,5.9,51,81,1900,17,0.4,312
2021-04-09T05:08:29,23.3,6.0,52,81,1900,18,2.1,79
2021-04-09T05:24:03,23.2,6.1,51,81,1800,17,1.6,100
2021-04-09T05:39:43,23.2,5.9,51,82,1800,18,1.2,104
2021-04-09T05:55:17,23.2,5.8,51,81,1900,18,1.0,169
2021-04-09T06:11:00,23.2,5.7,52,82,1900,18,0.9,100
2021-04-09T06:26:34,23.3,5.8,51,82,2000,19,1.5,133
2021-04-09T06:42:07,23.3,5.9,51,81,1900,18,2.2,124
2021-04-09T06:57:41,23.3,5.8,51,82,1900,17,0.3,197
2021-04-09T07:13:25,23.2,5.7,52,82,2000,19,0.7,28
2021-04-09T07:28:59,23.3,6.0,51,82,1900,18,1.9,189
2021-04-09T07:44:33,23.3,6.2,51,81,1800,17,0.3,93
2021-04-09T08:00:07,23.3,6.5,50,80,1700,16,1.3,85
2021-04-09T08:15:51,23.3,6.8,51,80,1700,17,1.7,93
2021-04-09T08:18:36,23.3,7.2,51,79,1700,17,0.8,96
2021-04-09T08:34:12,23.3,7.4,51,78,1700,16,1.7,75
2021-04-09T08:49:49,23.3,8.0,52,77,1700,15,2.8,87
2021-04-09T09:05:35,23.3,8.7,52,74,1800,13,1.2,102
2021-04-09T09:21:15,23.3,9.4,51,73,1600,13,2.1,98
2021-04-09T09:36:50,23.2,9.3,52,73,1500,13,2.8,131
2021-04-09T09:52:24,23.3,9.8,48,71,1300,10,1.5,112
2021-04-09T10:08:07,23.3,10.2,51,71,1400,11,0.5,101
2021-04-09T10:23:41,23.3,10.9,51,68,1500,11,1.5,110
2021-04-09T10:39:17,23.3,12.2,50,64,1500,12,1.6,158
2021-04-09T10:54:51,23.3,12.2,48,64,1400,11,2.3,106
2021-04-09T11:10:38,23.2,12.1,48,65,1400,11,2.6,104
2021-04-09T11:26:11,23.1,12.2,44,66,1200,7,0.3,99
2021-04-09T11:41:46,22.5,12.3,47,66,900,9,0.8,187
2021-04-09T11:57:20,22.3,12.5,45,66,700,6,0.3,127
2021-04-09T12:13:07,22.2,13.3,46,63,800,6,0.9,321
2021-04-09T12:28:41,22.3,13.8,47,62,900,7,2.2,218
2021-04-09T12:44:21,22.4,13.2,47,63,900,7,1.1,212
2021-04-09T12:59:55,22.4,12.8,46,67,1000,7,1.5,224
2021-04-09T13:15:40,22.2,11.7,47,73,700,6,0.8,181
2021-04-09T13:31:14,21.9,11.1,50,77,800,7,0.4,314
2021-04-09T13:46:50,22.0,10.8,53,78,900,7,0.1,182
2021-04-09T14:02:33,22.3,10.7,54,79,1200,9,0.5,194
2021-04-09T14:18:08,22.3,10.4,54,81,1300,9,0.4,235
2021-04-09T14:33:46,22.4,10.2,54,82,1300,10,0.8,219
2021-04-09T14:49:23,22.4,10.0,55,83,1400,10,0.7,172
2021-04-09T15:05:10,22.6,9.9,55,84,1300,10,0.3,57
2021-04-09T15:20:47,22.5,10.0,55,84,1200,10,0.8,83
2021-04-09T15:36:25,22.5,10.4,56,84,1300,10,0.2,229
2021-04-09T15:52:02,22.5,10.4,57,84,1400,9,0.4,90
2021-04-09T16:07:50,22.5,10.4,57,83,1300,10,1.8,107
2021-04-09T16:23:27,22.5,10.4,57,83,1300,10,0.4,164
2021-04-09T16:39:05,22.5,10.5,57,83,1400,9,0.3,130
2021-04-09T16:54:42,22.5,10.7,57,81,1400,10,0.4,265
2021-04-09T17:10:29,22.5,10.8,58,82,1400,10,0.7,78
2021-04-09T17:26:06,22.5,11.2,58,81,1300,9,2.1,61
2021-04-09T17:41:44,22.5,11.3,57,80,1300,9,0.9,160
2021-04-09T17:57:21,22.5,11.5,57,79,1300,9,0.2,284
2021-04-09T18:13:07,22.5,11.4,58,79,1400,10,0.4,155
2021-04-09T18:28:45,22.5,11.3,57,79,1300,10,1.0,87
2021-04-09T18:44:23,22.6,11.3,57,79,1300,10,1.2,84
2021-04-09T19:00:01,22.5,11.3,57,80,1300,9,0.4,179
2021-04-09T19:15:47,22.5,11.2,57,81,1300,9,1.6,106
2021-04-09T19:31:25,22.5,11.0,56,81,1200,9,0.4,298
2021-04-09T19:47:07,22.5,10.8,57,82,1200,9,0.2,121
2021-04-09T20:02:55,22.4,10.7,57,81,1300,10,0.8,96
2021-04-09T20:18:32,22.4,10.6,56,82,1300,11,1.1,139
2021-04-09T20:34:15,22.4,10.5,56,81,1300,9,0.3,31
2021-04-09T20:49:53,22.4,10.4,56,82,1300,9,0.3,218
2021-04-09T21:05:40,22.3,10.4,56,83,1200,10,0.9,79
2021-04-09T21:21:17,22.3,10.4,55,82,1300,10,0.5,243
2021-04-09T21:36:55,22.5,10.3,55,82,1400,10,0.9,263
2021-04-09T21:52:32,22.5,10.3,55,82,1300,10,0.5,180
2021-04-09T22:08:19,22.5,10.2,55,83,1300,10,0.8,102
2021-04-09T22:23:56,22.6,10.1,53,83,1200,10,1.0,95
2021-04-09T22:39:40,22.6,10.2,52,83,1000,8,1.7,97
2021-04-09T22:55:17,22.7,10.2,53,83,1000,9,1.7,98
2021-04-09T23:11:03,22.6,10.0,52,83,1000,9,0.3,218
2021-04-09T23:26:41,22.6,10.0,52,83,1000,9,1.1,119
2021-04-09T23:42:18,22.6,10.0,52,83,1100,9,0.8,163
2021-04-09T23:57:56,22.5,10.0,53,82,1200,10,0.6,268
2021-04-10T00:13:43,22.6,9.9,54,82,1300,11,1.6,123
2021-04-10T00:29:20,22.5,10.0,54,82,1300,11,0.8,80
2021-04-10T00:45:02,22.5,9.9,55,82,1400,11,1.1,108
2021-04-10T01:01:03,22.5,9.9,54,82,1300,11,0.4,69
2021-04-10T01:16:48,22.4,9.8,55,82,1300,11,0.6,63
2021-04-10T01:32:33,22.5,9.8,54,82,1400,11,0.3,33
2021-04-10T01:48:17,22.5,9.8,55,82,1300,11,0.5,90
2021-04-10T02:04:12,22.4,9.7,54,82,1400,11,0.8,104
2021-04-10T02:19:56,22.4,9.7,55,82,1400,11,0.8,131
2021-04-10T02:35:41,22.4,9.6,55,82,1400,11,0.4,96
2021-04-10T02:51:26,22.4,9.7,55,82,1300,12,1.0,116
2021-04-10T03:07:19,22.5,9.7,54,82,1400,12,0.7,106
2021-04-10T03:23:04,22.5,9.7,54,82,1300,12,0.3,221
2021-04-10T03:38:49,22.4,9.6,54,82,1300,11,0.9,126
2021-04-10T03:54:33,22.4,9.5,54,83,1300,11,0.1,261
2021-04-10T04:10:28,22.4,9.6,54,83,1400,12,0.2,208
2021-04-10T04:26:11,22.4,9.6,54,82,1400,11,0.6,312
2021-04-10T04:41:56,22.4,9.7,54,83,1400,11,0.2,53
2021-04-10T04:57:40,22.4,9.7,55,83,1400,12,0.8,131
2021-04-10T05:13:35,22.4,9.7,53,83,1300,11,0.4,316
2021-04-10T05:29:19,22.4,9.4,53,83,1300,11,0.2,140
2021-04-10T05:45:04,22.4,8.7,54,84,1300,12,0.9,67
2021-04-10T06:00:58,22.4,8.6,55,85,1500,13,0.8,318
2021-04-10T06:16:43,22.4,8.0,54,86,1500,14,0.4,219
2021-04-10T06:32:28,22.3,8.1,53,86,1400,13,0.2,201
2021-04-10T06:48:13,22.3,7.9,54,85,1400,13,0.2,84
2021-04-10T07:04:07,22.3,7.8,54,85,1500,13,0.2,318
2021-04-10T07:19:51,22.3,7.6,54,86,1500,14,0.3,318
2021-04-10T07:35:35,22.3,7.4,54,87,1500,15,0.9,111
2021-04-10T07:51:19,22.3,7.4,55,86,1600,15,0.1,178
2021-04-10T08:07:14,22.4,7.3,56,87,1600,15,0.2,140
2021-04-10T08:22:59,22.4,7.5,56,87,1700,14,0.2,228
2021-04-10T08:38:43,22.4,7.4,56,86,1700,14,0.6,133
2021-04-10T08:54:28,22.4,7.6,56,86,1600,13,0.8,90
2021-04-10T09:10:22,22.4,8.2,56,86,1500,13,0.5,0
2021-04-10T09:26:07,22.4,8.6,56,85,1400,13,0.5,301
2021-04-10T09:41:52,22.4,9.2,56,84,1400,12,0.5,132
2021-04-10T09:57:37,22.3,9.7,56,82,1400,12,0.7,100
2021-04-10T10:13:30,22.3,9.9,56,82,1500,12,0.4,11
2021-04-10T10:29:15,22.4,10.5,56,79,1500,12,0.7,77
2021-04-10T10:44:59,22.4,11.3,55,77,1400,10,0.2,196
2021-04-10T11:00:53,22.4,11.6,55,76,1400,11,0.3,70
2021-04-10T11:16:41,22.4,11.8,55,76,1300,11,2.0,125
2021-04-10T11:17:25,22.4,11.7,55,76,1300,11,1.0,119
2021-04-10T11:33:09,22.7,12.1,54,75,1300,10,0.9,194
2021-04-10T11:48:52,22.6,12.8,54,73,1200,8,0.9,157
2021-04-10T12:04:46,22.6,13.2,57,72,1300,9,0.7,227
2021-04-10T12:20:30,22.5,14.1,56,68,1200,9,0.6,93
2021-04-10T12:36:15,22.5,14.5,56,68,1100,9,1.0,117
2021-04-10T12:51:59,22.5,14.6,54,67,1100,10,1.1,212
2021-04-10T13:07:53,22.5,15.1,53,67,1000,8,0.9,221
2021-04-10T13:23:36,22.5,15.7,52,64,1000,8,0.6,164
2021-04-10T13:39:21,22.5,16.0,52,63,900,8,0.2,213
2021-04-10T13:55:04,22.5,16.3,51,62,900,8,0.1,179
2021-04-10T14:10:58,22.6,15.8,51,64,900,7,0.0,0
2021-04-10T14:26:41,22.6,16.1,51,64,900,7,0.5,251
2021-04-10T14:42:26,22.6,16.3,53,64,900,7,0.4,299
2021-04-10T14:58:10,22.6,16.9,53,63,900,7,1.3,218
2021-04-10T15:14:03,22.7,16.5,53,65,900,7,1.7,224
2021-04-10T15:29:47,22.5,16.6,55,64,900,7,0.2,156
2021-04-10T15:45:31,22.6,16.1,54,66,1000,7,0.0,180
2021-04-10T16:01:25,22.7,16.1,53,66,900,6,0.9,90
2021-04-10T16:17:09,22.6,16.7,53,65,900,6,0.6,156
2021-04-10T16:32:53,22.7,17.2,53,63,900,6,0.4,107
2021-04-10T16:48:37,22.6,17.8,54,62,900,6,0.2,218
2021-04-10T17:04:31,22.7,19.0,52,60,800,5,1.8,210
2021-04-10T17:20:14,22.7,18.8,52,60,700,4,0.9,97
2021-04-10T17:35:58,22.7,17.3,53,63,800,5,0.3,179
2021-04-10T17:51:43,22.7,17.2,54,63,800,5,1.2,235
2021-04-10T18:07:35,22.7,17.4,53,64,800,5,0.4,324
2021-04-10T18:23:20,22.7,17.7,52,63,700,5,1.5,146
2021-04-10T18:39:03,22.9,17.8,51,60,700,5,1.4,215
2021-04-10T18:54:47,22.6,16.7,53,65,800,5,2.0,230
2021-04-10T19:10:42,22.6,15.6,54,69,800,6,1.1,118
2021-04-10T19:26:26,22.6,15.4,55,70,900,6,1.3,219
2021-04-10T19:42:10,22.6,15.3,54,70,900,7,1.0,233
2021-04-10T19:57:54,22.5,14.6,55,72,1000,7,0.6,203
2021-04-10T20:13:53,22.5,14.4,56,73,900,7,0.3,221
2021-04-10T20:29:37,22.5,13.9,56,75,1000,8,0.9,177
2021-04-10T20:45:21,22.5,13.5,56,76,1100,7,0.2,190
2021-04-10T21:01:14,22.5,12.6,55,78,1100,8,1.2,117
2021-04-10T21:16:58,22.6,12.4,54,78,900,7,0.6,166
2021-04-10T21:32:42,22.6,11.9,53,80,900,7,0.7,169
2021-04-10T21:48:26,22.7,11.6,53,81,1000,7,0.9,110
2021-04-10T22:04:19,22.7,11.3,53,82,900,7,0.4,146
2021-04-10T22:20:02,22.7,11.1,53,82,900,7,0.2,130
2021-04-10T22:35:46,22.7,11.0,53,82,900,7,0.4,112
2021-04-10T22:51:31,22.6,10.8,53,83,900,8,0.5,145
2021-04-10T23:07:25,22.6,10.6,52,83,1000,7,0.2,269
2021-04-10T23:23:09,22.6,10.7,52,83,900,7,1.3,95
2021-04-10T23:38:53,22.5,10.8,54,83,1000,8,0.2,219
2021-04-10T23:54:37,22.5,10.6,55,83,1200,9,1.4,235
2021-04-11T00:10:31,22.5,10.4,55,83,1200,9,0.5,100
2021-04-11T00:26:15,22.5,10.2,55,84,1200,9,0.7,206
2021-04-11T00:41:59,22.5,9.9,55,84,1300,9,0.2,136
2021-04-11T00:57:43,22.5,9.5,54,85,1300,11,0.2,270
2021-04-11T01:13:37,22.3,9.0,55,86,1300,12,0.2,44
2021-04-11T01:29:21,22.3,9.0,55,86,1400,12,0.3,51
2021-04-11T01:45:06,22.3,8.8,55,87,1400,12,1.7,96
2021-04-11T02:01:04,22.3,8.9,56,88,1400,12,1.6,115
2021-04-11T02:16:49,22.3,8.6,56,86,1500,13,0.7,79
2021-04-11T02:32:32,22.3,8.3,55,87,1500,13,0.4,7
2021-04-11T02:48:16,22.3,8.5,55,89,1400,13,1.2,112
2021-04-11T03:04:10,22.3,8.2,55,88,1400,13,0.2,306
2021-04-11T03:19:53,22.4,7.8,54,88,1400,13,0.3,210
2021-04-11T03:35:36,22.4,7.5,53,88,1400,14,1.2,311
2021-04-11T03:51:21,22.5,7.2,52,89,1300,11,0.5,327
2021-04-11T04:07:14,22.5,7.5,52,90,1200,10,0.7,117
2021-04-11T04:22:58,22.3,7.6,53,90,1200,12,0.2,232
2021-04-11T04:38:43,22.3,7.1,53,89,1300,13,0.7,319
2021-04-11T04:54:27,22.3,7.0,54,90,1400,14,0.4,203
2021-04-11T05:10:21,22.3,7.2,54,90,1400,13,0.7,243
2021-04-11T05:26:06,22.3,7.0,55,89,1600,15,0.2,315
2021-04-11T05:41:50,22.4,6.6,55,89,1700,16,0.2,315
2021-04-11T05:57:34,22.4,6.2,54,90,1700,14,0.2,196
2021-04-11T06:13:28,22.4,5.9,54,89,1700,14,0.1,126
2021-04-11T06:29:11,22.3,6.3,55,91,1800,16,0.2,139
2021-04-11T06:44:56,22.3,6.4,54,91,1700,16,0.3,131
2021-04-11T07:00:50,22.4,6.3,55,90,1700,17,0.4,321
2021-04-11T07:16:34,22.4,6.1,53,90,1600,14,0.1,177
2021-04-11T07:32:18,22.3,6.0,53,90,1600,14,0.4,247
2021-04-11T07:48:02,22.3,6.0,55,90,1600,14,0.8,74
2021-04-11T08:03:56,22.3,6.7,54,91,1500,14,0.5,131
2021-04-11T08:19:40,22.3,7.3,55,90,1500,13,0.2,312
2021-04-11T08:35:24,22.3,7.4,55,89,1700,15,0.3,113
2021-04-11T08:51:09,22.4,7.6,56,90,1700,14,0.1,0
2021-04-11T09:07:02,22.4,8.1,57,90,1600,14,1.1,16
2021-04-11T09:22:46,22.4,9.2,57,89,1500,13,0.5,117
2021-04-11T09:38:30,22.4,9.6,56,89,1500,12,0.2,64
2021-04-11T09:54:14,22.4,10.2,56,86,1300,11,0.4,66
2021-04-11T10:10:07,22.4,10.8,56,85,1400,11,0.4,157
2021-04-11T10:25:52,22.4,11.0,57,85,1300,10,0.4,73
2021-04-11T10:41:36,22.4,11.3,57,84,1200,10,1.0,71
2021-04-11T10:57:20,22.4,11.6,58,85,1200,10,0.7,68
2021-04-11T11:13:14,22.4,11.8,58,85,1200,10,0.1,111
2021-04-11T11:28:58,22.4,12.5,59,83,1200,11,0.2,268
2021-04-11T11:44:42,22.4,13.3,59,79,1300,11,0.9,163
2021-04-11T12:00:35,22.5,13.3,58,79,1200,10,0.9,300
2021-04-11T12:16:30,22.5,13.5,58,79,1200,10,0.3,163
2021-04-11T12:32:14,22.5,13.5,58,78,1200,10,0.2,179
2021-04-11T12:47:58,22.6,14.5,56,75,1200,9,0.1,143
2021-04-11T13:03:52,22.5,14.4,57,74,1100,9,0.7,131
2021-04-11T13:19:36,22.7,14.3,57,78,1000,8,0.6,190
2021-04-11T13:35:20,22.5,14.3,58,77,1000,9,0.9,124
2021-04-11T13:51:04,22.6,14.5,58,79,1000,9,0.2,219
2021-04-11T14:06:57,22.5,14.1,59,80,900,9,1.0,227
2021-04-11T14:22:41,22.6,14.4,60,80,1100,9,0.0,181
2021-04-11T14:38:25,22.7,16.6,59,75,1000,8,0.7,160
2021-04-11T14:54:09,22.7,17.9,60,67,900,7,0.2,239
2021-04-11T15:10:03,22.6,16.5,59,70,900,8,1.1,200
2021-04-11T15:25:47,22.7,17.0,58,69,900,7,1.1,210
2021-04-11T15:41:31,22.7,16.6,58,69,1000,7,0.7,239
2021-04-11T15:57:15,22.6,15.5,58,74,1000,7,0.8,228
2021-04-11T16:13:09,22.6,15.1,58,75,1000,7,0.2,238
2021-04-11T16:28:53,22.6,14.6,60,83,1000,7,0.4,234
2021-04-11T16:44:37,22.5,15.3,61,78,1000,7,0.7,226
2021-04-11T17:00:31,22.6,14.8,61,80,1000,7,2.0,268
2021-04-11T17:16:25,22.6,13.4,62,85,1100,8,0.9,234
2021-04-11T17:32:09,22.5,12.7,64,88,1200,8,0.2,329
2021-04-11T17:47:54,22.5,12.8,64,88,1200,8,0.6,219
2021-04-11T18:03:47,22.5,13.2,65,89,1200,9,1.2,275
2021-04-11T18:19:31,22.5,13.8,65,88,1100,8,1.0,268
2021-04-11T18:35:15,22.6,14.1,64,86,1200,7,0.6,222
2021-04-11T18:51:00,22.6,14.6,67,84,1100,8,0.8,192
2021-04-11T19:06:53,22.6,15.5,64,82,1000,7,0.9,273
2021-04-11T19:22:43,22.6,15.5,61,76,1000,7,1.3,74
2021-04-11T19:38:27,22.5,15.7,60,73,900,7,1.2,83
2021-04-11T19:54:11,22.5,13.9,59,79,1000,7,0.9,227
2021-04-11T20:10:04,22.5,13.5,59,81,1000,7,0.3,180
2021-04-11T20:25:48,22.7,13.5,58,82,900,7,0.5,180
2021-04-11T20:41:31,22.6,13.3,58,82,900,7,0.5,131
2021-04-11T20:57:15,22.5,13.2,58,81,1000,7,0.8,36
2021-04-11T21:13:08,22.5,13.2,56,78,1000,7,0.6,283
2021-04-11T21:28:52,22.5,12.9,56,79,1000,8,1.9,291
2021-04-11T21:44:36,22.5,12.5,56,80,1100,8,1.7,292
2021-04-11T22:00:20,22.3,12.4,57,77,1100,8,1.6,297
2021-04-11T22:16:14,22.4,11.6,53,73,1200,9,0.5,246
2021-04-11T22:31:58,22.5,11.4,50,74,1000,8,0.5,259
2021-04-11T22:47:42,22.6,10.7,49,75,1000,8,1.3,102
2021-04-11T23:03:37,22.6,10.5,48,75,1000,8,1.2,19
2021-04-11T23:19:21,22.6,10.2,48,76,1000,8,1.4,136
2021-04-11T23:35:05,22.5,9.8,50,76,1100,9,0.5,314
2021-04-11T23:50:49,22.4,9.8,51,74,1300,10,1.8,263
2021-04-12T00:06:42,22.4,9.1,51,77,1300,11,0.1,267
2021-04-12T00:22:26,22.4,8.8,50,77,1300,10,0.4,248
2021-04-12T00:38:10,22.3,8.3,51,77,1200,11,1.1,255
2021-04-12T00:53:54,22.3,8.2,52,78,1300,13,1.1,245
2021-04-12T01:09:53,22.3,7.5,52,79,1500,14,1.8,273
2021-04-12T01:25:37,22.3,7.5,52,78,1500,13,2.6,263
2021-04-12T01:41:21,22.3,7.3,52,79,1400,13,1.1,278
2021-04-12T01:57:05,22.2,7.2,52,78,1500,13,2.8,268
2021-04-12T02:13:05,22.2,7.4,52,77,1600,14,2.3,277
2021-04-12T02:28:49,22.4,7.2,50,75,1400,12,0.9,240
2021-04-12T02:44:33,22.5,7.1,47,75,1300,12,3.3,306
2021-04-12T03:00:17,22.4,6.8,47,76,1300,12,0.2,299
2021-04-12T03:16:11,22.5,6.8,46,76,1300,11,1.2,276
2021-04-12T03:31:55,22.5,6.5,46,76,1200,12,0.2,35
2021-04-12T03:47:39,22.5,6.4,48,76,1300,12,2.0,298
2021-04-12T04:03:33,22.3,6.1,50,77,1400,13,1.1,254
2021-04-12T04:19:18,22.3,6.0,51,78,1600,13,1.9,279
2021-04-12T04:35:02,22.3,5.8,49,78,1500,13,0.5,282
2021-04-12T04:50:46,22.4,5.7,49,79,1600,14,1.3,248
2021-04-12T05:06:39,22.3,5.6,50,80,1600,14,1.0,315
2021-04-12T05:22:23,22.3,5.1,50,81,1700,15,0.5,297
2021-04-12T05:38:07,22.3,5.0,50,81,1700,15,0.6,249
2021-04-12T05:53:50,22.5,4.8,49,82,1500,13,0.7,160
2021-04-12T06:09:44,22.4,4.7,49,82,1500,15,0.2,160
2021-04-12T06:25:28,22.5,4.4,48,83,1400,14,0.7,287
2021-04-12T06:41:11,22.5,4.2,48,83,1400,14,0.3,89
2021-04-12T06:56:55,22.5,4.2,48,84,1400,15,0.7,283
2021-04-12T07:12:49,22.5,4.6,46,82,1400,14,1.0,225
2021-04-12T07:28:33,22.5,4.6,47,82,1400,14,1.0,304
2021-04-12T07:44:17,22.3,5.1,49,79,1500,15,1.0,249
2021-04-12T08:00:01,22.3,5.2,50,78,1600,15,1.9,222
2021-04-12T08:15:55,22.3,5.2,50,77,1500,15,1.3,274
2021-04-12T08:31:42,22.3,5.1,49,77,1600,14,1.7,263
2021-04-12T08:33:15,22.3,5.2,50,77,1600,13,1.3,149
2021-04-12T08:49:03,22.3,5.6,48,76,1500,13,2.0,249
2021-04-12T09:04:58,22.1,5.8,46,74,1300,12,1.9,265
2021-04-12T09:20:41,22.2,5.9,47,74,1300,13,1.1,332
2021-04-12T09:36:16,22.3,7.2,47,70,1400,12,0.5,325
2021-04-12T09:51:50,22.2,7.4,48,68,1400,13,0.8,146
2021-04-12T10:07:34,22.3,6.5,50,70,1500,12,0.7,178
2021-04-12T10:23:07,22.4,7.7,49,68,1700,12,1.4,297
2021-04-12T10:38:50,22.2,8.6,48,66,1400,10,0.7,258
2021-04-12T10:54:31,22.3,8.9,46,62,1400,11,0.7,328
2021-04-12T11:10:15,22.3,9.0,46,63,1400,12,0.5,299
2021-04-12T11:25:43,22.3,11.1,47,57,1400,12,1.1,200
2021-04-12T11:35:44,22.4,11.3,46,54,1500,12,0.7,309
2021-04-12T11:51:27,22.4,12.0,45,55,1400,12,0.7,195
2021-04-12T12:07:19,22.4,12.5,43,51,1300,11,2.8,207
2021-04-12T12:22:53,22.3,12.6,43,51,1200,12,0.9,248
2021-04-12T12:38:30,22.3,13.6,44,49,1200,9,0.6,334
2021-04-12T12:54:15,22.6,13.3,43,49,1300,7,1.7,308
2021-04-12T13:10:15,22.5,14.3,45,47,1200,7,2.6,241
2021-04-12T13:26:00,22.6,14.6,42,49,1100,6,2.3,194
2021-04-12T13:41:45,22.5,15.2,43,47,1100,8,2.9,92
2021-04-12T13:57:30,22.4,15.3,43,47,1000,8,1.6,89
2021-04-12T14:13:24,22.4,16.2,42,45,1100,8,0.5,125
2021-04-12T14:29:09,22.4,16.4,41,45,1000,8,1.8,299
2021-04-12T14:44:53,22.4,16.7,40,44,1000,8,1.4,241
2021-04-12T15:00:48,22.6,16.9,40,43,1000,8,1.3,238
2021-04-12T15:16:32,22.6,17.6,39,42,900,7,0.2,266
2021-04-12T15:32:16,22.7,17.6,40,39,900,6,1.3,113
2021-04-12T15:48:01,22.6,17.4,40,39,900,6,1.6,78
2021-04-12T16:03:55,22.6,17.8,39,38,900,7,1.5,227
2021-04-12T16:19:39,22.7,18.0,39,37,900,6,0.9,198
2021-04-12T16:35:24,22.7,18.9,38,36,800,6,0.8,26
2021-04-12T16:51:08,22.7,18.9,37,35,800,6,1.3,189
2021-04-12T17:07:02,22.7,18.9,36,33,800,6,1.9,321
2021-04-12T17:22:47,22.7,18.6,35,34,700,4,1.6,284
2021-04-12T17:38:31,22.9,18.9,36,31,800,5,0.9,325
2021-04-12T17:54:16,22.7,18.3,35,33,800,5,0.6,108
2021-04-12T18:10:15,22.6,18.4,35,33,700,5,0.9,332
2021-04-12T18:26:00,22.7,18.2,35,33,700,5,0.7,246
2021-04-12T18:41:50,22.7,18.0,34,33,700,5,1.3,94
2021-04-12T18:57:34,22.7,17.9,35,35,700,5,1.3,318
2021-04-12T19:13:29,22.7,17.4,37,36,800,5,0.9,321
2021-04-12T19:29:13,22.7,17.3,37,37,800,5,1.6,106
2021-04-12T19:44:57,22.7,16.7,36,39,800,5,1.4,98
2021-04-12T20:00:51,22.6,16.4,37,41,800,5,0.7,169
2021-04-12T20:16:35,22.5,15.8,37,43,900,5,0.5,162
2021-04-12T20:32:20,22.5,15.1,40,46,900,6,0.3,216
2021-04-12T20:48:04,22.5,13.4,41,52,1000,6,0.2,307
2021-04-12T21:03:58,22.5,13.0,41,52,1000,7,1.1,322
2021-04-12T21:19:42,22.4,12.7,41,52,1000,7,0.2,230
2021-04-12T21:35:27,22.4,12.5,41,53,1100,7,0.7,249
2021-04-12T21:51:11,22.4,12.1,40,54,1100,7,0.9,257
2021-04-12T22:07:04,22.4,12.0,41,54,1100,8,0.4,335
2021-04-12T22:22:49,22.4,11.7,40,54,1200,8,1.1,258
2021-04-12T22:38:33,22.4,11.0,41,56,1200,7,1.1,207
2021-04-12T22:54:18,22.3,10.6,42,58,1200,8,1.1,272
2021-04-12T23:10:11,22.3,9.7,43,61,1200,9,0.2,142
2021-04-12T23:25:55,22.4,9.0,44,65,1400,10,0.4,310
2021-04-12T23:41:39,22.4,8.9,44,63,1400,11,0.9,332
2021-04-12T23:57:23,22.3,9.2,43,61,1300,10,0.3,116
2021-04-13T00:13:16,22.3,8.6,46,64,1400,12,0.3,101
2021-04-13T00:29:00,22.4,7.8,46,69,1500,12,0.2,302
2021-04-13T00:44:44,22.4,7.2,48,71,1500,12,0.1,93
2021-04-13T01:00:38,22.3,6.5,49,73,1600,13,0.2,22
2021-04-13T01:16:31,22.3,6.3,50,74,1700,14,0.6,342
2021-04-13T01:32:15,22.3,6.2,50,74,1700,14,0.2,256
2021-04-13T01:47:59,22.3,5.9,49,75,1700,14,0.1,313
2021-04-13T02:03:52,22.4,5.8,46,75,1500,13,0.2,0
2021-04-13T02:19:36,22.4,5.7,47,76,1400,13,0.3,182
2021-04-13T02:35:21,22.5,5.5,45,77,1400,12,0.2,45
2021-04-13T02:51:05,22.5,5.4,45,77,1300,12,0.3,341
2021-04-13T03:06:58,22.5,5.1,45,78,1400,12,0.9,135
2021-04-13T03:22:42,22.5,4.4,45,81,1500,13,0.2,91
2021-04-13T03:38:26,22.5,4.3,46,81,1500,13,0.4,222
2021-04-13T03:54:10,22.5,4.3,46,82,1500,13,0.4,37
2021-04-13T04:10:03,22.5,4.3,45,81,1400,12,0.3,163
2021-04-13T04:25:48,22.5,4.3,46,82,1400,12,0.5,322
2021-04-13T04:41:31,22.5,4.4,45,82,1400,13,0.2,218
2021-04-13T04:57:16,22.5,4.5,46,82,1500,13,0.7,27
2021-04-13T05:13:09,22.5,4.6,46,81,1500,13,0.5,337
2021-04-13T05:28:53,22.5,4.0,46,83,1400,13,0.3,38
2021-04-13T05:44:37,22.5,3.9,46,83,1500,13,0.3,316
2021-04-13T06:00:31,22.5,3.5,45,85,1400,13,0.6,17
2021-04-13T06:16:24,22.5,3.4,45,84,1400,13,0.8,13
2021-04-13T06:32:08,22.4,3.1,45,85,1500,13,0.4,327
2021-04-13T06:47:59,22.4,3.0,47,85,1500,16,0.9,339
2021-04-13T07:03:52,22.6,2.6,44,86,1600,14,0.3,306
2021-04-13T07:19:36,22.5,2.3,45,86,1500,13,0.3,310
2021-04-13T07:35:21,22.5,2.4,46,87,1500,14,0.5,324
2021-04-13T07:51:05,22.5,2.6,47,86,1500,13,0.3,67
2021-04-13T08:06:58,22.5,2.3,47,86,1500,13,0.3,312
2021-04-13T08:11:04,22.5,2.9,46,87,1500,13,0.2,305
2021-04-13T08:26:54,22.5,3.1,48,87,1500,13,0.3,263
2021-04-13T08:42:38,22.5,4.3,48,84,1500,13,0.1,0
2021-04-13T08:58:22,22.5,5.7,48,81,1400,12,0.1,320
2021-04-13T09:14:17,22.3,7.8,51,71,1600,12,0.2,219
2021-04-13T09:30:02,21.8,8.5,42,70,1000,6,0.2,138
2021-04-13T09:45:49,21.0,10.2,43,64,800,4,0.4,173
2021-04-13T09:54:29,20.9,10.8,43,62,800,4,0.5,245
2021-04-13T10:06:04,20.8,11.2,41,62,800,4,0.4,161
2021-04-13T10:21:46,20.8,11.6,40,59,800,4,0.5,195
2021-04-13T10:37:28,20.7,12.4,40,57,800,5,0.5,321
2021-04-13T10:53:16,20.8,13.0,41,54,800,3,0.4,200
2021-04-13T11:09:14,22.2,12.8,45,53,1300,8,0.2,109
2021-04-13T11:24:57,22.4,13.6,48,53,1400,8,2.1,219
2021-04-13T11:40:40,22.4,14.5,46,48,1200,9,1.4,217
2021-04-13T11:56:26,22.4,15.1,43,45,1100,8,0.2,303
2021-04-13T12:12:21,22.5,15.8,43,45,1200,8,0.4,293
2021-04-13T12:28:08,22.5,16.4,42,41,1100,8,0.6,276
2021-04-13T12:43:55,22.5,16.7,41,42,1000,9,1.5,89
2021-04-13T12:59:42,22.4,17.6,40,41,900,7,0.4,278
2021-04-13T13:15:39,22.4,17.7,39,39,900,8,0.8,316
2021-04-13T13:31:24,22.5,18.5,38,38,900,7,0.8,272
2021-04-13T13:38:50,22.5,17.9,37,37,900,7,0.9,273
2021-04-13T13:48:26,22.6,18.8,37,33,900,7,1.7,195
2021-04-13T14:04:20,22.5,19.2,36,34,800,7,0.3,295
2021-04-13T14:20:05,22.7,19.5,35,32,900,6,0.9,267
2021-04-13T14:35:49,22.7,19.8,35,33,800,6,1.0,252
2021-04-13T14:51:33,22.7,20.5,35,29,800,6,0.9,119
2021-04-13T15:07:27,22.7,21.3,34,27,800,5,0.9,256
2021-04-13T15:23:11,22.7,20.9,34,28,800,5,0.2,152
2021-04-13T15:39:01,22.7,20.8,33,29,700,4,1.7,93
2021-04-13T15:54:45,22.7,21.5,33,28,600,4,0.4,336
2021-04-13T16:10:39,22.7,21.3,33,28,600,3,2.0,228
2021-04-13T16:26:26,22.6,19.5,34,32,600,4,0.6,234
2021-04-13T16:42:10,22.7,21.3,32,29,600,3,1.4,253
2021-04-13T16:57:54,22.8,20.8,32,28,600,3,2.3,229
2021-04-13T17:13:47,22.6,19.6,32,28,700,4,0.4,90
2021-04-13T17:29:31,22.6,19.0,33,28,700,4,0.5,225
2021-04-13T17:45:15,22.6,18.7,33,31,700,4,0.7,258
2021-04-13T18:01:09,22.7,18.6,32,29,800,4,0.1,222
2021-04-13T18:16:53,22.7,19.1,33,31,700,4,0.3,126
2021-04-13T18:32:37,22.6,18.9,34,33,700,4,0.4,268
2021-04-13T18:48:21,22.6,18.0,36,37,700,4,0.8,200
2021-04-13T19:04:15,22.7,17.6,36,38,800,5,0.2,86
2021-04-13T19:20:00,22.7,17.1,37,39,800,5,0.4,104
2021-04-13T19:35:44,22.7,16.8,37,41,800,5,0.7,130
2021-04-13T19:51:28,22.6,16.6,40,44,900,5,0.2,55
2021-04-13T20:07:21,22.5,15.9,45,62,900,6,1.1,239
2021-04-13T20:23:05,22.6,15.5,48,64,900,6,0.2,179
2021-04-13T20:38:49,22.6,14.8,49,67,900,7,0.2,90
2021-04-13T20:54:39,22.5,14.5,49,69,900,6,0.9,185
2021-04-13T21:10:33,22.5,14.0,50,70,900,7,0.3,175
2021-04-13T21:26:17,22.4,14.0,50,70,900,7,0.7,197
2021-04-13T21:42:01,22.4,13.7,51,70,900,8,0.6,203
2021-04-13T21:57:45,22.4,13.5,50,70,1000,8,0.9,254
2021-04-13T22:13:38,22.5,13.5,50,70,1000,8,1.5,247
2021-04-13T22:29:23,22.5,13.4,50,71,1000,7,0.9,124
2021-04-13T22:45:07,22.5,13.1,51,72,1000,7,0.7,114
2021-04-13T23:01:00,22.5,12.5,52,75,1000,8,0.5,104
2021-04-13T23:16:44,22.4,12.2,53,77,1100,8,0.5,116
2021-04-13T23:32:27,22.4,12.1,53,77,1100,9,0.8,72
2021-04-13T23:48:11,22.4,12.1,52,77,1000,7,1.5,126
2021-04-14T00:04:05,22.4,12.2,52,76,1000,7,0.3,68
2021-04-14T00:19:49,22.4,12.1,53,77,1100,9,1.8,93
2021-04-14T00:35:32,22.4,12.1,54,77,1100,9,1.0,110
2021-04-14T00:51:16,22.5,12.1,53,77,1200,9,0.2,52
2021-04-14T01:07:09,22.5,12.0,53,77,1100,9,0.9,103
2021-04-14T01:22:53,22.4,11.7,53,78,1100,8,1.1,78
2021-04-14T01:38:37,22.4,11.5,53,79,1100,9,0.4,246
2021-04-14T01:54:21,22.4,11.5,54,79,1100,9,0.3,55
2021-04-14T02:10:14,22.4,11.4,54,79,1300,10,0.6,103
2021-04-14T02:25:58,22.4,11.4,55,78,1200,10,0.6,217
2021-04-14T02:41:42,22.4,11.5,54,78,1200,10,0.7,116
2021-04-14T02:57:26,22.4,11.3,54,79,1300,10,0.2,118
2021-04-14T03:13:20,22.4,11.2,54,79,1300,11,1.3,90
2021-04-14T03:29:10,22.4,11.0,54,79,1300,11,0.2,5
2021-04-14T03:44:54,22.4,11.0,54,80,1300,12,0.3,233
2021-04-14T04:00:47,22.4,11.0,54,80,1300,11,0.5,98
2021-04-14T04:16:31,22.5,11.0,54,79,1200,10,0.5,76
2021-04-14T04:32:15,22.5,10.9,54,79,1200,10,0.6,77
2021-04-14T04:47:59,22.5,10.8,53,80,1200,10,0.7,78
2021-04-14T05:03:52,22.5,10.8,53,79,1200,11,0.2,230
2021-04-14T05:19:36,22.5,10.5,53,81,1200,11,0.7,136
2021-04-14T05:35:20,22.4,10.5,54,80,1300,12,0.2,90
2021-04-14T05:51:03,22.4,10.5,54,80,1300,11,0.2,105
2021-04-14T06:06:57,22.5,10.4,53,80,1300,12,0.3,56
2021-04-14T06:22:47,22.4,10.3,53,81,1200,11,0.4,113
2021-04-14T06:38:37,22.4,10.3,54,80,1300,13,0.4,130
2021-04-14T06:54:21,22.4,10.4,54,80,1400,13,1.4,98
2021-04-14T07:10:15,22.5,10.2,54,81,1300,13,1.5,94
2021-04-14T07:25:59,22.5,10.3,53,81,1200,10,0.3,109
2021-04-14T07:41:43,22.4,10.3,54,81,1200,11,0.3,130
2021-04-14T07:57:27,22.4,10.4,54,81,1200,11,1.4,161
2021-04-14T08:13:20,22.4,10.6,54,80,1200,10,0.7,133
2021-04-14T08:29:05,22.4,10.7,54,80,1300,10,1.3,109
2021-04-14T08:44:49,22.4,11.1,54,79,1200,11,1.4,98
2021-04-14T09:00:42,22.6,11.4,54,79,1200,10,0.4,74
2021-04-14T09:16:36,22.5,11.8,55,78,1100,8,1.5,75
2021-04-14T09:32:23,22.5,12.0,54,77,1100,8,0.4,61
2021-04-14T09:48:07,22.2,13.2,52,73,800,7,0.9,55
2021-04-14T10:04:01,22.2,14.0,52,70,800,7,0.2,222
2021-04-14T10:19:45,21.9,15.5,51,66,700,4,1.1,186
2021-04-14T10:35:28,22.0,15.8,52,65,800,5,0.6,163
2021-04-14T10:51:11,22.4,14.9,53,67,1000,8,1.0,219
2021-04-14T11:07:04,22.5,16.5,52,63,900,7,2.5,210
2021-04-14T11:22:48,22.5,16.5,51,61,900,7,1.2,137
2021-04-14T11:38:33,22.7,16.2,50,62,1000,7,0.5,173
2021-04-14T11:54:18,22.7,16.8,53,61,1100,7,1.1,162
2021-04-14T12:10:13,23.2,17.6,51,58,1100,6,1.2,327
2021-04-14T12:26:03,23.5,17.5,50,59,1100,6,0.4,232
2021-04-14T12:41:47,23.3,19.0,50,55,1000,6,0.3,104
2021-04-14T12:57:30,23.3,17.8,49,57,1000,6,0.2,237
2021-04-14T13:13:23,23.3,20.5,48,50,900,5,1.2,318
2021-04-14T13:29:08,23.3,18.8,47,54,800,5,0.5,270
2021-04-14T13:44:48,23.3,20.4,46,48,800,5,1.1,129
2021-04-14T14:00:34,23.3,20.4,45,47,800,5,1.6,330
2021-04-14T14:16:22,23.4,19.5,45,51,800,4,1.9,306
2021-04-14T14:32:02,23.5,19.7,45,52,700,4,1.6,236
2021-04-14T14:47:41,23.6,20.9,45,49,700,4,2.6,216
2021-04-14T15:03:29,23.6,19.5,44,51,700,5,0.9,212
2021-04-14T15:19:07,23.6,20.4,44,49,700,4,2.1,270
2021-04-14T15:34:45,23.6,20.5,44,47,700,4,1.0,268
2021-04-14T15:50:23,23.7,20.0,44,51,700,4,1.0,198
2021-04-14T16:06:11,23.7,20.3,46,52,700,4,2.6,112
2021-04-14T16:09:10,23.7,18.7,46,54,700,4,1.4,279
2021-04-14T16:24:53,23.7,18.9,47,54,700,4,4.0,233
2021-04-14T16:40:31,23.7,18.0,47,57,700,4,0.9,200
2021-04-14T16:56:09,23.7,18.0,47,58,700,4,2.0,288
2021-04-14T17:11:57,23.7,17.8,47,58,700,4,2.5,257
2021-04-14T17:27:35,23.7,17.8,47,57,700,4,2.0,229
2021-04-14T17:43:13,23.6,18.6,47,55,700,4,1.5,170
2021-04-15T08:36:24,22.8,10.5,54,81,1300,11,0.9,90
2021-04-15T08:52:07,23.1,10.8,55,80,1300,10,0.7,122
2021-04-15T09:08:00,23.1,11.6,55,78,1300,10,0.9,105
2021-04-15T09:23:45,23.1,12.0,55,75,1200,10,0.7,3
2021-04-15T09:39:29,23.1,12.4,53,73,1200,9,1.4,164
2021-04-15T09:55:13,23.2,13.1,53,71,1100,8,0.8,108
2021-04-15T10:11:06,23.2,13.4,52,65,1200,8,0.3,143
2021-04-15T10:26:46,23.2,13.3,53,67,1200,9,0.5,232
2021-04-15T10:42:22,23.2,14.4,51,64,1100,8,0.2,124
2021-04-15T10:58:03,23.2,14.5,49,64,1000,8,1.0,164
2021-04-15T11:13:56,23.2,14.4,48,66,1000,8,1.0,97
2021-04-15T11:29:32,23.2,15.4,48,64,1000,7,1.1,150
2021-04-15T11:45:11,23.1,16.3,46,60,800,7,0.3,290
2021-04-15T12:01:00,22.5,16.0,48,62,800,5,0.2,268
2021-04-15T12:16:43,22.5,16.3,49,61,800,4,1.6,220
2021-04-15T12:32:20,22.2,17.6,50,58,800,3,1.6,260
2021-04-15T12:48:02,22.0,17.1,49,59,700,3,0.3,233
2021-04-15T13:03:50,21.8,15.9,50,62,600,3,1.3,209
2021-04-15T13:19:26,22.8,15.6,49,62,900,5,0.3,251
2021-04-15T13:35:02,23.0,17.7,49,59,900,5,1.2,319
2021-04-15T13:50:43,22.5,17.0,49,61,800,5,1.6,239
2021-04-15T14:06:37,23.0,15.8,49,65,800,5,2.8,221
2021-04-15T14:22:19,23.1,17.7,47,57,800,5,1.3,158
2021-04-15T14:38:00,23.2,17.5,46,56,900,5,1.6,205
2021-04-15T14:53:41,23.2,17.7,46,56,800,5,3.2,239
2021-04-15T15:09:32,23.2,17.3,46,56,800,5,1.0,267
2021-04-15T15:25:13,23.2,17.0,46,56,800,5,0.5,27
2021-04-15T15:40:54,23.2,17.0,46,56,900,6,1.7,235
2021-04-15T15:56:35,23.3,17.1,46,57,900,6,1.4,304
2021-04-15T16:12:33,23.5,18.1,46,53,900,5,1.1,220
2021-04-15T16:28:27,23.4,17.8,47,53,900,5,0.6,182
2021-04-15T16:44:08,23.4,18.3,47,52,900,5,3.2,284
2021-04-15T16:59:49,23.4,18.1,46,52,800,5,1.4,222
2021-04-15T17:15:45,23.6,18.6,44,49,800,5,1.1,258
2021-04-15T17:31:26,23.6,18.8,44,51,800,5,0.8,278
2021-04-15T17:47:08,23.6,18.1,43,51,700,5,1.5,256
2021-04-15T18:02:58,23.6,17.8,43,50,700,4,2.3,232
2021-04-15T18:18:39,23.6,17.0,43,52,800,5,2.1,228
2021-04-15T18:34:20,23.6,16.2,44,54,800,5,2.2,240
2021-04-15T18:50:01,23.4,16.0,44,55,900,5,1.7,276
2021-04-15T19:05:52,23.5,16.3,44,54,900,5,0.9,261
2021-04-15T19:21:34,23.4,16.3,43,54,800,5,3.4,229
2021-04-15T19:37:15,23.4,14.9,43,55,900,5,1.8,237
2021-04-15T19:52:57,23.3,14.5,43,55,900,6,1.3,228
2021-04-15T20:08:48,23.3,14.1,42,55,900,6,1.0,261
2021-04-15T20:24:30,23.3,13.8,43,56,1000,7,1.9,225
2021-04-15T20:40:17,23.3,13.5,43,58,1000,7,3.2,236
2021-04-15T20:55:58,23.3,13.3,43,58,1000,7,1.7,193
2021-04-15T21:11:50,23.3,12.9,43,61,1000,7,0.8,67
2021-04-15T21:27:31,23.3,12.5,44,62,1100,8,0.6,203
2021-04-15T21:43:11,23.3,12.5,44,63,1100,8,1.3,90
2021-04-15T21:58:53,23.2,12.0,44,67,1100,7,2.3,107
2021-04-15T22:14:43,23.2,11.2,46,71,1100,8,1.4,142
2021-04-15T22:30:24,23.2,10.2,48,76,1200,9,1.3,106
2021-04-15T22:46:11,23.2,10.1,50,79,1200,9,0.5,240
2021-04-15T23:02:02,23.1,10.2,51,81,1100,9,0.2,127
2021-04-15T23:17:44,23.1,9.9,51,80,1200,8,1.4,97
2021-04-15T23:33:25,23.1,9.5,52,83,1200,9,0.9,164
2021-04-15T23:49:07,23.1,8.9,51,82,1200,10,2.3,97
2021-04-16T00:04:57,22.9,8.5,50,82,1200,10,1.0,35
2021-04-16T00:20:38,22.9,8.2,50,82,1200,9,0.2,179
2021-04-16T00:36:19,22.9,8.1,51,82,1200,9,2.8,114
2021-04-16T00:52:01,22.9,8.1,51,82,1200,10,1.9,105
2021-04-16T01:07:52,22.8,8.0,51,82,1300,11,2.2,108
2021-04-16T01:23:33,22.8,8.2,50,80,1300,11,2.5,96
2021-04-16T01:39:21,22.9,8.2,50,81,1400,11,2.3,116
2021-04-16T01:55:02,22.9,8.0,50,82,1300,10,2.2,118
2021-04-16T02:10:52,22.8,8.0,50,81,1300,10,3.2,126
2021-04-16T02:26:33,22.7,7.9,50,79,1300,11,2.3,84
2021-04-16T02:42:15,22.7,7.8,50,78,1400,12,0.8,89
2021-04-16T02:57:56,22.7,7.7,49,77,1400,12,1.8,135
2021-04-16T03:13:47,22.7,7.5,49,77,1500,12,1.8,81
2021-04-16T03:29:29,22.7,7.2,49,78,1500,12,1.6,98
2021-04-16T03:45:10,22.7,7.0,49,79,1500,12,2.3,112
2021-04-16T04:01:02,22.7,6.9,49,80,1500,13,2.0,87
2021-04-16T04:16:43,22.7,6.6,49,81,1500,13,1.6,97
2021-04-16T04:32:24,22.7,6.5,49,82,1500,13,1.5,94
2021-04-16T04:48:06,22.7,6.5,49,82,1500,13,0.5,106
2021-04-16T05:03:56,22.9,6.0,50,84,1500,13,1.5,140
2021-04-16T05:19:38,22.8,5.9,50,84,1500,14,0.4,206
2021-04-16T05:35:19,22.8,5.8,50,85,1500,14,0.1,90
2021-04-16T05:51:00,22.8,5.9,51,85,1500,13,0.3,227
2021-04-16T06:06:51,22.9,6.2,50,85,1500,13,0.2,322
2021-04-16T06:22:32,22.8,6.1,50,84,1500,13,0.6,217
2021-04-16T06:38:13,22.9,6.1,50,84,1500,14,0.3,267
2021-04-16T06:53:54,22.8,6.1,49,84,1400,13,0.7,130
2021-04-16T07:09:46,22.9,6.2,50,84,1500,13,0.7,100
2021-04-16T07:25:28,22.8,6.6,51,83,1500,13,0.4,286
2021-04-16T07:41:09,22.8,6.7,51,83,1600,14,0.5,218
2021-04-16T07:56:50,22.8,6.7,51,79,1600,14,0.3,220
2021-04-16T08:12:41,22.8,6.9,51,75,1600,15,0.7,129
2021-04-16T08:28:23,22.9,6.8,50,73,1500,13,1.2,225
2021-04-16T08:41:26,22.8,7.1,51,68,1600,13,0.9,223
2021-04-16T08:57:10,22.8,7.6,49,67,1400,13,0.4,236
2021-04-16T09:13:02,22.8,7.6,47,66,1400,13,0.2,117
2021-04-16T09:28:45,22.8,7.9,46,66,1400,12,0.7,212
2021-04-16T09:44:28,22.8,9.0,45,60,1300,12,1.1,255
2021-04-16T10:00:11,22.8,8.8,45,65,1300,12,0.8,246
2021-04-16T10:16:05,22.9,8.2,45,65,1300,12,1.4,136
2021-04-16T10:31:48,23.0,8.7,45,64,1400,13,1.2,259
2021-04-16T10:47:32,23.0,9.6,45,65,1400,12,1.5,268
2021-04-16T11:03:24,22.9,10.2,45,61,1300,12,2.0,304
2021-04-16T11:19:07,22.8,11.0,46,62,1400,12,0.2,136
2021-04-16T11:34:49,22.8,12.4,47,56,1400,11,1.0,232
2021-04-16T11:50:32,23.0,11.4,48,60,1400,11,1.1,258
2021-04-16T12:06:24,23.0,11.2,47,60,1400,11,0.7,314
2021-04-16T12:22:06,22.8,11.3,46,60,1300,11,2.3,244
2021-04-16T12:37:49,22.9,13.0,46,55,1300,10,1.6,210
2021-04-16T12:53:32,22.9,12.7,45,57,1200,11,0.4,218
2021-04-16T13:09:23,22.9,14.4,43,52,1100,10,1.4,222
2021-04-16T13:24:28,22.9,12.0,44,58,1100,10,2.2,205
2021-04-16T13:40:20,22.9,12.7,43,58,1100,9,1.7,212
2021-04-16T13:56:06,22.9,13.2,43,57,1100,9,0.4,250
2021-04-16T14:11:58,23.0,13.9,44,57,1200,9,0.9,243
2021-04-16T14:27:40,23.0,15.1,44,52,1200,9,1.4,140
2021-04-16T14:43:23,23.1,14.3,44,54,1200,9,2.3,297
2021-04-16T14:59:12,23.1,15.5,44,50,1100,8,0.9,188
2021-04-16T15:15:04,23.2,15.6,44,51,1100,8,0.2,58
2021-04-16T15:30:48,23.3,15.8,45,50,1200,8,1.4,268
2021-04-16T15:46:30,23.3,15.0,44,52,1100,7,0.5,268
2021-04-16T16:02:23,23.3,16.0,44,50,1000,7,2.3,122
2021-04-16T16:18:06,23.3,16.8,43,47,1000,6,0.4,28
2021-04-16T16:33:49,23.3,16.7,43,50,1000,7,1.1,275
2021-04-16T16:49:33,23.4,15.7,43,49,900,7,0.2,184
2021-04-16T17:05:27,23.3,14.5,46,56,1100,7,0.4,166
2021-04-16T17:21:12,23.1,8.7,52,81,1200,8,0.9,77
2021-04-16T17:36:56,23.1,8.4,53,84,1400,9,1.1,246
2021-04-16T17:52:41,22.9,8.0,55,85,1400,10,0.8,199
2021-04-16T18:08:34,22.9,8.1,55,85,1400,10,2.4,250
2021-04-16T18:24:19,22.9,8.5,56,85,1400,10,0.6,198
2021-04-16T18:40:03,22.9,9.3,56,82,1400,10,0.3,92
2021-04-16T18:55:47,23.0,10.1,56,79,1400,10,0.9,113
2021-04-16T19:11:42,23.0,10.5,55,78,1400,10,1.3,104
2021-04-16T19:27:27,23.0,10.5,55,78,1300,10,2.0,95
2021-04-16T19:43:11,23.0,10.1,54,77,1400,10,0.4,159
2021-04-16T19:58:52,22.9,9.9,53,78,1300,11,1.2,149
2021-04-16T20:14:46,22.9,9.6,53,78,1300,11,1.8,115
2021-04-16T20:30:31,22.9,9.5,53,80,1300,11,0.8,248
2021-04-16T20:46:15,23.0,8.9,52,80,1300,12,1.3,78
2021-04-16T21:02:09,22.9,8.6,52,82,1400,12,0.7,179
2021-04-16T21:17:54,22.8,8.1,51,81,1400,12,0.6,100
2021-04-16T21:33:38,22.8,7.3,51,80,1400,12,1.7,101
2021-04-16T21:49:22,22.6,7.3,50,81,1300,11,2.1,125
2021-04-16T22:05:17,22.5,7.1,51,80,1300,11,2.4,111
2021-04-16T22:21:02,22.7,7.1,51,81,1400,12,2.8,120
2021-04-16T22:36:47,22.6,7.0,50,81,1300,12,0.3,107
2021-04-16T22:52:32,22.6,6.9,51,82,1400,12,1.5,117
2021-04-16T23:08:25,22.6,6.7,51,84,1500,12,2.4,112
2021-04-16T23:24:10,22.6,6.4,51,86,1500,12,4.1,100
2021-04-16T23:39:55,22.7,6.2,52,88,1600,13,2.1,150
2021-04-16T23:55:39,22.7,6.1,53,90,1600,14,0.9,159
2021-04-17T00:11:34,22.7,6.1,53,90,1600,14,1.0,180
2021-04-17T00:27:19,22.7,6.1,53,90,1600,14,0.4,190
2021-04-17T00:43:03,22.7,6.0,53,90,1600,14,1.4,196
2021-04-17T00:58:47,22.7,6.0,53,90,1500,14,0.3,90
2021-04-17T01:14:42,22.7,6.1,52,91,1500,14,0.4,318
2021-04-17T01:30:27,22.7,5.9,52,89,1500,14,0.4,157
2021-04-17T01:46:11,22.6,5.7,52,89,1500,13,0.3,298
2021-04-17T02:02:06,22.6,5.5,51,90,1500,14,0.2,215
2021-04-17T02:17:50,22.7,5.4,52,88,1500,14,0.2,230
2021-04-17T02:33:34,22.7,5.1,52,89,1600,15,0.4,0
2021-04-17T02:49:19,22.7,5.2,52,90,1600,15,0.2,79
2021-04-17T03:05:14,22.7,5.2,52,90,1600,16,0.5,345
2021-04-17T03:20:59,22.7,5.2,52,92,1700,16,0.7,7
2021-04-17T03:36:43,22.7,5.2,52,91,1700,15,0.4,111
2021-04-17T03:52:28,22.7,5.1,53,91,1700,16,1.1,347
2021-04-17T04:08:28,22.6,4.8,52,91,1700,15,0.7,328
2021-04-17T04:24:13,22.6,4.3,50,90,1700,15,0.3,63
2021-04-17T04:39:57,22.5,4.2,51,91,1600,16,0.0,4
2021-04-17T04:55:42,22.5,4.2,51,91,1700,15,0.2,313
2021-04-17T05:11:36,22.5,3.8,51,92,1800,15,1.3,315
2021-04-17T05:27:21,22.6,3.7,50,92,1700,16,0.4,27
2021-04-17T05:43:06,22.5,3.5,50,91,1800,15,0.8,70
2021-04-17T05:58:50,22.5,3.1,50,92,1700,16,0.4,89
2021-04-17T06:14:44,22.6,3.2,49,92,1700,16,1.0,12
2021-04-17T06:30:29,22.5,3.1,50,92,1700,15,1.3,5
2021-04-17T06:46:14,22.7,3.0,51,92,1900,17,0.3,342
2021-04-17T07:02:07,22.5,3.1,50,91,1800,16,0.5,17
2021-04-17T07:17:52,22.5,3.0,50,91,1800,16,0.3,33
2021-04-17T07:33:37,22.6,3.0,51,91,1900,16,0.9,50
2021-04-17T07:49:28,22.5,3.1,51,91,1800,16,0.2,317
2021-04-17T08:05:21,22.5,2.5,50,91,1700,15,0.8,195
2021-04-17T08:21:06,22.5,2.6,52,92,1800,16,0.4,230
2021-04-17T08:36:50,22.6,4.2,53,93,1800,16,0.2,267
2021-04-17T08:52:41,22.6,4.9,53,90,1800,16,0.7,217
2021-04-17T09:08:38,22.6,6.0,52,87,1700,15,0.3,230
2021-04-17T09:24:23,22.6,6.3,54,82,1700,14,1.2,220
2021-04-17T09:40:08,22.7,7.4,55,81,1800,14,1.2,213
2021-04-17T09:55:53,22.7,7.5,54,80,1800,14,1.4,77
2021-04-17T10:11:47,22.7,8.5,55,76,1800,14,0.9,283
2021-04-17T10:27:31,22.7,9.2,53,73,1700,14,0.7,335
2021-04-17T10:43:15,22.7,9.8,53,72,1600,14,1.6,281
2021-04-17T10:59:06,22.7,10.4,52,69,1500,14,1.9,243
2021-04-17T11:15:01,22.7,11.0,51,69,1500,13,1.4,233
2021-04-17T11:30:46,22.7,11.6,51,62,1500,13,1.1,327
2021-04-17T11:46:30,22.9,12.3,50,61,1500,13,1.4,222
2021-04-17T12:02:24,22.8,12.0,50,67,1400,13,1.8,223
2021-04-17T12:18:08,22.8,12.9,50,62,1500,13,1.1,350
2021-04-17T12:33:53,22.8,13.7,49,55,1400,12,2.3,279
2021-04-17T12:49:38,22.9,14.0,47,52,1400,11,2.5,242
2021-04-17T13:05:32,22.9,14.3,47,48,1400,12,1.8,53
2021-04-17T13:21:16,23.0,14.4,45,42,1500,12,1.4,261
2021-04-17T13:37:01,23.0,15.0,45,42,1400,11,1.9,326
2021-04-17T13:52:46,23.0,15.4,43,40,1300,10,2.7,233
2021-04-17T14:08:40,23.0,15.8,42,38,1300,10,2.2,65
2021-04-17T14:24:31,23.0,16.1,40,34,1200,10,0.4,302
2021-04-17T14:40:16,23.1,16.4,41,34,1200,10,1.6,263
2021-04-17T14:56:01,23.1,17.0,39,35,1200,9,1.3,272
2021-04-17T15:11:55,23.1,16.8,40,33,1200,9,1.7,186
2021-04-17T15:27:39,23.2,17.5,40,30,1200,8,0.2,137
2021-04-17T15:43:25,23.2,17.5,41,33,1200,7,1.6,42
2021-04-17T15:59:09,23.2,17.3,40,34,1100,7,2.1,314
2021-04-17T16:15:03,23.2,17.3,39,32,1100,7,0.4,235
2021-04-17T16:30:48,23.2,17.2,37,32,1000,7,1.8,295
2021-04-17T16:46:33,23.3,18.1,36,29,1000,7,2.0,275
2021-04-17T17:02:27,23.3,17.8,36,29,1000,6,0.5,63
2021-04-17T17:18:12,23.3,17.3,35,29,900,6,0.6,15
2021-04-17T17:33:56,23.3,17.5,34,27,900,6,1.2,335
2021-04-17T17:49:41,23.3,17.5,35,27,1000,6,0.7,275
2021-04-17T18:05:35,23.3,17.6,34,26,900,5,2.3,304
2021-04-17T18:21:19,23.3,17.6,32,26,900,5,0.6,1
2021-04-17T18:37:04,23.3,17.3,32,26,900,6,0.8,218
2021-04-17T18:52:49,23.4,17.6,32,25,900,5,2.1,306
2021-04-17T19:08:43,23.3,16.4,32,27,900,6,0.4,164
2021-04-17T19:24:27,23.3,16.8,32,28,900,6,0.5,253
2021-04-17T19:40:12,23.3,16.0,32,31,900,6,0.4,290
2021-04-17T19:55:57,23.3,15.8,34,32,900,6,0.3,314
2021-04-17T20:11:51,23.2,15.6,35,34,1000,7,2.8,147
2021-04-17T20:27:35,23.2,15.2,35,35,1000,7,2.6,140
2021-04-17T20:43:20,23.1,14.0,37,39,1200,7,1.1,174
2021-04-17T20:59:05,23.1,13.1,37,44,1200,8,0.5,332
2021-04-17T21:14:59,23.1,12.8,39,44,1200,8,1.2,60
2021-04-17T21:30:43,23.1,12.2,40,47,1200,9,0.5,173
2021-04-17T21:46:28,23.1,12.1,39,43,1300,10,0.4,135
2021-04-17T22:02:23,23.1,11.7,40,48,1400,11,0.2,212
2021-04-17T22:18:07,23.1,11.1,40,49,1300,10,0.8,104
2021-04-17T22:33:52,23.0,10.4,40,50,1300,11,0.0,2
2021-04-17T22:49:37,22.9,9.9,40,52,1400,11,0.6,232
2021-04-17T23:05:32,22.9,9.4,41,54,1400,11,0.8,256
2021-04-17T23:21:16,22.9,8.9,40,52,1400,11,0.3,132
2021-04-17T23:37:00,22.8,8.5,41,55,1400,12,0.7,313
2021-04-17T23:52:45,22.8,8.1,42,56,1500,13,0.3,312
2021-04-18T00:08:40,22.8,7.8,42,57,1500,13,2.3,80
2021-04-18T00:24:25,22.8,7.3,42,60,1600,13,0.2,312
2021-04-18T00:40:10,22.7,7.0,43,62,1500,13,1.0,124
2021-04-18T00:55:54,22.7,6.7,43,62,1500,13,0.6,280
2021-04-18T01:11:48,22.7,6.4,43,63,1500,13,1.1,288
2021-04-18T01:27:33,22.7,6.0,43,65,1600,13,0.4,246
2021-04-18T01:43:17,22.7,5.9,43,66,1600,13,0.2,261
2021-04-18T01:59:02,22.7,5.5,43,66,1700,14,0.2,94
2021-04-18T02:14:56,22.7,5.1,43,68,1600,14,0.4,96
2021-04-18T02:30:40,22.6,4.9,44,68,1700,14,0.2,55
2021-04-18T02:46:25,22.6,4.8,43,68,1700,14,0.1,15
2021-04-18T03:02:20,22.6,4.7,44,68,1600,14,0.0,212
2021-04-18T03:18:05,22.6,4.4,44,70,1600,14,0.3,212
2021-04-18T03:33:49,22.6,4.2,44,70,1600,14,0.3,36
2021-04-18T03:49:39,22.6,3.5,45,73,1700,15,0.2,313
2021-04-18T04:05:33,22.6,3.4,46,73,1800,15,0.2,325
2021-04-18T04:21:17,22.6,2.2,45,77,1800,15,0.4,335
2021-04-18T04:37:08,22.6,2.1,46,78,1800,15,0.7,96
2021-04-18T04:52:59,22.5,1.6,47,81,1900,17,0.7,108
2021-04-18T05:08:54,22.5,1.5,46,80,1900,16,0.7,30
2021-04-18T05:24:37,22.6,1.3,47,82,1900,17,0.3,268
2021-04-18T05:40:22,22.5,1.0,46,83,1900,16,0.1,0
2021-04-18T05:56:06,22.5,0.9,47,83,1900,17,0.2,48
2021-04-18T06:12:01,22.6,0.8,45,84,2000,17,0.4,148
2021-04-18T06:27:46,22.5,0.4,46,85,1900,17,1.5,17
2021-04-18T06:43:30,22.5,0.4,47,85,1900,17,0.4,281
2021-04-18T06:59:15,22.6,0.3,46,86,2000,17,0.0,4
2021-04-18T07:15:10,22.5,0.2,47,86,2000,17,0.3,154
2021-04-18T07:30:54,22.5,0.3,47,85,2000,17,0.3,323
2021-04-18T07:46:38,22.5,0.3,48,86,2000,17,0.6,313
2021-04-18T08:02:33,22.4,0.4,47,86,1800,15,0.2,31
2021-04-18T08:18:23,22.5,0.9,48,87,1900,16,0.2,225
2021-04-18T08:34:07,22.5,2.7,49,86,1900,17,0.8,219
2021-04-18T08:49:52,22.6,3.5,49,82,1900,16,0.2,320
2021-04-18T09:05:47,22.5,5.4,51,76,1900,17,0.2,223
2021-04-18T09:21:32,22.6,6.5,51,72,1900,17,0.2,1
2021-04-18T09:37:16,22.7,7.4,51,66,2000,16,0.5,202
2021-04-18T09:53:01,22.6,7.9,51,67,1900,15,0.9,261
2021-04-18T10:08:59,22.7,8.3,49,63,1800,14,0.2,232
2021-04-18T10:24:44,22.6,8.4,49,62,1800,15,0.4,115
2021-04-18T10:40:29,22.7,9.1,48,58,1700,15,0.9,138
2021-04-18T10:56:14,22.7,9.7,46,57,1600,15,0.4,233
2021-04-18T11:12:09,22.7,10.7,46,56,1600,14,1.0,215
2021-04-18T11:27:59,22.7,11.6,45,52,1500,14,0.3,232
2021-04-18T11:43:44,22.8,11.8,45,55,1500,13,0.5,314
2021-04-18T11:59:28,22.9,12.8,47,52,1600,13,1.0,203
2021-04-18T12:15:23,22.9,13.2,47,50,1600,13,1.4,106
2021-04-18T12:31:07,22.9,14.3,45,48,1500,12,1.0,273
2021-04-18T12:46:51,22.9,15.7,42,36,1300,11,0.7,162
2021-04-18T13:02:45,22.9,16.1,40,33,1300,10,0.7,186
2021-04-18T13:18:36,23.0,16.3,39,31,1400,11,1.5,177
2021-04-18T13:34:21,23.0,16.6,38,31,1300,10,1.7,282
2021-04-18T13:50:06,23.1,16.6,37,29,1300,10,0.5,159
2021-04-18T14:06:01,23.1,16.7,36,26,1200,9,1.5,223
2021-04-18T14:21:45,23.1,16.9,37,27,1200,9,1.7,242
2021-04-18T14:37:30,23.1,17.9,37,29,1100,8,0.7,257
2021-04-18T14:53:15,23.1,17.9,37,26,1200,9,0.5,326
2021-04-18T15:09:08,23.2,18.3,35,27,1000,7,1.3,264
2021-04-18T15:24:53,23.2,18.6,35,26,1000,7,1.5,299
2021-04-18T15:40:38,23.2,18.8,35,27,1000,7,2.5,168
2021-04-18T15:56:23,23.3,18.7,35,27,1000,7,1.8,282
2021-04-18T16:12:16,23.3,19.2,34,27,900,6,0.7,82
2021-04-18T16:28:02,23.3,18.8,33,26,900,6,1.7,291
2021-04-18T16:43:46,23.4,18.8,33,26,900,5,1.5,235
2021-04-18T16:59:31,23.5,19.5,34,27,900,5,3.1,274
2021-04-18T17:15:25,23.4,19.7,33,26,800,5,1.8,229
2021-04-18T17:31:10,23.5,20.0,33,25,800,5,1.7,79
2021-04-18T17:46:54,23.5,19.3,34,26,800,5,1.7,276
2021-04-18T18:02:49,23.6,19.7,33,26,800,4,2.6,283
2021-04-18T18:18:34,23.6,19.2,31,27,700,4,0.9,259
2021-04-18T18:34:19,23.6,19.5,31,26,800,4,1.6,101
2021-04-18T18:50:03,23.6,19.3,32,28,800,4,1.9,288
2021-04-18T19:05:57,23.6,19.3,31,27,800,4,0.6,267
2021-04-18T19:21:41,23.6,19.3,32,27,800,4,1.7,285
2021-04-18T19:37:32,23.6,19.1,31,28,700,4,1.0,279
2021-04-18T19:53:16,23.6,18.8,32,29,800,4,0.5,286
2021-04-18T20:09:09,23.4,18.3,34,35,800,4,1.0,235
2021-04-18T20:24:54,23.3,16.9,35,38,800,5,0.1,180
2021-04-18T20:40:39,23.3,16.4,37,40,900,6,0.7,239
2021-04-18T20:56:24,23.3,15.2,39,43,1000,7,0.2,143
2021-04-18T21:12:19,23.3,15.0,40,43,1100,7,0.6,198
2021-04-18T21:28:02,23.3,14.1,39,49,1100,7,0.6,292
2021-04-18T21:43:47,23.2,13.9,39,48,1100,7,0.7,290
2021-04-18T21:59:30,23.2,13.9,38,43,1200,7,0.3,308
2021-04-18T22:15:24,23.2,13.4,38,47,1100,8,0.7,254
2021-04-18T22:31:09,23.2,12.9,40,49,1200,8,0.2,42
2021-04-18T22:46:53,23.2,11.8,40,53,1200,9,0.4,54
2021-04-18T23:02:53,23.2,11.8,41,50,1300,9,0.3,234
2021-04-18T23:18:37,23.1,10.2,41,62,1300,9,1.8,111
2021-04-18T23:34:22,22.9,9.7,42,63,1300,10,2.8,124
2021-04-18T23:50:07,22.9,8.7,43,68,1300,10,1.9,143
2021-04-19T00:06:08,22.8,8.4,44,70,1300,11,0.2,153
2021-04-19T00:21:53,22.8,8.3,45,70,1400,12,1.5,136
2021-04-19T00:37:38,22.9,8.4,45,69,1500,12,1.6,129
2021-04-19T00:53:23,22.9,8.2,46,69,1500,12,0.3,119
2021-04-19T01:09:18,22.9,8.1,46,69,1500,12,0.3,194
2021-04-19T01:25:09,22.9,7.9,45,69,1500,13,2.3,111
2021-04-19T01:40:54,22.8,7.6,45,70,1500,13,1.7,107
2021-04-19T01:56:37,22.8,7.5,45,71,1500,13,0.9,103
2021-04-19T02:12:32,22.8,6.9,45,72,1500,13,1.2,134
2021-04-19T02:28:17,22.8,6.6,46,73,1500,13,0.3,139
2021-04-19T02:44:02,22.8,6.8,46,73,1400,12,0.1,176
2021-04-19T02:59:47,22.7,6.6,47,74,1500,13,1.9,117
2021-04-19T03:15:41,22.8,6.4,46,75,1500,13,1.0,132
2021-04-19T03:31:26,22.8,6.4,45,74,1500,13,1.1,112
2021-04-19T03:47:11,22.8,6.3,46,74,1500,14,0.7,179
2021-04-19T04:03:05,22.8,6.0,45,75,1500,14,0.6,120
2021-04-19T04:18:50,22.8,6.1,46,76,1500,14,0.4,79
2021-04-19T04:34:35,22.8,6.0,47,76,1600,14,0.1,91
2021-04-19T04:50:25,22.8,5.7,46,77,1500,14,0.3,205
2021-04-19T05:06:19,22.8,5.7,47,77,1600,14,0.3,146
2021-04-19T05:22:04,22.8,5.5,47,77,1600,14,0.3,111
2021-04-19T05:37:49,22.8,5.4,47,77,1600,14,0.3,114
2021-04-19T05:53:33,22.8,5.3,47,77,1600,14,0.7,62
2021-04-19T06:09:28,22.8,5.4,46,77,1600,14,1.3,113
2021-04-19T06:25:13,22.6,5.2,47,77,1600,14,1.1,220
2021-04-19T06:40:57,22.6,4.6,47,78,1700,15,0.7,100
2021-04-19T06:56:42,22.7,4.3,46,80,1700,15,0.2,37
2021-04-19T07:12:42,22.6,3.8,46,82,1600,14,0.1,221
2021-04-19T07:28:27,22.6,4.3,48,82,1700,15,0.8,122
2021-04-19T07:44:11,22.7,4.5,48,81,1700,15,0.8,183
2021-04-19T07:59:56,22.6,5.0,48,80,1600,14,1.1,154
2021-04-19T08:15:51,22.6,5.4,49,79,1600,14,0.3,91
2021-04-19T08:31:36,22.5,6.8,49,75,1500,14,0.2,114
2021-04-19T08:47:20,22.6,7.8,49,72,1500,14,0.3,128
2021-04-19T09:03:15,22.7,8.7,51,70,1700,14,0.2,315
2021-04-19T09:19:01,22.9,10.2,53,67,1700,14,0.8,209
2021-04-19T09:34:49,23.0,10.3,52,66,1600,13,0.5,269
2021-04-19T09:50:34,23.0,11.3,49,60,1500,12,1.2,179
2021-04-19T10:06:29,22.9,11.7,50,61,1500,12,1.3,178
2021-04-19T10:22:17,22.9,12.4,48,56,1500,12,0.7,193
2021-04-19T10:38:05,22.9,13.2,48,56,1400,11,0.7,134
2021-04-19T10:53:50,23.0,13.8,46,52,1300,11,0.8,245
2021-04-19T11:09:46,23.0,15.3,46,49,1300,10,0.6,193
2021-04-19T11:25:30,23.1,14.5,44,49,1300,10,0.9,241
2021-04-19T11:41:17,23.1,15.1,45,48,1200,9,1.3,179
2021-04-19T11:57:01,23.1,15.5,44,47,1200,9,2.3,196
2021-04-19T12:12:54,22.8,16.5,43,45,1000,7,1.5,201
2021-04-19T12:28:46,23.0,16.4,44,45,1100,8,0.9,108
2021-04-19T12:44:28,23.0,17.5,42,42,1000,9,0.3,303
2021-04-19T13:00:18,23.1,18.5,40,40,1000,9,1.2,224
2021-04-19T13:16:13,23.2,18.8,39,38,900,9,0.9,205
2021-04-19T13:31:59,23.2,19.0,39,38,1000,8,0.1,268
2021-04-19T13:47:43,23.2,19.6,39,38,900,7,0.5,276
2021-04-19T14:03:37,23.2,20.4,38,35,900,7,0.2,301
2021-04-19T14:19:22,23.3,20.5,39,35,900,7,0.2,142
2021-04-19T14:35:11,23.5,19.9,38,38,900,6,0.5,166
2021-04-19T14:50:56,23.6,20.3,39,39,800,6,0.5,233
2021-04-19T15:06:50,23.6,21.2,39,34,800,6,0.4,165
2021-04-19T15:22:34,23.6,21.9,35,30,800,5,0.9,248
2021-04-19T15:38:19,23.6,21.6,35,28,800,5,0.0,0
2021-04-19T15:54:03,23.7,21.8,33,26,800,5,0.4,268
2021-04-19T16:09:56,23.7,20.4,34,29,800,5,0.2,133
2021-04-19T16:25:41,23.7,20.9,36,31,800,5,0.7,246
2021-04-19T16:41:25,23.7,19.9,36,33,800,4,1.8,223
2021-04-19T16:57:09,23.7,19.4,36,33,800,5,0.2,179
2021-04-19T17:13:03,23.7,19.7,34,30,800,4,1.1,85
2021-04-19T17:28:47,23.7,19.4,34,26,800,5,0.9,193
2021-04-19T17:44:31,23.5,19.4,31,23,800,5,0.3,138
2021-04-19T18:00:15,23.6,19.2,31,30,700,5,1.0,286
2021-04-19T18:16:10,23.6,18.9,34,31,800,5,0.7,278
2021-04-19T18:31:54,23.6,18.8,34,32,800,4,0.2,240
2021-04-19T18:47:37,23.5,18.7,35,33,800,4,0.6,224
2021-04-19T19:03:32,23.6,18.6,34,32,800,4,0.7,223
2021-04-19T19:19:15,23.5,18.6,34,30,800,5,0.4,198
2021-04-19T19:34:59,23.5,18.8,34,27,800,5,0.4,220
2021-04-19T19:50:43,23.4,18.2,37,41,800,6,0.5,116
2021-04-19T20:06:36,23.4,17.5,38,39,800,5,0.4,178
2021-04-19T20:22:21,23.4,16.6,38,45,900,6,1.1,116
2021-04-19T20:38:05,23.4,16.5,40,48,900,6,0.7,237
2021-04-19T20:53:49,23.4,15.0,43,62,900,6,0.7,160
2021-04-19T21:09:43,23.3,14.6,46,64,900,7,0.6,160
2021-04-19T21:25:27,23.3,14.0,47,67,1000,7,0.3,31
2021-04-19T21:41:11,23.3,13.9,47,68,1000,7,1.0,77
2021-04-19T21:56:56,23.3,13.2,47,69,1000,8,1.3,77
2021-04-19T22:12:49,23.2,12.8,48,71,1000,8,1.4,137
2021-04-19T22:28:34,23.2,12.4,49,73,1100,8,1.3,98
2021-04-19T22:44:18,23.1,12.3,50,74,1000,8,1.4,70
2021-04-19T23:00:02,23.1,12.3,50,74,1100,9,1.7,124
2021-04-19T23:15:57,23.1,12.1,50,74,1200,9,0.9,71
2021-04-19T23:31:41,23.1,12.1,50,73,1100,9,0.8,90
2021-04-19T23:47:25,23.1,11.9,49,74,1100,10,1.3,84
2021-04-20T00:03:19,23.1,11.8,50,75,1200,9,2.9,129
2021-04-20T00:19:03,23.1,11.6,50,75,1100,9,0.9,142
2021-04-20T00:34:47,23.1,11.4,51,76,1100,10,2.9,119
2021-04-20T00:50:31,23.1,11.2,51,76,1100,10,1.1,116
2021-04-20T01:06:26,23.1,11.1,51,77,1200,10,1.1,107
2021-04-20T01:22:10,23.1,11.0,52,77,1200,10,1.6,202
2021-04-20T01:37:55,23.1,10.9,51,77,1200,11,2.2,102
2021-04-20T01:53:39,23.1,10.9,50,77,1200,10,1.1,139
2021-04-20T02:09:32,23.1,10.8,51,76,1300,11,2.4,79
2021-04-20T02:25:16,22.9,10.8,51,76,1300,11,1.4,111
2021-04-20T02:41:00,22.9,10.8,51,76,1200,11,1.5,132
2021-04-20T02:56:44,23.0,10.7,51,76,1300,11,0.5,107
2021-04-20T03:12:38,23.0,10.6,50,76,1300,12,2.2,104
2021-04-20T03:28:28,23.0,10.4,51,77,1300,12,2.2,120
2021-04-20T03:44:12,23.0,10.3,50,77,1200,11,0.2,269
2021-04-20T03:59:56,23.0,10.1,50,77,1100,11,1.1,105
2021-04-20T04:15:56,22.9,10.2,50,77,1200,11,0.9,82
2021-04-20T04:31:40,22.8,10.1,51,77,1300,11,1.2,124
2021-04-20T04:47:24,22.9,10.2,50,77,1200,11,0.7,82
2021-04-20T05:03:19,22.9,10.0,51,77,1300,12,0.1,2
2021-04-20T05:19:02,22.9,10.1,51,77,1300,12,0.2,255
2021-04-20T05:34:47,23.0,9.8,51,77,1300,13,1.4,99
2021-04-20T05:50:31,23.0,10.1,50,76,1300,12,0.2,132
2021-04-20T06:06:25,23.0,10.2,51,77,1300,13,0.3,216
2021-04-20T06:22:16,23.0,9.9,51,77,1300,13,0.5,45
2021-04-20T06:37:59,23.1,9.9,51,77,1300,13,0.4,82
2021-04-20T06:53:43,23.1,9.7,51,78,1300,13,0.6,167
2021-04-20T07:09:37,23.1,9.8,51,78,1300,13,0.3,215
2021-04-20T07:25:21,23.0,9.9,50,77,1300,13,0.2,134
2021-04-20T07:41:05,23.0,9.9,52,78,1300,13,0.2,218
2021-04-20T07:56:50,23.0,10.1,53,77,1300,13,0.0,1
2021-04-20T08:12:44,23.0,10.5,53,76,1400,13,0.3,3
2021-04-20T08:28:30,23.0,10.6,52,77,1300,13,0.1,152
2021-04-20T08:44:41,23.0,10.7,54,77,1300,13,0.2,268
2021-04-20T09:00:34,23.1,10.6,54,77,1300,12,0.1,1
2021-04-20T09:16:26,23.1,11.1,53,76,1200,11,0.7,10
2021-04-20T09:32:07,23.1,11.8,54,76,1300,11,0.5,301
2021-04-20T09:47:46,22.6,12.2,52,73,1000,8,0.5,288
2021-04-20T10:03:37,21.9,12.4,49,71,800,5,0.4,153
2021-04-20T10:19:11,22.1,12.3,53,71,1000,8,0.1,267
2021-04-20T10:34:45,22.7,12.4,53,71,1100,10,0.2,267
2021-04-20T10:50:20,22.5,13.4,49,70,900,7,0.5,98
2021-04-20T11:06:04,22.1,14.3,49,67,800,6,0.2,223
2021-04-20T11:21:38,21.8,14.9,48,64,800,5,0.5,221
2021-04-20T11:37:19,21.9,15.5,48,62,800,4,0.3,241
2021-04-20T11:52:53,22.2,15.6,50,59,800,7,0.3,242
2021-04-20T12:08:37,22.7,14.7,49,58,1100,7,0.5,140
2021-04-20T12:24:11,22.9,14.4,50,62,1200,7,0.4,256
2021-04-20T12:39:45,23.0,14.2,50,60,1000,7,1.1,226
2021-04-20T12:55:19,23.0,14.3,49,59,1100,7,1.0,187
2021-04-20T13:11:03,23.1,14.7,49,61,1100,8,0.8,170
2021-04-20T13:26:44,23.0,14.9,46,56,900,7,0.7,188
2021-04-20T13:42:18,23.1,16.5,47,56,900,7,1.1,101
2021-04-20T13:57:52,23.2,17.7,47,54,900,7,0.2,51
2021-04-20T14:13:36,23.2,17.6,46,54,900,7,1.4,191
2021-04-20T14:29:10,23.5,18.3,45,52,800,7,0.8,196
2021-04-20T14:44:45,23.6,19.3,46,51,800,6,0.4,164
2021-04-20T15:00:20,23.6,19.3,45,51,800,6,2.8,177
2021-04-20T15:16:04,23.6,20.0,45,50,700,5,1.1,109
2021-04-20T15:31:39,23.6,20.0,43,47,700,5,0.5,308
2021-04-20T15:47:13,23.6,19.9,43,47,700,5,0.9,244
2021-04-20T16:02:57,23.6,20.3,42,47,700,4,0.4,256
2021-04-20T16:18:31,23.8,20.6,42,45,700,4,2.2,82
2021-04-20T16:34:06,23.8,20.6,43,46,700,4,1.3,179
2021-04-20T16:49:41,23.9,20.6,43,47,700,4,2.3,233
2021-04-20T17:05:30,23.9,20.0,43,48,700,4,0.9,184
2021-04-20T17:21:05,23.8,18.4,44,52,700,5,1.6,179
2021-04-20T17:36:39,23.7,18.2,44,52,700,5,1.1,250
2021-04-20T17:52:20,23.7,18.2,46,54,700,5,0.3,213
2021-04-20T18:08:05,23.7,18.0,47,56,700,5,1.9,135
2021-04-20T18:23:39,23.7,17.7,47,58,700,5,0.4,199
2021-04-20T18:39:19,23.5,16.9,48,59,800,5,1.3,76
2021-04-20T18:54:54,23.5,16.6,47,60,800,6,0.1,236
2021-04-20T19:10:38,23.4,16.4,48,61,800,6,1.0,205
2021-04-20T19:26:11,23.4,16.2,50,65,800,6,0.9,200
2021-04-20T19:41:46,23.4,15.4,52,69,900,6,0.4,321
2021-04-20T19:57:20,23.4,15.2,52,70,900,6,2.2,141
2021-04-20T20:13:04,23.4,13.5,53,74,900,7,1.4,223
2021-04-20T20:28:38,23.3,12.5,55,78,1000,8,0.7,164
2021-04-20T20:44:13,23.3,11.8,56,85,1100,8,0.9,294
2021-04-20T20:59:47,23.3,11.5,56,87,1100,8,0.2,45
2021-04-20T21:15:32,23.3,11.5,56,87,1100,9,0.2,224
2021-04-20T21:31:06,23.3,11.5,57,89,1100,9,0.6,337
2021-04-20T21:46:40,23.2,11.4,57,89,1100,9,0.5,305
2021-04-20T22:02:31,23.2,11.2,57,89,1100,10,1.0,28
2021-04-20T22:18:05,23.2,11.2,57,89,1100,9,0.7,125
2021-04-20T22:33:40,23.1,11.4,57,88,1100,10,0.7,241
2021-04-20T22:49:14,23.1,11.4,57,88,1200,10,0.4,111
2021-04-20T23:04:57,23.1,11.3,56,86,1200,11,0.3,81
2021-04-20T23:20:32,23.2,11.3,56,85,1200,10,1.0,100
2021-04-20T23:36:06,23.2,11.3,56,85,1100,10,0.6,110
2021-04-20T23:51:41,23.1,11.3,56,85,1100,10,0.2,221
2021-04-21T00:07:24,23.1,11.4,56,85,1200,11,1.4,108
2021-04-21T00:22:58,23.1,11.5,55,84,1200,10,0.4,80
2021-04-21T00:38:39,23.1,11.5,55,83,1200,10,1.4,101
2021-04-21T00:54:13,23.1,11.5,55,84,1200,10,0.4,22
2021-04-21T01:09:58,23.1,11.5,55,85,1200,10,1.0,90
2021-04-21T01:25:32,23.2,11.6,55,84,1200,10,0.9,120
2021-04-21T01:41:06,23.2,11.5,55,84,1200,10,1.2,160
2021-04-21T01:56:41,23.2,11.4,55,84,1200,11,0.5,70
2021-04-21T02:12:26,23.2,11.3,55,83,1200,11,0.5,210
2021-04-21T02:28:00,23.1,11.3,55,84,1100,10,0.4,111
2021-04-21T02:43:34,23.1,11.4,55,83,1200,11,0.7,127
2021-04-21T02:59:08,23.1,11.3,55,83,1200,12,0.5,81
2021-04-21T03:14:51,23.1,11.3,55,84,1200,11,0.2,148
2021-04-21T03:30:26,23.1,11.3,55,84,1200,11,0.1,90
2021-04-21T03:46:00,23.1,11.2,55,84,1200,11,1.1,123
2021-04-21T04:01:44,23.0,11.2,55,84,1100,11,0.6,92
2021-04-21T04:17:18,23.0,11.0,55,85,1200,11,0.2,39
2021-04-21T04:32:53,23.0,11.0,56,86,1300,12,0.2,179
2021-04-21T04:48:27,23.0,11.0,56,86,1300,12,0.3,49
2021-04-21T05:04:17,23.1,10.7,55,85,1200,11,0.3,44
2021-04-21T05:19:52,23.0,10.6,55,85,1200,11,0.5,29
2021-04-21T05:35:26,22.8,10.6,55,87,1100,11,0.2,36
2021-04-21T05:51:01,22.8,10.6,55,87,1200,11,0.2,120
2021-04-21T06:06:45,22.9,10.5,56,88,1200,11,0.0,6
2021-04-21T06:22:19,23.0,10.5,56,88,1300,11,0.2,286
2021-04-21T06:37:54,23.1,10.4,55,88,1300,11,0.5,109
2021-04-21T06:53:28,23.1,10.2,55,88,1200,11,0.7,71
2021-04-21T07:09:11,23.1,10.2,55,87,1200,11,1.4,134
2021-04-21T07:24:46,23.1,9.9,56,87,1300,12,0.2,240
2021-04-21T07:40:20,23.1,10.0,56,87,1300,12,0.3,195
2021-04-21T07:55:54,23.1,10.2,56,87,1300,12,0.4,102
2021-04-21T08:11:37,23.1,10.3,56,86,1200,12,0.8,108
2021-04-21T08:27:18,23.1,10.7,56,86,1300,12,0.8,100
2021-04-21T08:42:52,23.1,11.0,56,85,1300,11,0.8,91
2021-04-21T08:58:27,23.1,11.2,56,85,1200,11,0.7,48
2021-04-21T09:14:10,23.1,11.4,57,84,1200,12,1.0,128
2021-04-21T09:18:57,23.2,11.8,58,83,1200,12,1.4,84
2021-04-21T09:34:34,23.2,12.1,58,82,1200,10,0.3,323
2021-04-21T09:50:08,23.2,12.4,59,79,1200,11,1.3,95
2021-04-21T10:06:03,23.2,12.9,57,79,1300,11,1.0,319
2021-04-21T10:21:48,23.2,13.3,57,75,1100,10,0.4,0
2021-04-21T10:37:32,23.2,14.0,59,77,1200,9,0.9,69
2021-04-21T10:53:15,23.2,14.8,57,70,1000,9,0.1,12
2021-04-21T11:09:09,23.1,15.2,56,70,1000,9,0.4,104
2021-04-21T11:24:53,23.2,15.9,55,68,1000,9,0.7,12
2021-04-21T11:40:37,23.2,16.0,54,67,1000,9,0.6,345
2021-04-21T11:56:21,23.4,16.2,54,67,900,8,0.5,104
2021-04-21T12:12:17,23.4,16.9,53,65,900,8,2.1,167
2021-04-21T12:28:02,23.4,16.8,53,65,900,7,0.7,197
2021-04-21T12:43:46,23.5,16.3,53,68,900,8,1.1,116
2021-04-21T12:59:31,23.5,17.2,53,64,900,7,0.6,275
2021-04-21T13:15:25,23.4,16.9,53,65,900,7,0.5,302
2021-04-21T13:31:08,23.4,17.3,53,65,900,7,1.0,223
2021-04-21T13:46:51,23.4,17.0,53,66,900,7,1.1,126
2021-04-21T14:02:44,23.4,16.7,53,66,900,7,1.7,96
2021-04-21T14:18:19,23.4,16.6,52,65,800,7,1.9,240
2021-04-21T14:33:58,23.4,16.5,53,68,900,6,1.1,139
2021-04-21T14:49:34,23.5,16.7,53,65,900,6,2.2,131
2021-04-21T15:05:25,23.6,17.6,52,63,800,6,1.9,155
2021-04-21T15:21:14,23.6,18.3,52,61,900,6,1.3,329
2021-04-21T15:36:57,23.6,18.8,50,58,800,6,2.4,240
2021-04-21T15:52:40,23.8,19.6,49,53,700,5,0.2,221
2021-04-21T16:08:34,23.7,17.6,50,63,700,5,2.0,216
2021-04-21T16:24:24,23.8,18.6,49,60,700,6,1.6,206
2021-04-21T16:40:07,23.8,18.7,50,58,800,5,2.6,206
2021-04-21T16:55:51,23.8,18.6,49,57,800,5,1.1,245
2021-04-21T17:11:44,23.8,17.5,50,60,800,5,1.9,231
2021-04-21T17:27:27,23.7,15.3,52,69,800,5,2.1,240
2021-04-21T17:43:10,23.4,15.0,52,69,800,6,1.4,246
2021-04-21T17:58:53,23.5,15.2,54,69,1000,6,1.4,109
2021-04-21T18:14:46,23.6,15.9,52,67,900,6,2.2,223
2021-04-21T18:30:36,23.6,16.6,51,64,800,5,1.3,195
2021-04-21T18:46:19,23.6,16.3,51,65,800,5,2.3,202
2021-04-21T19:02:12,23.4,15.3,51,68,800,5,0.7,186
2021-04-21T19:17:56,23.6,15.6,50,66,800,5,1.7,128
2021-04-21T19:33:45,23.5,15.4,50,66,800,5,1.4,203
2021-04-21T19:49:30,23.4,14.8,51,69,800,5,0.6,189
2021-04-21T20:05:22,23.3,14.1,51,71,900,5,1.4,203
2021-04-21T20:21:06,23.3,13.6,52,72,900,6,1.1,150
2021-04-21T20:36:50,23.3,13.4,51,73,900,7,0.2,295
2021-04-21T20:52:34,23.3,13.0,52,74,1000,7,0.6,192
2021-04-21T21:08:27,23.3,12.6,52,75,1000,8,0.8,284
2021-04-21T21:24:11,23.3,12.1,52,77,1100,8,0.3,218
2021-04-21T21:39:53,23.3,12.0,52,76,1100,9,1.0,170
2021-04-21T21:55:37,23.3,11.7,53,77,1200,8,1.1,236
2021-04-21T22:11:30,23.2,11.6,52,77,1100,8,0.2,42
2021-04-21T22:27:13,23.2,11.4,52,78,1200,8,0.9,248
2021-04-21T22:42:58,23.2,10.7,52,79,1100,8,1.0,111
2021-04-21T22:58:41,23.1,10.3,52,80,1100,8,1.7,123
2021-04-21T23:14:34,23.1,9.7,52,82,1200,9,0.6,73
2021-04-21T23:30:18,23.1,9.6,53,82,1300,9,0.7,100
2021-04-21T23:46:01,23.1,9.8,53,82,1300,10,0.3,62
2021-04-22T00:01:55,23.1,10.0,53,81,1300,10,1.4,97
2021-04-22T00:17:38,23.1,9.9,53,81,1300,10,0.6,111
2021-04-22T00:33:21,23.1,9.9,52,81,1300,9,0.2,233
2021-04-22T00:49:05,23.1,9.9,53,81,1300,10,1.1,96
2021-04-22T01:04:58,23.1,9.9,52,81,1300,10,0.7,136
2021-04-22T01:20:42,23.1,9.8,53,82,1300,11,1.1,100
2021-04-22T01:36:26,23.1,9.8,53,81,1300,11,0.5,160
2021-04-22T01:52:10,23.1,9.7,53,82,1300,11,0.5,111
2021-04-22T02:08:03,23.1,9.3,53,82,1400,11,0.6,117
2021-04-22T02:23:47,23.1,9.2,53,83,1400,11,0.9,131
2021-04-22T02:39:31,23.0,9.1,53,82,1300,11,0.2,94
2021-04-22T02:55:14,22.9,9.0,52,82,1300,11,1.4,113
2021-04-22T03:11:07,23.0,8.8,52,83,1300,10,1.0,126
2021-04-22T03:26:50,23.0,8.9,52,82,1300,11,0.7,78
2021-04-22T03:42:33,23.0,8.9,52,81,1400,12,0.4,111
2021-04-22T03:58:17,23.0,8.9,52,82,1400,12,0.6,16
2021-04-22T04:14:10,23.0,8.7,52,83,1400,12,0.3,295
2021-04-22T04:29:59,23.0,8.5,52,84,1500,12,1.1,113
2021-04-22T04:45:42,23.0,8.4,53,84,1500,13,0.5,338
2021-04-22T05:01:35,23.0,8.3,52,84,1400,12,0.9,70
2021-04-22T05:17:19,22.9,8.2,53,84,1300,12,0.2,305
2021-04-22T05:33:03,22.9,7.9,51,85,1300,12,1.1,114
2021-04-22T05:48:46,22.9,8.0,52,85,1400,13,0.6,43
2021-04-22T06:04:39,23.0,8.2,52,84,1400,13,1.2,98
2021-04-22T06:20:22,23.0,8.2,52,84,1400,13,1.6,124
2021-04-22T06:36:06,23.0,8.2,52,84,1400,13,0.8,34
2021-04-22T06:51:50,22.9,8.1,53,84,1400,12,1.8,97
2021-04-22T07:07:43,22.9,8.0,53,85,1500,13,1.6,93
2021-04-22T07:23:26,22.9,7.8,53,86,1500,13,1.6,89
2021-04-22T07:39:10,22.9,7.8,53,85,1500,13,0.8,122
2021-04-22T07:54:53,22.8,8.1,53,84,1400,12,1.3,114
2021-04-22T08:10:47,22.8,8.2,53,84,1400,12,1.6,90
2021-04-22T08:21:41,22.8,8.6,53,83,1400,12,2.3,112
2021-04-22T08:37:25,23.0,8.9,54,82,1400,12,1.0,76
2021-04-22T08:53:10,23.0,9.4,54,81,1400,11,1.9,112
2021-04-22T09:09:02,23.0,9.8,54,80,1400,11,1.5,72
2021-04-22T09:24:47,23.0,10.7,54,77,1400,11,0.4,154
2021-04-22T09:40:24,23.0,10.9,54,76,1300,10,0.7,119
2021-04-22T09:56:15,23.0,11.4,53,74,1200,10,1.1,114
2021-04-22T10:29:02,23.1,12.9,51,69,1200,10,1.3,101
2021-04-22T10:42:11,23.1,13.8,51,67,1200,10,0.9,200
2021-04-22T10:58:24,23.2,14.5,50,65,1100,9,1.1,97
2021-04-22T11:14:54,23.2,15.1,49,61,1000,8,0.0,9
2021-04-22T11:30:49,23.2,15.4,49,60,1100,8,0.4,191
2021-04-22T11:46:48,23.3,16.1,49,59,1000,8,1.5,199
2021-04-22T12:02:47,23.3,15.8,49,60,1000,8,0.4,206
2021-04-22T12:18:37,23.5,15.4,48,59,1000,8,1.0,153
2021-04-22T12:34:37,23.6,16.4,48,58,1000,7,0.7,221
2021-04-22T12:50:36,23.4,17.2,47,55,800,6,1.9,185
2021-04-22T13:06:40,23.4,17.8,46,52,800,5,1.8,84
2021-04-22T13:22:39,23.4,18.0,45,53,800,5,0.4,285
2021-04-22T13:38:34,23.4,17.6,46,54,800,5,0.9,203
2021-04-22T13:54:26,23.5,17.4,45,53,800,5,0.6,206
2021-04-22T14:10:29,23.4,17.6,45,54,800,5,1.6,216
2021-04-22T14:26:23,23.4,17.3,45,55,700,4,1.3,146
2021-04-22T14:42:24,23.4,16.9,44,55,700,4,2.1,121
2021-04-22T14:58:18,23.4,16.5,44,58,700,5,0.7,216
2021-04-22T15:14:20,23.4,16.8,45,57,700,5,0.4,217
2021-04-22T15:30:14,23.4,16.0,45,60,700,4,0.6,163
2021-04-22T15:46:13,23.4,16.3,46,60,700,4,1.0,27
2021-04-22T16:02:17,23.5,16.5,46,58,800,4,1.6,232
2021-04-22T16:18:09,23.5,17.2,46,55,800,4,1.4,167
2021-04-22T16:34:02,23.5,17.2,46,55,800,4,0.1,118
2021-04-22T16:49:55,23.6,18.1,45,55,700,4,0.9,226
2021-04-22T17:05:58,23.6,17.8,46,53,800,4,1.5,251
2021-04-22T17:21:52,23.7,18.6,46,51,700,5,1.0,230
2021-04-22T17:37:45,23.7,17.7,44,52,700,4,1.6,218
2021-04-22T17:53:38,23.7,18.1,45,52,800,4,0.3,216
2021-04-22T18:09:41,23.7,17.4,44,54,700,4,1.0,219
2021-04-22T18:25:35,23.7,17.1,44,54,700,4,1.0,226
2021-04-22T18:41:28,23.6,17.0,45,55,700,4,0.5,186
2021-04-22T18:57:21,23.5,16.9,45,55,700,4,1.4,241
2021-04-22T19:13:24,23.6,17.3,47,60,800,4,1.4,235
2021-04-22T19:29:16,23.5,17.4,48,60,700,4,1.4,266
2021-04-22T19:45:10,23.4,16.2,48,63,700,4,0.7,245
2021-04-22T20:01:13,23.3,15.8,48,65,700,4,0.2,305
2021-04-22T20:17:13,23.3,15.5,49,66,800,4,0.4,195
2021-04-22T20:33:06,23.2,14.9,49,68,800,4,0.5,202
2021-04-22T20:49:00,23.1,14.6,50,68,800,5,0.3,268
2021-04-22T21:05:02,23.1,14.1,50,69,900,5,0.4,162
2021-04-22T21:20:56,22.9,13.7,50,71,900,5,0.4,92
2021-04-22T21:36:55,22.9,13.3,50,72,900,5,0.4,208
2021-04-22T21:52:48,22.9,12.9,50,72,1000,6,0.2,109
2021-04-22T22:08:51,22.8,12.9,50,73,1000,6,0.2,311
2021-04-22T22:24:44,22.9,12.6,50,74,900,6,0.7,303
2021-04-22T22:40:38,22.8,12.5,51,74,1000,6,0.1,268
2021-04-22T22:56:31,22.8,12.2,50,75,1000,6,0.4,326
2021-04-22T23:12:34,22.8,11.8,51,76,1000,6,0.6,83
2021-04-22T23:28:28,22.8,11.8,51,75,1000,6,0.3,90
2021-04-22T23:44:27,22.8,11.4,51,77,1000,7,0.5,124
2021-04-23T00:00:20,22.8,11.6,52,77,1000,7,0.1,1
2021-04-23T00:16:23,22.8,11.3,52,78,1000,7,1.0,345
2021-04-23T00:32:17,22.8,11.0,53,79,1100,7,0.1,2
2021-04-23T00:48:11,22.7,10.6,53,80,1100,7,0.4,340
2021-04-23T01:04:12,22.5,10.2,52,82,1100,8,0.9,340
2021-04-23T01:20:06,22.3,9.6,52,84,1100,9,0.7,308
2021-04-23T01:35:59,22.3,9.4,52,85,1100,9,0.2,121
2021-04-23T01:51:53,22.3,9.4,53,85,1200,9,0.1,0
2021-04-23T02:07:56,22.3,9.0,53,85,1200,10,0.1,11
2021-04-23T02:23:49,22.3,9.0,53,86,1200,10,0.9,104
2021-04-23T02:39:44,22.0,9.1,53,85,1200,10,0.1,90
2021-04-23T02:55:37,22.1,8.7,52,86,1200,11,0.2,43
2021-04-23T03:11:39,22.1,8.0,53,86,1200,10,0.7,106
2021-04-23T03:27:33,22.0,8.0,52,87,1200,10,0.1,0
2021-04-23T03:43:26,22.0,8.2,52,87,1200,11,0.3,69
2021-04-23T03:59:19,22.0,7.7,52,88,1200,11,1.1,146
2021-04-23T04:15:29,22.0,7.2,52,89,1200,11,0.7,96
2021-04-23T04:31:22,22.0,6.6,52,89,1300,11,0.7,50
2021-04-23T04:47:15,22.0,6.5,51,89,1300,11,0.3,90
2021-04-23T05:03:19,21.8,6.4,51,89,1300,12,0.2,293
2021-04-23T05:19:11,21.8,6.4,51,88,1300,11,1.0,202
2021-04-23T05:35:06,21.8,6.4,51,89,1200,11,0.0,0
2021-04-23T05:51:00,21.8,6.2,51,88,1200,11,0.9,67
2021-04-23T06:07:02,21.8,6.3,51,88,1300,12,1.3,96
2021-04-23T06:22:55,21.8,6.2,51,88,1300,13,0.6,90
2021-04-23T06:38:49,21.8,6.0,50,88,1300,12,0.3,304
2021-04-23T06:54:42,21.8,5.5,50,88,1400,13,0.2,179
2021-04-23T07:10:45,21.7,5.2,51,89,1400,13,0.4,66
2021-04-23T07:26:38,21.7,5.2,51,89,1400,13,0.5,340
2021-04-23T07:42:32,21.7,5.3,50,90,1300,12,0.6,289
2021-04-23T07:58:31,21.7,5.3,50,89,1300,12,0.4,71
2021-04-23T08:11:43,21.7,5.9,52,90,1400,12,0.8,324
2021-04-23T08:27:38,21.7,6.8,52,90,1300,11,0.2,291
2021-04-23T08:43:36,21.7,8.9,53,84,1300,12,0.4,121
2021-04-23T08:59:39,21.7,9.8,53,81,1200,11,0.4,129
2021-04-23T09:15:51,22.4,11.3,58,77,1700,12,0.1,1
2021-04-23T09:31:59,22.6,11.6,58,74,1700,12,0.1,76
2021-04-23T09:47:58,22.7,12.5,56,73,1600,12,0.3,155
2021-04-23T10:04:05,21.9,13.6,53,69,1000,7,0.6,71
2021-04-23T10:20:03,21.7,14.6,52,66,900,5,0.7,130
2021-04-23T10:36:00,21.6,16.3,51,60,800,4,0.6,234
2021-04-23T10:51:57,22.7,16.5,53,59,1200,7,0.8,192
2021-04-23T11:08:03,23.0,17.6,53,54,1300,9,0.8,330
2021-04-23T11:24:01,23.1,17.7,50,50,1300,9,0.4,138
2021-04-23T11:39:59,23.2,18.6,48,49,1200,8,0.8,203
2021-04-23T11:55:56,23.2,19.9,47,47,1100,7,0.1,179
2021-04-23T12:12:03,23.3,19.9,47,47,1000,8,0.9,225
2021-04-23T12:28:00,23.4,20.1,46,48,1000,7,1.2,218
2021-04-23T12:43:58,23.5,20.4,45,43,900,6,1.6,221
2021-04-23T12:59:55,23.5,21.0,44,43,800,6,1.4,220
2021-04-23T13:16:03,23.5,21.5,43,42,800,5,1.2,146
2021-04-23T13:32:01,23.6,20.8,42,43,800,4,1.7,220
2021-04-23T13:48:04,23.6,22.3,42,40,700,4,2.2,161
2021-04-23T14:04:11,23.6,22.2,41,40,700,4,0.9,198
2021-04-23T14:20:08,23.7,22.3,40,38,700,4,0.2,262
2021-04-23T14:36:11,23.8,22.7,40,37,700,5,1.7,202
2021-04-23T14:52:15,23.9,22.7,39,37,700,4,2.0,189
2021-04-23T15:08:22,24.0,22.1,39,37,700,4,1.0,223
2021-04-23T15:24:20,24.1,22.7,39,36,600,3,2.8,224
2021-04-23T15:40:18,24.1,23.0,39,36,600,3,0.6,145
2021-04-23T15:56:15,24.3,23.5,38,36,600,3,1.1,48
2021-04-23T16:12:22,24.5,23.2,40,38,600,3,0.8,82
2021-04-23T16:28:20,24.6,23.1,39,38,600,3,1.3,202
2021-04-23T16:44:17,24.7,22.7,39,37,600,3,0.9,155
2021-04-23T17:00:14,24.8,22.7,38,38,600,3,1.8,204
2021-04-23T17:16:22,24.6,22.3,37,36,600,3,1.6,184
2021-04-23T17:32:25,24.5,21.5,38,39,600,3,2.3,202
2021-04-23T17:48:23,24.5,21.5,40,40,700,3,0.1,2
2021-04-23T18:04:31,24.4,21.3,40,40,600,3,1.8,198
2021-04-23T18:20:28,24.4,21.4,39,39,600,3,3.0,215
2021-04-23T18:36:25,24.2,20.5,40,42,600,3,1.8,143
2021-04-23T18:52:23,24.0,20.4,40,43,600,3,2.3,172
2021-04-23T19:08:30,23.8,19.2,41,44,700,3,1.6,206
2021-04-23T19:24:28,23.8,18.8,40,46,700,3,1.2,167
2021-04-23T19:40:26,23.7,18.7,42,47,700,4,0.5,337
2021-04-23T19:56:19,23.5,17.9,43,52,700,3,0.7,87
2021-04-23T20:12:26,23.5,17.5,45,53,800,4,0.6,234
2021-04-23T20:28:24,23.4,16.6,44,56,800,4,0.4,246
2021-04-23T20:44:21,23.5,16.3,44,56,800,4,0.6,192
2021-04-23T21:00:19,23.4,15.6,44,57,800,4,0.7,140
2021-04-23T21:16:27,23.4,14.9,44,59,900,5,0.9,115
2021-04-23T21:32:24,23.4,14.8,44,59,900,6,0.6,146
2021-04-23T21:48:22,23.4,14.3,45,61,900,6,0.9,116
2021-04-23T22:04:30,23.3,14.1,46,62,1000,6,0.3,162
2021-04-23T22:20:28,23.3,13.6,46,64,1000,7,0.3,156
2021-04-23T22:36:25,23.3,13.4,46,65,1000,6,0.4,68
2021-04-23T22:52:23,23.3,12.9,46,66,1000,7,1.5,96
2021-04-23T23:08:29,23.3,12.7,47,67,1100,7,0.1,267
2021-04-23T23:24:28,23.3,12.5,47,68,1100,7,0.1,90
2021-04-23T23:40:26,23.3,12.0,47,70,1000,7,0.2,152
2021-04-23T23:56:23,23.3,11.9,47,71,1000,7,0.2,93
2021-04-24T00:12:36,23.3,11.5,47,71,1100,7,0.6,80
2021-04-24T00:28:34,23.2,11.3,47,70,1100,8,1.3,101
2021-04-24T00:44:31,23.2,10.8,47,70,1200,9,1.3,121
2021-04-24T01:00:37,23.1,9.9,47,73,1200,9,0.2,90
2021-04-24T01:16:35,23.1,9.8,47,73,1200,9,2.1,117
2021-04-24T01:32:33,23.1,9.6,47,72,1200,10,1.8,119
2021-04-24T01:48:31,23.1,9.7,47,72,1300,10,1.3,113
2021-04-24T02:04:38,23.1,9.5,47,72,1200,10,2.0,140
2021-04-24T02:20:37,23.1,9.5,47,71,1200,9,0.9,85
2021-04-24T02:36:40,23.1,9.2,47,72,1200,10,0.4,87
2021-04-24T02:52:38,23.0,8.7,47,73,1300,10,0.2,111
2021-04-24T03:08:44,23.0,8.6,48,74,1300,10,0.5,319
2021-04-24T03:24:42,22.9,8.1,46,75,1300,11,1.1,117
2021-04-24T03:40:40,22.9,7.9,47,75,1300,10,0.9,109
2021-04-24T03:56:37,22.8,7.8,48,76,1300,11,1.5,128
2021-04-24T04:12:45,22.9,7.6,48,76,1400,12,0.7,99
2021-04-24T04:28:48,22.9,7.5,48,76,1400,11,0.9,98
2021-04-24T04:44:45,22.9,7.6,48,75,1400,12,1.0,109
2021-04-24T05:00:53,22.9,7.4,48,76,1500,12,2.5,117
2021-04-24T05:16:50,22.8,7.2,48,76,1400,12,0.3,208
2021-04-24T05:32:48,22.8,6.7,47,78,1400,12,0.3,209
2021-04-24T05:48:46,22.8,6.1,47,79,1500,12,0.3,289
2021-04-24T06:04:52,22.8,6.1,48,80,1500,12,0.2,0
2021-04-24T06:20:50,22.9,6.4,48,79,1500,12,0.6,102
2021-04-24T06:36:48,22.9,6.1,47,79,1500,12,0.1,0
2021-04-24T06:52:45,22.8,6.2,48,79,1500,12,0.2,57
2021-04-24T07:08:52,22.8,5.9,49,80,1600,13,0.5,73
2021-04-24T07:24:50,22.8,5.5,49,81,1500,13,1.8,133
2021-04-24T07:40:47,22.8,5.5,50,82,1600,13,0.0,0
2021-04-24T07:56:45,22.8,5.7,50,82,1600,13,0.2,230
2021-04-24T08:12:51,22.8,6.5,49,80,1600,13,0.3,116
2021-04-24T08:28:55,22.8,7.8,51,77,1500,13,1.1,104
2021-04-24T08:44:52,22.8,8.4,53,74,1600,13,2.3,119
2021-04-24T09:00:59,22.8,9.5,53,72,1600,13,1.6,98
2021-04-24T09:16:56,22.9,10.4,52,70,1500,12,0.9,132
2021-04-24T09:32:54,23.0,12.0,52,65,1500,12,0.3,17
2021-04-24T09:48:50,23.0,13.2,52,64,1300,11,0.2,228
2021-04-24T10:04:56,23.0,14.8,52,61,1300,10,0.9,219
2021-04-24T10:20:54,23.1,15.9,50,58,1300,10,0.6,155
2021-04-24T10:36:51,23.2,16.6,49,55,1200,9,0.2,268
2021-04-24T10:52:48,23.2,18.0,48,47,1200,9,0.5,134
2021-04-24T11:08:56,23.3,18.6,45,44,1100,7,0.2,221
2021-04-24T11:24:54,23.4,19.6,44,41,1000,7,0.3,198
2021-04-24T11:40:51,23.4,19.6,43,41,900,7,1.1,221
2021-04-24T11:56:48,23.4,19.5,43,42,900,6,0.9,188
2021-04-24T12:12:55,23.5,19.9,42,41,800,6,0.3,234
2021-04-24T12:28:53,23.4,20.0,41,40,800,6,1.5,182
2021-04-24T12:44:51,23.6,21.0,40,38,800,5,0.8,190
2021-04-24T13:00:57,23.6,21.2,39,38,800,5,1.5,196
2021-04-24T13:17:00,23.6,22.3,38,35,700,5,0.7,190
2021-04-24T13:32:59,23.8,22.6,35,29,700,4,0.2,134
2021-04-24T13:49:00,23.9,22.3,35,29,600,4,1.1,139
2021-04-24T14:05:07,23.9,22.2,35,29,700,4,0.8,252
2021-04-24T14:21:05,24.0,22.5,36,29,800,4,1.6,199
2021-04-24T14:37:02,24.1,22.4,37,29,800,4,2.0,223
2021-04-24T14:53:00,24.1,22.9,35,29,700,4,1.6,251
2021-04-24T15:09:13,24.3,24.0,35,28,600,3,1.8,230
2021-04-24T15:25:11,24.4,24.1,34,28,600,3,0.0,267
2021-04-24T15:41:08,24.8,24.4,34,29,600,3,2.2,208
2021-04-24T15:57:07,24.8,23.8,33,28,600,3,0.9,207
2021-04-24T16:13:13,24.8,23.4,33,30,600,3,0.6,115
2021-04-24T16:29:11,24.8,23.6,32,27,600,3,0.7,224
2021-04-24T16:45:09,24.8,23.4,33,26,600,3,1.8,158
2021-04-24T17:01:15,24.8,23.1,34,29,600,3,1.8,172
2021-04-24T17:17:18,24.8,22.9,35,28,600,3,0.7,197
2021-04-24T17:33:15,24.5,21.6,36,34,700,3,0.7,217
2021-04-24T17:49:19,24.2,20.3,38,39,700,3,2.5,217
2021-04-24T18:05:26,24.1,19.9,39,39,700,4,1.1,224
2021-04-24T18:21:23,24.0,19.4,39,39,700,4,3.2,203
2021-04-24T18:37:20,23.9,19.3,39,39,700,4,1.3,198
2021-04-24T18:53:18,23.8,18.7,40,43,700,4,0.8,165
2021-04-24T19:09:26,23.7,18.7,40,44,700,4,1.3,209
2021-04-24T19:25:23,23.7,17.9,40,43,700,4,1.4,188
2021-04-24T19:41:19,23.7,17.5,40,45,800,4,0.4,247
2021-04-24T19:57:18,23.7,17.3,40,45,700,4,0.7,206
2021-04-24T20:13:25,23.6,16.8,41,49,800,4,0.6,119
2021-04-24T20:29:23,23.6,16.6,42,52,800,4,0.3,137
2021-04-24T20:45:20,23.6,16.0,43,55,800,5,0.9,97
2021-04-24T21:01:27,23.5,15.8,44,56,800,5,1.0,108
2021-04-24T21:17:24,23.4,15.4,44,57,800,5,0.6,68
2021-04-24T21:33:22,23.4,14.9,45,62,900,6,0.3,208
2021-04-24T21:49:19,23.4,14.6,46,62,900,6,0.4,197
2021-04-24T22:05:26,23.3,14.8,45,60,900,6,0.9,134
2021-04-24T22:21:24,23.3,14.9,46,61,900,6,0.6,259
2021-04-24T22:37:20,23.3,13.8,49,69,900,6,0.3,292
2021-04-24T22:53:18,23.3,13.6,52,70,1000,7,0.2,312
2021-04-24T23:09:24,23.3,13.2,52,72,1000,7,0.5,320
2021-04-24T23:25:21,23.3,13.1,52,74,1000,7,0.8,329
2021-04-24T23:41:18,23.3,12.9,52,75,1100,8,0.7,41
2021-04-24T23:57:16,23.3,12.8,52,75,1000,8,0.7,299
2021-04-25T00:13:22,23.3,12.6,53,76,1000,8,0.3,31
2021-04-25T00:29:19,23.3,12.5,51,73,1000,8,0.7,38
2021-04-25T00:45:16,23.3,12.4,50,72,1000,8,0.7,252
2021-04-25T01:01:23,23.3,12.1,50,71,1100,8,0.4,322
2021-04-25T01:17:20,23.2,11.1,52,79,1200,9,0.7,53
2021-04-25T01:33:18,23.1,10.8,53,79,1300,9,0.3,179
2021-04-25T01:49:15,23.2,10.5,53,79,1300,10,0.1,114
2021-04-25T02:05:22,23.2,10.4,52,79,1200,10,0.1,91
2021-04-25T02:21:20,23.2,10.2,52,79,1300,10,0.6,210
2021-04-25T02:37:17,23.2,9.7,52,81,1300,10,0.3,130
2021-04-25T02:53:15,23.1,9.7,53,83,1300,11,0.5,212
2021-04-25T03:09:22,23.2,10.0,52,82,1300,10,0.3,284
2021-04-25T03:25:20,23.2,10.2,52,81,1300,10,0.2,268
2021-04-25T03:41:17,23.1,10.1,53,81,1200,10,0.2,40
2021-04-25T03:57:15,23.1,10.1,52,82,1300,10,0.2,311
2021-04-25T04:13:22,23.1,10.3,53,80,1300,10,0.8,99
2021-04-25T04:29:25,23.2,9.9,52,81,1200,10,0.4,84
2021-04-25T04:45:22,23.2,9.6,51,80,1200,11,0.6,187
2021-04-25T05:01:36,23.1,8.6,52,83,1300,11,0.1,90
2021-04-25T05:17:33,23.1,8.5,52,84,1300,12,1.0,126
2021-04-25T05:33:31,22.9,8.4,52,84,1300,12,0.2,55
2021-04-25T05:49:28,23.0,8.2,52,84,1400,12,0.2,257
2021-04-25T06:05:34,23.0,8.4,52,82,1400,12,0.7,85
2021-04-25T06:21:31,23.1,8.7,52,81,1500,12,0.2,228
2021-04-25T06:37:29,23.1,8.6,53,82,1500,13,0.2,90
2021-04-25T06:53:27,23.1,8.8,53,83,1500,13,0.7,70
2021-04-25T07:09:34,23.1,9.0,52,82,1400,13,0.7,67
2021-04-25T07:25:38,23.1,9.6,52,78,1400,12,0.9,43
2021-04-25T07:41:35,23.1,9.8,52,79,1300,12,0.3,130
2021-04-25T07:57:32,23.1,9.5,53,80,1400,12,0.2,252
2021-04-25T08:13:39,23.1,9.2,54,82,1500,12,0.0,258
2021-04-25T08:29:42,23.1,9.0,56,85,1500,12,1.3,213
2021-04-25T08:45:40,23.1,9.4,56,85,1500,12,0.2,308
2021-04-25T09:01:48,23.1,9.4,56,85,1500,12,2.1,306
2021-04-25T09:17:45,23.1,9.6,55,85,1500,12,0.7,97
2021-04-25T09:33:42,23.1,9.8,56,84,1500,12,0.3,254
2021-04-25T09:49:40,23.1,10.1,56,82,1500,12,0.6,281
2021-04-25T10:05:48,23.1,10.1,56,84,1500,13,0.6,224
2021-04-25T10:21:44,23.1,10.1,58,85,1500,12,1.3,112
2021-04-25T10:37:48,23.1,10.5,59,86,1500,13,0.9,75
2021-04-25T10:53:47,23.1,11.3,59,82,1400,12,2.2,90
2021-04-25T11:09:53,23.2,13.7,58,75,1300,11,0.4,140
2021-04-25T11:25:50,23.2,15.3,58,69,1100,10,0.5,106
2021-04-25T11:41:47,23.2,16.0,56,67,1100,10,0.6,125
2021-04-25T11:57:45,23.3,15.7,56,66,1000,9,1.9,182
2021-04-25T12:13:51,23.4,16.1,54,65,1000,8,0.3,217
2021-04-25T12:29:49,23.4,17.9,52,58,900,7,1.9,115
2021-04-25T12:45:46,23.4,17.7,51,61,900,7,0.4,286
2021-04-25T13:01:53,23.4,18.5,51,57,800,7,1.6,111
2021-04-25T13:17:50,23.6,19.0,50,56,800,7,2.1,173
2021-04-25T13:33:53,23.6,18.6,48,55,800,6,0.2,233
2021-04-25T13:49:50,23.6,18.9,47,54,800,6,1.9,236
2021-04-25T14:05:56,23.6,19.3,47,52,700,6,0.4,284
2021-04-25T14:22:00,23.8,21.8,46,44,800,5,0.6,153
2021-04-25T14:37:58,23.8,21.0,45,46,700,5,0.7,106
2021-04-25T14:53:54,23.8,20.7,45,46,800,5,3.6,109
2021-04-25T15:10:08,23.8,20.8,44,45,700,5,0.9,216
2021-04-25T15:26:05,23.9,20.9,44,44,700,4,0.6,160
2021-04-25T15:42:02,23.9,21.5,43,42,700,4,1.8,130
2021-04-25T15:57:59,24.0,21.0,42,42,700,4,3.2,119
2021-04-25T16:14:05,24.0,21.1,41,42,700,4,0.9,110
2021-04-25T16:30:02,24.0,21.4,41,40,700,4,3.0,107
2021-04-25T16:46:00,24.1,21.9,40,37,700,4,1.1,195
2021-04-25T17:02:06,24.1,22.1,40,39,700,4,0.4,239
2021-04-25T17:18:03,24.1,21.7,40,37,700,4,2.0,190
2021-04-25T17:34:01,24.1,21.5,39,37,700,4,3.5,210
2021-04-25T17:49:58,24.3,22.5,39,35,700,4,0.8,132
2021-04-25T18:06:06,24.3,22.3,39,36,700,4,0.2,268
2021-04-25T18:22:03,24.6,22.5,39,35,600,4,2.1,167
2021-04-25T18:38:07,24.8,22.3,40,37,700,4,0.4,186
2021-04-25T18:54:04,24.8,22.2,39,37,600,4,0.9,75
2021-04-25T19:10:10,24.5,21.7,37,35,600,4,2.5,216
2021-04-25T19:26:08,24.3,21.3,37,36,600,3,1.0,273
2021-04-25T19:42:06,24.1,20.1,37,37,600,4,2.0,256
2021-04-25T19:58:03,24.0,19.2,36,36,700,4,2.2,225
2021-04-25T20:14:16,23.8,18.8,36,37,700,4,1.1,95
2021-04-25T20:30:13,23.7,18.0,36,37,700,4,1.3,123
2021-04-25T20:46:11,23.5,17.8,37,38,700,4,1.0,273
2021-04-25T21:02:18,23.6,16.5,38,43,700,5,1.1,197
2021-04-25T21:18:15,23.6,16.5,38,43,800,5,1.1,116
2021-04-25T21:34:12,23.6,16.5,38,43,800,5,1.4,106
2021-04-25T21:50:15,23.6,15.9,39,47,800,5,2.8,101
2021-04-25T22:06:22,23.4,15.6,40,49,800,5,0.9,94
2021-04-25T22:22:20,23.4,15.0,40,51,900,6,1.3,96
2021-04-25T22:38:18,23.4,14.7,41,53,900,6,0.2,192
2021-04-25T22:54:15,23.4,14.5,41,54,900,6,0.4,192
2021-04-25T23:10:21,23.4,14.3,43,55,1000,7,1.2,115
2021-04-25T23:26:19,23.4,14.5,42,54,900,7,1.6,95
2021-04-25T23:42:23,23.4,14.2,43,55,1000,7,1.9,99
2021-04-25T23:58:20,23.4,14.1,43,56,1000,7,3.4,116
2021-04-26T00:14:28,23.4,14.0,43,57,900,7,0.8,84
2021-04-26T00:30:26,23.4,14.0,43,57,900,7,0.9,123
2021-04-26T00:46:23,23.4,13.7,43,58,1000,7,1.9,110
2021-04-26T01:02:32,23.3,13.8,43,58,1000,7,0.9,189
2021-04-26T01:18:30,23.3,13.8,44,58,1000,8,0.8,80
2021-04-26T01:34:28,23.3,13.7,44,59,1000,7,1.1,152
2021-04-26T01:50:25,23.3,13.5,44,59,1000,8,0.7,101
2021-04-26T02:06:33,23.3,13.0,44,60,1000,8,0.9,118
2021-04-26T02:22:30,23.3,13.0,45,61,1000,7,0.2,110
2021-04-26T02:38:33,23.3,12.9,44,62,1000,8,1.4,96
2021-04-26T02:54:31,23.3,13.0,44,61,1100,9,0.8,137
2021-04-26T03:10:39,23.3,13.1,44,62,1000,8,2.7,117
2021-04-26T03:26:36,23.2,13.2,45,61,1000,8,1.0,111
2021-04-26T03:42:40,23.2,13.5,45,61,1000,8,1.8,121
2021-04-26T03:58:37,23.2,13.6,45,61,1000,8,0.4,82
2021-04-26T04:14:44,23.2,13.4,46,62,1000,8,1.5,114
2021-04-26T04:30:42,23.2,13.0,46,67,1000,8,0.0,134
2021-04-26T04:46:39,23.2,12.5,48,69,1000,9,1.2,113
2021-04-26T05:02:47,23.2,12.5,48,70,1000,9,1.0,76
2021-04-26T05:18:45,23.2,12.3,49,70,1100,9,0.8,73
2021-04-26T05:34:42,23.1,12.1,50,72,1100,9,1.1,95
2021-04-26T05:50:40,23.1,11.8,51,74,1100,9,0.3,57
2021-04-26T06:06:46,23.1,11.3,51,77,1100,9,0.9,87
2021-04-26T06:22:43,23.1,10.9,52,79,1100,9,0.4,248
2021-04-26T06:38:42,23.1,10.8,53,81,1100,10,1.1,106
2021-04-26T06:54:39,23.1,10.5,53,83,1200,10,1.8,116
2021-04-26T07:10:47,23.1,10.3,54,85,1200,10,0.7,110
2021-04-26T07:26:50,23.1,10.3,55,85,1200,10,0.5,73
2021-04-26T07:42:47,23.1,10.3,55,85,1300,11,0.3,176
2021-04-26T07:58:44,23.1,10.3,56,86,1300,11,1.5,107
2021-04-26T08:14:52,23.1,9.9,56,86,1300,12,1.5,99
2021-04-26T08:19:45,23.1,9.9,56,85,1300,12,1.9,54
2021-04-26T08:35:43,23.1,10.0,56,83,1300,12,0.9,256
2021-04-26T08:51:42,23.1,10.4,57,80,1300,11,0.2,70
2021-04-26T09:07:45,23.1,10.7,56,79,1300,11,0.4,104
2021-04-26T09:23:39,23.2,10.9,57,81,1200,10,0.3,223
2021-04-26T09:39:33,23.2,10.7,59,83,1300,10,0.7,260
2021-04-26T09:55:27,23.1,11.0,59,85,1300,10,0.5,228
2021-04-26T10:11:30,23.1,11.1,58,85,1200,10,2.0,272
2021-04-26T10:27:23,23.0,11.0,58,86,1200,11,0.5,289
2021-04-26T10:43:18,22.9,11.2,58,87,1100,12,0.8,317
2021-04-26T10:59:12,22.9,11.2,57,86,1100,12,0.6,328
2021-04-26T11:15:15,23.0,11.3,58,87,1100,12,0.4,112
2021-04-26T11:31:09,23.1,11.3,57,87,1200,12,0.6,50
2021-04-26T11:47:03,23.2,11.5,57,87,1200,11,0.4,294
2021-04-26T12:03:07,23.2,11.8,57,86,1200,11,0.5,74
2021-04-26T12:19:05,23.2,12.0,57,84,1100,11,1.4,296
2021-04-26T12:35:02,23.2,12.1,57,85,1100,11,0.7,102
2021-04-26T12:51:00,23.2,12.2,57,85,1100,11,0.4,288
2021-04-26T13:07:06,23.2,12.7,59,84,1100,10,1.3,47
2021-04-26T13:22:57,23.3,13.0,60,85,1100,9,0.9,107
2021-04-26T13:38:50,23.3,13.5,60,83,1100,9,0.2,90
2021-04-26T13:54:46,23.3,13.7,60,84,1200,9,0.1,278
2021-04-26T14:10:57,23.3,14.1,60,82,1100,9,0.3,220
2021-04-26T14:26:54,23.3,14.6,58,76,1100,9,0.4,326
2021-04-26T14:42:52,23.3,14.9,56,70,1000,9,0.4,302
2021-04-26T14:58:49,23.3,14.8,56,73,1000,8,0.3,305
2021-04-26T15:15:03,23.3,14.6,57,72,1100,9,0.9,86
2021-04-26T15:31:00,23.3,14.0,57,74,1100,9,1.0,221
2021-04-26T15:46:58,23.3,14.1,57,73,1100,8,0.3,208
2021-04-26T16:03:05,23.3,14.0,58,73,1200,8,0.4,230
2021-04-26T16:19:02,23.3,14.0,58,76,1200,8,0.4,296
2021-04-26T16:35:00,23.3,13.8,60,76,1200,8,1.7,231
2021-04-26T16:50:57,23.3,13.7,60,78,1200,8,0.8,257
2021-04-26T17:07:04,23.3,14.0,60,78,1100,8,0.7,253
2021-04-26T17:23:01,23.4,14.2,61,76,1200,8,0.4,282
2021-04-26T17:39:05,23.3,14.3,60,75,1100,8,1.1,209
2021-04-26T17:55:09,23.3,14.1,59,74,1100,8,0.2,148
2021-04-26T18:11:15,23.3,15.0,58,71,1200,8,0.2,214
2021-04-26T18:27:19,23.3,14.9,57,69,1100,8,0.2,226
2021-04-26T18:43:17,23.3,14.8,57,68,1100,8,0.4,219
2021-04-26T18:59:14,23.3,14.8,57,69,1000,7,0.2,220
2021-04-26T19:15:21,23.3,14.8,57,72,1000,8,0.6,245
2021-04-26T19:31:19,23.3,14.5,57,73,1000,8,0.6,193
2021-04-26T19:47:16,23.3,14.3,57,74,1000,8,0.2,225
2021-04-26T20:03:22,23.3,13.8,57,77,1000,8,0.4,195
2021-04-26T20:19:19,23.3,13.6,57,77,1000,8,0.7,200
2021-04-26T20:35:17,23.3,13.2,56,78,1000,8,0.5,209
2021-04-26T20:51:14,23.3,13.0,56,78,1000,8,0.4,232
2021-04-26T21:07:20,23.3,13.0,57,81,1100,9,0.2,31
2021-04-26T21:23:24,23.3,13.0,56,81,1100,8,0.5,222
2021-04-26T21:39:27,23.3,12.9,57,81,1000,8,0.2,304
2021-04-26T21:55:24,23.2,13.0,57,80,1100,9,0.3,315
2021-04-26T22:11:31,23.2,13.1,58,81,1100,9,0.2,283
2021-04-26T22:27:28,23.2,12.9,58,81,1100,8,0.2,220
2021-04-26T22:43:25,23.2,12.9,58,82,1100,8,0.2,322
2021-04-26T22:59:23,23.1,12.8,58,82,1100,9,0.1,0
2021-04-26T23:15:31,23.1,12.5,58,83,1100,9,0.5,4
2021-04-26T23:31:28,23.1,12.6,57,84,1100,9,0.3,322
2021-04-26T23:47:26,23.1,12.4,58,85,1100,9,0.0,0
2021-04-27T00:03:32,23.1,12.4,58,85,1100,9,0.4,294
2021-04-27T00:19:29,23.1,12.4,58,86,1100,9,0.2,317
2021-04-27T00:35:27,23.1,12.2,58,87,1200,10,0.6,332
2021-04-27T00:51:25,23.1,12.1,58,85,1200,10,0.3,297
2021-04-27T01:07:33,23.1,12.1,59,86,1200,10,0.3,21
2021-04-27T01:23:30,23.1,12.2,59,86,1200,10,0.2,256
2021-04-27T01:39:28,23.1,11.9,59,88,1200,10,0.3,240
2021-04-27T01:55:26,23.1,11.9,59,88,1200,11,0.2,0
2021-04-27T02:11:33,23.1,12.0,59,87,1200,11,0.2,327
2021-04-27T02:27:37,23.1,12.1,58,86,1200,11,0.2,55
2021-04-27T02:43:34,23.0,11.9,59,87,1100,11,0.1,1
2021-04-27T02:59:31,23.0,11.9,58,87,1100,11,0.4,39
2021-04-27T03:15:39,23.0,11.9,59,88,1200,12,0.2,310
2021-04-27T03:31:37,22.9,11.7,59,88,1200,12,0.2,223
2021-04-27T03:47:35,22.9,11.5,59,88,1200,12,0.1,265
2021-04-27T04:03:41,22.8,11.3,59,89,1300,12,0.2,40
2021-04-27T04:19:39,22.8,11.3,59,90,1200,13,0.4,76
2021-04-27T04:35:36,22.8,11.3,59,90,1200,12,0.2,233
2021-04-27T04:51:33,22.8,11.2,59,91,1200,11,0.2,66
2021-04-27T05:07:41,22.8,11.3,59,91,1200,12,0.4,89
2021-04-27T05:23:38,22.9,11.0,59,91,1200,11,0.1,268
2021-04-27T05:39:36,22.9,10.9,58,91,1200,11,0.4,307
2021-04-27T05:55:35,22.9,10.7,59,91,1200,11,0.2,41
2021-04-27T06:11:41,22.9,10.7,59,92,1200,12,0.1,1
2021-04-27T06:27:38,22.9,10.4,59,93,1300,13,1.1,88
2021-04-27T06:43:36,22.8,10.3,60,94,1300,13,0.3,106
2021-04-27T06:59:33,22.8,10.5,59,94,1200,13,0.4,100
2021-04-27T07:15:42,22.8,10.5,60,94,1300,13,0.2,1
2021-04-27T07:31:40,22.9,10.6,60,95,1200,13,0.5,54
2021-04-27T07:47:38,22.9,10.7,60,95,1300,13,0.3,122
2021-04-27T08:03:46,22.9,10.7,61,95,1200,13,0.2,47
2021-04-27T08:19:45,22.9,11.0,61,94,1300,13,0.1,1
2021-04-27T08:35:39,22.9,11.0,62,94,1300,13,0.3,232
2021-04-27T08:51:34,22.9,11.2,61,94,1300,13,0.1,268
2021-04-27T09:07:37,23.0,11.2,62,93,1300,12,0.2,333
2021-04-27T09:23:31,23.0,11.3,63,94,1400,13,0.2,141
2021-04-27T09:39:25,22.8,11.3,64,94,1300,12,0.1,268
2021-04-27T09:55:23,22.8,11.3,65,93,1300,12,0.3,248
2021-04-27T10:11:31,22.8,12.0,65,91,1200,11,0.1,1
2021-04-27T10:27:28,22.8,12.6,61,88,1200,11,0.3,50
2021-04-27T10:43:25,22.7,12.8,64,87,1200,11,0.2,43
2021-04-27T10:59:23,23.0,13.5,63,85,1200,13,1.3,132
2021-04-27T11:15:30,23.0,13.6,61,84,1100,10,0.9,86
2021-04-27T11:31:28,23.0,14.4,61,81,1100,8,0.7,123
2021-04-27T11:47:26,22.8,14.9,63,79,1000,9,0.3,223
2021-04-27T12:03:34,23.1,15.3,62,76,1100,7,0.6,218
2021-04-27T12:19:32,23.1,16.5,60,72,1000,8,0.7,269
2021-04-27T12:35:29,23.1,16.6,60,70,1000,7,1.1,282
2021-04-27T12:51:27,23.2,17.1,58,66,900,7,0.8,217
2021-04-27T13:07:35,22.5,17.6,56,66,700,6,0.7,103
2021-04-27T13:23:28,23.0,18.0,56,65,800,6,0.7,131
2021-04-27T13:39:20,23.0,17.5,54,64,800,7,0.9,154
2021-04-27T13:55:19,23.2,16.8,53,67,800,7,0.8,232
2021-04-27T14:11:27,23.3,17.5,53,62,900,7,1.1,275
2021-04-27T14:27:24,23.4,17.4,53,63,900,8,1.0,179
2021-04-27T14:43:22,23.3,18.0,53,64,900,7,0.4,223
2021-04-27T14:59:19,23.3,17.8,53,65,800,7,0.3,111
2021-04-27T15:15:33,23.3,17.2,52,65,800,7,0.9,204
2021-04-27T15:31:31,23.3,17.5,53,66,900,8,0.8,200
2021-04-27T15:47:29,23.3,17.5,53,66,900,7,0.1,91
2021-04-27T16:03:35,23.5,18.1,54,64,900,7,0.9,77
2021-04-27T16:19:33,23.4,17.7,54,66,800,7,0.1,39
2021-04-27T16:35:31,23.5,18.3,54,64,900,7,0.3,231
2021-04-27T16:51:28,23.5,20.1,54,59,800,6,0.3,222
2021-04-27T17:07:36,23.5,19.1,53,59,800,6,0.7,214
2021-04-27T17:23:33,23.6,19.5,52,59,800,6,1.0,232
2021-04-27T17:39:31,23.8,20.9,52,56,800,7,0.3,152
2021-04-27T17:55:29,23.7,18.9,52,60,700,6,0.9,103
2021-04-27T18:11:36,23.6,18.6,52,61,800,6,0.4,335
2021-04-27T18:27:33,23.5,18.2,53,61,800,6,0.1,267
2021-04-27T18:43:38,23.5,18.2,52,63,800,7,0.6,268
2021-04-27T18:59:35,23.5,18.3,52,62,800,6,0.2,211
2021-04-27T19:15:43,23.6,18.7,51,60,800,6,0.4,23
2021-04-27T19:31:41,23.6,18.5,52,62,800,6,0.5,295
2021-04-27T19:47:39,23.5,17.7,52,64,800,6,0.3,225
2021-04-27T20:03:47,23.4,17.4,53,66,800,6,0.2,238
2021-04-27T20:19:45,23.4,17.0,53,69,800,7,0.4,207
2021-04-27T20:35:48,23.4,16.7,54,69,800,6,0.4,207
2021-04-27T20:51:46,23.3,16.4,55,69,800,7,0.4,205
2021-04-27T21:07:54,23.3,16.1,54,70,800,8,0.2,231
2021-04-27T21:23:51,23.3,15.5,54,70,900,8,0.6,217
2021-04-27T21:39:55,23.3,15.2,54,71,900,8,0.2,225
2021-04-27T21:55:52,23.3,15.0,56,74,1000,7,0.3,296
2021-04-27T22:11:59,23.3,15.0,56,72,900,8,0.4,128
2021-04-27T22:27:57,23.3,15.1,56,74,1000,8,0.2,228
2021-04-27T22:43:55,23.3,14.2,57,78,1000,8,0.7,196
2021-04-27T22:59:52,23.3,14.3,57,79,1000,8,0.5,252
2021-04-27T23:16:00,23.3,14.8,57,77,900,8,0.2,151
2021-04-27T23:31:57,23.2,14.5,57,78,900,9,0.0,7
2021-04-27T23:47:54,23.2,14.6,56,77,900,9,0.6,232
2021-04-28T00:04:00,23.2,14.5,56,77,900,9,0.4,293
2021-04-28T00:19:58,23.2,14.5,56,77,1000,9,0.1,265
2021-04-28T00:35:55,23.2,14.3,57,78,1000,8,0.0,33
2021-04-28T00:51:52,23.3,13.7,57,81,1000,8,0.4,133
2021-04-28T01:08:06,23.4,13.2,57,83,1000,9,0.3,153
2021-04-28T01:24:03,23.4,13.1,57,83,1000,9,0.7,74
2021-04-28T01:40:01,23.4,13.0,58,84,1100,10,0.6,96
2021-04-28T01:56:05,23.3,12.8,59,86,1100,10,0.2,0
2021-04-28T02:12:14,23.3,12.8,59,88,1100,10,0.2,268
2021-04-28T02:28:11,23.3,12.8,60,88,1100,11,0.3,324
2021-04-28T02:44:08,23.2,12.8,60,89,1200,11,0.7,99
2021-04-28T03:00:06,23.2,12.4,60,88,1200,11,0.9,288
2021-04-28T03:16:14,23.2,12.2,59,89,1100,11,0.5,251
2021-04-28T03:32:17,23.2,12.2,59,88,1100,11,0.4,316
2021-04-28T03:48:15,23.2,12.2,59,89,1100,11,0.1,90
2021-04-28T04:04:22,23.2,12.1,59,89,1100,11,0.9,90
2021-04-28T04:20:19,23.2,12.1,59,89,1100,12,0.7,119
2021-04-28T04:36:17,23.2,12.1,59,89,1100,11,0.9,102
2021-04-28T04:52:15,23.2,12.1,59,90,1100,11,0.3,126
2021-04-28T05:08:23,23.2,12.1,59,90,1200,11,0.3,237
2021-04-28T05:24:20,23.2,12.1,59,91,1200,12,0.1,268
2021-04-28T05:40:17,23.2,12.2,59,91,1100,11,0.3,328
2021-04-28T05:56:21,23.2,12.4,60,90,1200,12,0.2,219
2021-04-28T06:12:28,23.2,12.3,60,91,1100,11,0.4,0
2021-04-28T06:28:27,23.2,12.2,59,91,1100,11,0.1,5
2021-04-28T06:44:24,23.2,12.3,60,91,1100,11,0.1,90
2021-04-28T07:00:32,23.2,12.4,60,91,1200,11,0.3,66
2021-04-28T07:16:30,23.2,12.4,61,91,1200,11,0.5,326
2021-04-28T07:32:28,23.2,12.4,61,90,1200,11,0.3,37
2021-04-28T07:48:26,23.2,12.5,60,90,1200,12,0.3,333
2021-04-28T08:04:32,23.2,12.6,61,89,1200,11,0.2,27
2021-04-28T08:20:30,23.2,12.6,61,90,1200,11,0.2,137
2021-04-28T08:36:25,23.2,12.7,61,89,1200,12,0.2,326
2021-04-28T08:52:23,23.2,12.9,62,88,1200,12,0.5,113
2021-04-28T09:08:30,23.2,13.0,62,88,1100,10,0.2,140
2021-04-28T09:24:34,23.2,13.0,62,88,1200,11,0.2,177
2021-04-28T09:40:34,23.2,13.2,62,88,1200,10,0.2,268
2021-04-28T09:56:32,23.2,13.5,62,87,1100,9,0.3,235
2021-04-28T10:12:41,23.2,13.5,62,87,1000,10,0.3,229
2021-04-28T10:28:37,23.2,13.2,62,89,1000,10,0.2,221
2021-04-28T10:44:47,23.2,12.9,63,90,1100,10,0.5,238
2021-04-28T11:00:55,23.2,12.8,63,91,1100,9,1.3,215
2021-04-28T11:16:52,23.2,13.0,63,92,1100,9,1.1,216
2021-04-28T11:32:50,23.2,13.1,62,92,1000,9,0.9,194
2021-04-28T11:48:47,23.2,13.1,63,92,1000,9,0.1,266
2021-04-28T12:04:52,23.2,13.0,64,92,1100,9,0.4,249
2021-04-28T12:20:48,23.3,13.5,64,92,1100,9,0.4,163
2021-04-28T12:36:48,23.3,14.0,66,90,1100,9,0.2,311
2021-04-28T12:52:45,23.4,14.5,65,87,1100,9,0.8,136
2021-04-28T13:08:52,23.4,14.7,64,87,1000,8,0.6,219
2021-04-28T13:24:49,23.3,15.9,62,82,900,8,0.7,315
2021-04-28T13:40:49,23.3,17.7,59,69,800,8,1.4,246
2021-04-28T13:56:47,23.5,18.4,57,65,800,8,1.1,262
2021-04-28T14:12:53,23.4,19.0,56,66,800,7,1.4,334
2021-04-28T14:28:51,23.4,18.9,56,69,800,7,1.5,250
2021-04-28T14:44:49,23.6,19.9,56,66,700,7,1.8,251
2021-04-28T15:00:56,23.6,20.3,56,64,700,6,0.9,240
2021-04-28T15:16:53,23.6,20.4,55,64,700,6,1.7,222
2021-04-28T15:32:50,23.6,20.8,55,61,700,6,1.4,243
2021-04-28T15:48:47,23.7,20.3,55,64,700,6,1.5,263
2021-04-28T16:04:54,23.9,21.1,54,59,700,6,1.0,208
2021-04-28T16:20:51,23.9,20.7,55,60,800,6,1.2,203
2021-04-28T16:36:48,23.8,19.7,55,63,800,6,0.7,300
2021-04-28T16:52:45,24.0,22.6,54,55,800,6,1.1,317
2021-04-28T17:08:53,24.0,22.5,53,55,700,5,0.7,235
2021-04-28T17:24:50,24.0,21.1,52,55,700,6,1.3,330
2021-04-28T17:40:48,24.0,21.1,52,55,700,6,0.7,309
2021-04-28T17:56:44,24.0,20.9,53,57,800,5,0.7,193
2021-04-28T18:12:53,24.0,21.0,52,56,700,5,1.5,199
2021-04-28T18:28:50,24.1,21.0,51,56,700,5,0.5,202
2021-04-28T18:44:47,24.1,21.1,51,56,700,5,0.4,309
2021-04-28T19:00:54,24.0,20.8,51,57,700,5,0.3,266
2021-04-28T19:16:51,23.8,19.9,52,60,700,5,0.2,246
2021-04-28T19:32:48,23.8,19.8,52,60,700,5,0.2,290
2021-04-28T19:48:46,23.8,19.4,52,60,700,5,0.2,221
2021-04-28T20:04:53,23.7,18.7,52,65,700,5,0.7,189
2021-04-28T20:20:51,23.7,17.7,56,72,700,5,1.6,142
2021-04-28T20:36:48,23.7,16.9,57,74,700,6,2.4,212
2021-04-28T20:52:45,23.7,16.8,57,74,700,6,2.7,229
2021-04-28T21:08:52,23.7,16.5,58,75,800,6,1.5,220
2021-04-28T21:24:49,23.5,16.3,58,76,800,6,1.2,229
2021-04-28T21:40:47,23.3,14.0,59,79,800,7,0.8,188
2021-04-28T21:56:44,23.3,13.9,60,86,900,7,1.0,322
2021-04-28T22:12:51,23.3,13.6,60,86,900,8,0.2,5
2021-04-28T22:28:48,23.3,13.0,60,86,1000,7,0.4,26
2021-04-28T22:44:46,23.3,12.9,60,86,1000,8,0.2,12
2021-04-28T23:00:53,23.3,12.9,61,88,1000,8,0.4,0
2021-04-28T23:16:51,23.3,13.0,60,89,1000,8,0.2,321
2021-04-28T23:32:49,23.3,13.0,60,88,1000,9,0.9,95
2021-04-28T23:48:46,23.3,13.6,61,86,1000,8,0.2,236
2021-04-29T00:04:53,23.3,13.8,61,88,1000,8,0.3,51
2021-04-29T00:20:50,23.4,13.9,61,87,1000,8,0.1,90
2021-04-29T00:36:47,23.3,13.9,62,88,900,8,0.1,0
2021-04-29T00:52:45,23.3,14.0,62,88,1000,8,0.3,200
2021-04-29T01:08:53,23.4,13.9,62,88,900,8,0.5,216
2021-04-29T01:24:50,23.4,13.8,61,88,900,8,0.5,205
2021-04-29T01:40:48,23.4,13.8,61,88,900,8,0.1,5
2021-04-29T01:56:45,23.3,13.7,61,89,1000,9,0.3,71
2021-04-29T02:12:52,23.3,13.2,62,90,1000,8,0.2,78
2021-04-29T02:28:50,23.3,13.0,61,90,1000,9,0.5,76
2021-04-29T02:44:48,23.3,12.4,60,91,1000,10,0.5,294
2021-04-29T03:00:55,23.3,12.2,61,92,1100,9,0.9,33
2021-04-29T03:16:52,23.3,12.1,61,93,1200,10,0.7,50
2021-04-29T03:32:51,23.3,12.2,60,93,1200,10,0.2,130
2021-04-29T03:48:48,23.3,12.3,60,93,1100,10,0.3,337
2021-04-29T04:04:55,23.3,12.4,61,93,1200,10,0.2,34
2021-04-29T04:20:53,23.3,12.6,61,93,1200,10,0.1,182
2021-04-29T04:36:50,23.3,12.5,61,93,1100,10,0.2,267
2021-04-29T04:52:48,23.3,12.4,61,93,1100,10,0.3,219
2021-04-29T05:08:55,23.3,12.5,61,94,1100,11,0.5,193
2021-04-29T05:24:53,23.3,12.4,61,94,1100,10,0.7,80
2021-04-29T05:40:50,23.3,12.2,61,94,1000,10,0.0,10
2021-04-29T05:56:48,23.3,12.3,61,94,1100,9,0.7,77
2021-04-29T06:13:01,23.2,12.3,60,93,1100,10,1.0,95
2021-04-29T06:29:05,23.2,12.3,60,93,1100,10,0.1,0
2021-04-29T06:45:02,23.2,12.3,60,93,1100,10,0.5,207
2021-04-29T07:01:10,23.2,12.1,60,93,1100,10,0.7,236
2021-04-29T07:17:07,23.2,12.0,60,92,1100,10,0.3,119
2021-04-29T07:33:04,23.2,12.1,61,92,1100,10,0.3,73
2021-04-29T07:49:03,23.2,12.2,60,91,1200,11,0.3,102
2021-04-29T08:05:10,23.2,12.2,61,90,1200,10,0.3,328
2021-04-29T08:21:13,23.2,12.6,60,90,1100,10,0.3,267
2021-04-29T08:37:11,23.2,13.2,61,88,1100,10,0.5,162
2021-04-29T08:53:09,23.2,14.2,63,86,1100,10,0.4,316
2021-04-29T09:09:16,23.3,14.7,64,86,1100,9,0.4,76
2021-04-29T09:25:12,23.3,15.0,64,85,1100,9,0.2,235
2021-04-29T09:41:13,23.4,16.1,63,83,1000,8,0.3,291
2021-04-29T09:57:14,23.4,16.2,61,78,1000,9,0.2,316
2021-04-29T10:13:20,23.5,15.9,61,80,1000,9,0.8,259
2021-04-29T10:29:18,23.4,16.5,60,77,900,7,0.9,309
2021-04-29T10:45:15,23.4,16.3,61,77,1000,8,0.6,282
2021-04-29T11:01:23,23.4,17.3,61,74,900,8,0.4,266
2021-04-29T11:17:20,23.6,17.1,62,74,1000,7,0.2,180
2021-04-29T11:33:18,23.5,18.2,61,70,800,8,0.7,142
2021-04-29T11:49:15,23.5,19.3,60,65,800,7,0.2,261
2021-04-29T12:05:22,23.6,20.0,59,64,900,7,1.1,268
2021-04-29T12:21:19,23.6,20.5,58,63,800,7,0.7,259
2021-04-29T12:37:10,23.6,19.9,56,64,700,7,0.3,230
2021-04-29T12:52:59,23.6,21.1,55,61,700,6,0.7,298
2021-04-29T13:08:56,23.7,21.4,55,57,700,6,1.2,305
2021-04-29T13:24:45,23.8,22.0,53,55,700,6,1.1,243
2021-04-29T13:40:33,23.8,21.2,53,58,700,6,0.5,249
2021-04-29T13:56:22,23.9,22.0,53,56,700,6,0.5,288
2021-04-29T14:12:19,23.9,21.7,51,55,600,6,0.4,207
2021-04-29T14:28:11,23.8,19.8,53,63,600,5,1.3,90
2021-04-29T14:55:17,23.9,21.0,53,59,700,5,1.3,258
2021-04-29T15:11:27,23.9,22.4,52,55,700,5,1.1,74
2021-04-29T15:27:17,24.1,23.8,51,48,700,5,1.1,166
2021-04-29T15:43:09,24.1,24.0,50,47,700,5,0.5,299
2021-04-29T15:58:58,24.1,23.2,50,50,700,5,0.7,196
2021-04-29T16:14:59,24.3,24.2,50,47,700,5,0.9,261
2021-04-29T16:30:48,24.3,22.7,51,52,700,5,1.9,268
2021-04-29T16:46:37,24.3,22.6,51,52,600,5,1.0,33
2021-04-29T17:02:34,24.3,23.5,50,48,700,5,0.2,245
2021-04-29T17:18:23,24.3,21.2,50,54,700,4,0.8,268
2021-04-29T17:34:12,24.3,21.3,50,53,700,4,0.3,237
2021-04-29T17:50:02,24.1,20.1,54,63,700,4,1.1,99
2021-04-29T18:05:59,23.8,17.2,60,74,700,5,1.8,232
2021-04-29T18:21:48,23.7,15.7,62,81,800,6,0.5,162
2021-04-29T18:37:37,23.7,17.8,64,74,800,6,0.3,179
2021-04-29T18:53:26,23.7,19.0,61,61,800,6,0.4,179
2021-04-29T19:09:24,23.8,19.2,61,69,700,5,0.5,165
2021-04-29T19:25:14,23.8,18.0,62,71,700,5,0.9,118
2021-04-29T19:41:02,23.8,17.7,62,76,700,6,2.0,125
2021-04-29T19:56:52,23.8,17.9,62,73,700,6,1.5,164
2021-04-29T20:12:50,23.8,16.5,63,81,700,6,0.7,159
2021-04-29T20:28:39,23.8,16.4,63,82,700,6,0.5,153
2021-04-29T20:44:28,23.7,16.5,63,82,700,6,0.4,101
2021-04-29T21:00:17,23.7,16.3,62,80,700,6,0.8,53
2021-04-29T21:16:15,23.7,16.1,61,80,700,6,0.2,90
2021-04-29T21:32:03,23.7,15.8,61,79,800,7,0.2,152
2021-04-29T21:47:52,23.6,15.8,60,78,800,6,0.2,267
2021-04-29T22:03:52,23.5,15.8,60,78,800,6,0.6,208
2021-04-29T22:19:40,23.5,15.7,60,78,800,6,0.4,230
2021-04-29T22:35:26,23.5,15.6,60,78,800,7,0.3,268
2021-04-29T22:51:19,23.5,15.5,60,79,800,6,0.0,5
2021-04-29T23:07:15,23.5,15.5,60,81,800,7,0.1,80
2021-04-29T23:23:02,23.4,15.4,61,84,800,7,0.5,103
2021-04-29T23:38:56,23.4,15.4,60,82,800,7,0.5,240
2021-04-29T23:54:43,23.4,15.2,60,81,800,7,0.3,292
2021-04-30T00:10:39,23.4,14.7,61,84,800,7,1.1,322
2021-04-30T00:26:32,23.4,14.6,60,84,800,8,0.2,317
2021-04-30T00:42:19,23.3,14.3,61,87,900,8,0.8,133
2021-04-30T00:58:06,23.4,14.1,62,88,900,8,1.8,247
2021-04-30T01:14:01,23.4,13.8,61,89,900,8,0.9,250
2021-04-30T01:29:49,23.4,13.6,61,89,900,8,0.2,268
2021-04-30T01:45:36,23.3,13.9,61,89,900,9,0.3,234
2021-04-30T02:01:32,23.4,13.6,60,89,900,9,1.6,286
2021-04-30T02:17:19,23.4,13.6,61,89,900,9,0.3,235
2021-04-30T02:33:06,23.3,13.4,61,90,900,8,0.3,328
2021-04-30T02:48:54,23.3,13.3,61,90,1000,8,0.4,330
2021-04-30T03:04:50,23.3,13.2,61,91,900,8,0.2,234
2021-04-30T03:20:37,23.3,13.1,61,92,900,8,0.3,229
2021-04-30T03:36:24,23.3,12.9,62,92,900,8,0.3,137
2021-04-30T03:52:11,23.3,13.0,61,93,900,8,0.3,289
2021-04-30T04:08:06,23.3,13.0,61,93,1000,9,0.6,10
2021-04-30T04:24:00,23.3,12.7,61,93,1000,9,0.2,316
2021-04-30T04:39:47,23.3,12.5,61,93,1000,9,0.4,219
2021-04-30T04:55:34,23.3,12.5,61,93,1000,9,0.9,260
2021-04-30T05:11:29,23.3,12.5,60,93,1000,9,0.4,298
2021-04-30T05:27:17,23.3,12.1,60,92,1000,10,0.3,316
2021-04-30T05:43:03,23.3,12.0,59,90,1000,10,2.1,266
2021-04-30T05:58:56,23.2,12.0,59,90,1000,10,0.4,294
2021-04-30T06:14:53,23.2,12.1,59,90,1000,10,0.5,287
2021-04-30T06:30:40,23.2,11.9,59,90,1100,10,0.4,327
2021-04-30T06:46:26,23.2,11.9,58,90,1000,10,0.6,257
2021-04-30T07:02:22,23.2,11.7,58,90,1100,10,0.4,324
2021-04-30T07:18:10,23.1,11.5,58,89,1100,11,0.9,274
2021-04-30T07:33:57,23.2,11.5,58,89,1100,11,0.7,311
2021-04-30T07:49:51,23.2,11.6,59,90,1100,10,0.1,301
2021-04-30T08:05:46,23.2,11.5,59,90,1100,10,1.2,308
2021-04-30T08:10:51,23.2,11.6,59,90,1100,11,0.7,339
2021-04-30T08:26:45,23.2,11.6,59,90,1100,11,0.3,232
2021-04-30T08:42:33,23.2,12.1,60,90,1100,11,0.4,300
2021-04-30T08:58:21,23.2,12.0,61,89,1200,10,1.2,276
2021-04-30T09:14:22,23.3,12.0,62,88,1200,9,2.3,228
2021-04-30T09:24:53,23.1,12.0,59,84,1100,8,1.8,279
2021-04-30T09:40:43,23.1,12.1,59,84,1100,9,1.5,314
2021-04-30T09:56:33,22.9,12.8,57,82,1000,8,0.9,176
2021-04-30T10:12:36,22.8,13.9,59,78,1100,10,1.4,96
2021-04-30T10:28:25,21.8,14.8,56,74,800,5,0.2,129
2021-04-30T14:09:21,23.5,20.1,55,59,800,7,0.5,114
2021-04-30T14:25:31,23.5,20.6,52,56,700,6,0.5,163
2021-04-30T14:41:38,23.4,20.4,52,58,700,6,0.7,259
2021-04-30T14:57:26,23.6,20.8,52,56,700,6,1.4,298
2021-04-30T15:13:19,23.6,20.4,52,58,700,7,0.6,271
2021-04-30T15:29:07,23.8,20.4,51,57,700,6,1.6,200
2021-04-30T15:44:55,23.8,20.5,52,57,700,6,0.1,130
2021-04-30T16:00:47,23.8,20.6,51,57,700,5,0.4,334
2021-04-30T16:16:30,23.8,21.2,51,55,700,6,1.6,212
2021-04-30T16:32:11,23.9,20.8,49,54,700,6,0.7,235
2021-04-30T16:47:54,23.9,20.8,50,55,700,5,1.1,111
2021-04-30T17:03:45,23.9,20.7,51,55,800,5,0.2,139
2021-04-30T17:19:27,23.9,19.6,51,58,700,5,0.7,111
2021-04-30T17:35:10,23.9,20.1,52,56,800,6,0.9,243
2021-04-30T17:50:53,23.9,20.8,51,55,800,6,0.3,210
2021-04-30T18:06:45,24.0,21.6,50,52,800,5,0.7,188
2021-04-30T18:22:27,24.0,22.1,50,49,700,5,0.3,250
2021-04-30T18:38:09,24.0,20.5,51,55,700,5,0.2,223
2021-04-30T18:53:50,23.8,19.4,51,59,700,5,0.2,110
2021-04-30T19:09:42,23.8,19.0,52,59,700,5,0.2,310
2021-04-30T19:25:24,23.8,17.2,53,67,700,6,1.9,206
2021-04-30T19:41:19,23.7,16.4,56,72,800,6,0.5,243
2021-04-30T19:57:02,23.7,15.6,59,78,800,7,1.7,166
2021-04-30T20:12:55,23.4,15.1,60,83,800,6,1.3,259
2021-04-30T20:28:37,23.4,13.6,60,87,800,7,0.6,275
2021-04-30T20:44:23,23.3,12.4,60,87,900,8,1.8,186
2021-04-30T21:00:08,23.4,12.3,59,88,1000,8,1.0,246
2021-04-30T21:16:03,23.3,12.4,61,88,900,9,0.4,236
2021-04-30T21:31:49,23.3,12.5,59,87,1000,9,0.8,129
2021-04-30T21:47:35,23.4,12.4,59,88,1000,8,0.5,239
2021-04-30T22:03:30,23.3,12.6,59,88,1000,9,0.5,315
2021-04-30T22:19:15,23.3,12.5,60,89,1000,8,0.1,274
2021-04-30T22:35:01,23.3,12.5,60,89,1000,8,0.4,26
2021-04-30T22:50:46,23.3,12.4,59,89,900,8,0.4,280
2021-04-30T23:06:46,23.4,12.5,60,90,900,8,0.1,183
2021-04-30T23:22:32,23.3,12.5,61,90,1000,9,0.4,284
2021-04-30T23:38:11,23.3,12.7,60,90,1000,9,0.4,333
2021-04-30T23:53:51,23.3,12.6,60,90,1000,9,1.2,20
2021-05-01T00:09:40,23.3,12.6,60,91,1000,10,0.5,190
2021-05-01T00:25:19,23.3,12.1,62,93,1100,9,1.1,138
2021-05-01T00:41:05,23.3,11.9,61,94,1100,10,0.8,25
2021-05-01T00:56:44,23.3,11.9,60,93,1100,10,1.0,268
2021-05-01T01:12:34,23.3,11.9,61,93,1100,10,0.4,20
2021-05-01T01:28:14,23.3,12.0,60,94,1100,10,1.3,143
2021-05-01T01:43:53,23.3,12.1,60,93,1100,10,0.2,134
2021-05-01T01:59:32,23.4,12.1,60,92,1100,10,0.5,129
2021-05-01T02:15:21,23.3,12.1,61,93,1100,10,0.4,166
2021-05-01T02:31:01,23.3,12.1,61,94,1100,10,0.5,194
2021-05-01T02:46:40,23.3,12.1,61,94,1100,10,0.5,153
2021-05-01T03:02:29,23.3,12.0,61,94,1000,10,0.5,172
2021-05-01T03:18:09,23.3,12.1,61,94,1100,11,0.6,169
2021-05-01T03:33:48,23.3,11.8,61,94,1100,11,0.9,122
2021-05-01T03:49:28,23.3,11.6,60,94,1100,11,1.2,115
2021-05-01T04:05:22,23.3,11.5,60,94,1100,11,1.1,200
2021-05-01T04:21:14,23.3,11.4,60,94,1100,11,0.7,167
2021-05-01T04:36:54,23.3,11.3,60,94,1100,11,0.8,154
2021-05-01T04:52:33,23.3,11.1,60,95,1100,11,1.1,152
2021-05-01T05:08:21,23.3,10.9,59,95,1100,12,0.5,205
2021-05-01T05:24:01,23.3,10.7,59,94,1200,12,0.5,202
2021-05-01T05:39:40,23.3,10.6,58,94,1100,11,1.4,252
2021-05-01T05:55:20,23.2,10.4,58,94,1200,12,0.5,244
2021-05-01T06:11:09,23.1,10.3,58,94,1200,12,0.6,190
2021-05-01T06:26:49,23.1,10.1,59,94,1200,13,0.5,191
2021-05-01T06:42:28,23.2,10.1,58,94,1200,13,0.6,164
2021-05-01T06:58:08,23.2,9.9,58,94,1200,12,1.7,235
2021-05-01T07:13:57,23.1,9.6,59,94,1300,12,1.8,253
2021-05-01T07:29:43,23.1,9.5,58,94,1300,12,0.9,225
2021-05-01T07:45:22,23.1,9.4,59,94,1300,13,1.5,105
2021-05-01T08:01:11,23.1,9.5,58,94,1300,12,0.8,171
2021-05-01T08:16:51,23.1,9.6,59,94,1300,12,0.3,267
2021-05-01T08:32:30,23.1,9.5,59,93,1300,12,0.5,268
2021-05-01T08:48:10,23.1,9.6,60,92,1300,12,1.5,241
2021-05-01T09:03:59,23.1,9.5,61,90,1400,13,1.7,262
2021-05-01T09:19:38,23.0,9.5,60,88,1400,14,2.3,268
2021-05-01T09:35:17,23.0,9.7,60,89,1400,13,0.9,275
2021-05-01T09:50:57,23.0,9.9,59,89,1400,13,0.4,331
2021-05-01T10:06:58,22.9,9.7,60,86,1500,13,2.9,325
2021-05-01T10:22:37,23.0,9.5,60,85,1500,13,0.4,281
2021-05-01T10:38:15,23.0,9.7,60,86,1500,13,0.8,229
2021-05-01T10:53:55,22.9,9.8,61,85,1400,13,1.3,255
2021-05-01T11:09:44,23.0,10.6,59,83,1400,13,0.1,51
2021-05-01T11:25:23,23.0,11.0,59,81,1400,13,1.6,157
2021-05-01T11:41:02,23.0,11.3,59,80,1400,14,1.4,326
2021-05-01T11:56:42,23.1,12.6,57,74,1300,13,1.6,250
2021-05-01T12:12:37,23.2,13.2,57,75,1300,13,1.2,200
2021-05-01T12:28:16,23.2,13.5,56,72,1200,11,1.5,299
2021-05-01T12:44:02,23.2,13.4,56,72,1200,12,1.4,286
2021-05-01T12:59:41,23.2,13.8,55,71,1100,11,0.7,76
2021-05-01T13:15:48,23.2,14.4,53,69,1100,11,1.3,159
2021-05-01T13:31:34,23.2,16.5,53,62,1000,10,2.8,285
2021-05-01T13:47:14,23.2,17.4,53,62,1000,10,0.6,181
2021-05-01T14:03:08,23.2,17.0,51,60,1000,9,3.1,274
2021-05-01T14:18:47,23.3,18.2,51,57,900,10,1.8,195
2021-05-01T14:34:27,23.4,18.3,52,55,1000,8,2.5,139
2021-05-01T14:50:06,23.3,18.4,52,54,900,8,1.4,341
2021-05-01T15:05:56,23.4,18.7,49,52,800,8,1.9,319
2021-05-01T15:21:35,23.5,19.6,49,49,800,8,1.9,238
2021-05-01T15:37:14,23.4,20.0,47,47,800,7,1.5,16
2021-05-01T15:52:54,23.6,18.8,47,50,900,7,1.5,51
2021-05-01T16:08:43,23.6,19.9,46,47,800,7,1.2,298
2021-05-01T16:24:22,23.6,19.6,45,45,800,7,2.1,268
2021-05-01T16:40:02,23.6,20.1,44,41,800,6,2.0,228
2021-05-01T16:55:41,23.6,19.8,43,41,700,6,3.1,269
2021-05-01T17:11:30,23.6,19.7,42,43,700,6,0.5,98
2021-05-01T17:27:10,23.6,19.8,42,41,700,6,2.5,295
2021-05-01T17:42:49,23.8,19.6,42,41,800,6,1.6,119
2021-05-01T17:58:28,23.8,20.0,42,41,800,6,2.7,100
2021-05-01T18:14:18,23.8,20.1,42,43,700,6,2.2,76
2021-05-01T18:29:57,23.8,19.6,41,41,700,6,1.5,224
2021-05-01T18:45:35,23.8,19.6,40,40,700,6,1.0,276
2021-05-01T19:01:25,23.8,19.0,41,42,700,6,1.8,178
2021-05-01T19:17:04,23.8,18.9,41,43,700,6,2.8,276
2021-05-01T19:32:50,23.7,18.2,41,45,700,6,0.9,278
2021-05-01T19:48:29,23.7,18.3,39,47,700,6,2.2,303
2021-05-01T20:04:25,23.7,17.7,38,41,800,6,0.5,273
2021-05-01T20:20:03,23.4,17.3,40,44,700,5,1.9,347
2021-05-01T20:35:42,23.3,16.2,39,43,800,6,2.4,327
2021-05-01T20:51:22,23.3,15.1,40,48,900,7,0.9,312
2021-05-01T21:07:11,23.4,14.5,41,50,900,8,0.8,137
2021-05-01T21:22:56,23.3,13.5,43,56,1000,8,0.4,268
2021-05-01T21:38:48,23.3,13.2,44,58,1100,9,0.3,35
2021-05-01T21:54:27,23.3,12.4,44,62,1100,10,0.2,90
2021-05-01T22:10:16,23.3,12.3,46,63,1200,9,0.4,298
2021-05-01T22:26:07,23.2,12.1,47,60,1200,9,0.8,162
2021-05-01T22:41:47,23.2,12.2,47,61,1200,10,0.4,287
2021-05-01T22:57:26,23.2,11.7,46,63,1200,10,0.5,282
2021-05-01T23:13:15,23.1,11.5,46,65,1200,9,0.4,160
2021-05-01T23:28:55,23.1,11.2,45,66,1200,10,0.2,179
2021-05-01T23:44:34,23.1,11.3,44,62,1100,10,0.2,115
2021-05-02T00:00:13,23.1,10.8,45,64,1100,10,0.6,183
2021-05-02T00:16:03,23.1,10.2,45,66,1200,11,0.5,302
2021-05-02T00:31:42,23.1,10.4,44,65,1200,12,0.3,250
2021-05-02T00:47:22,23.1,9.9,44,66,1200,12,0.7,70
2021-05-02T01:03:10,23.1,9.6,46,67,1300,12,0.7,153
2021-05-02T01:18:49,23.1,9.3,46,69,1300,13,0.6,230
2021-05-02T01:34:29,23.1,9.4,46,69,1300,12,1.1,253
2021-05-02T01:50:08,23.1,9.4,46,69,1200,12,1.8,279
2021-05-02T02:05:56,23.0,9.1,46,68,1300,12,1.8,278
2021-05-02T02:21:36,23.0,9.1,46,68,1300,13,0.7,338
2021-05-02T02:37:15,23.0,8.8,46,69,1300,13,0.5,103
2021-05-02T02:52:54,22.9,8.6,46,69,1400,14,0.3,85
2021-05-02T03:08:43,22.9,8.7,46,70,1400,14,0.4,195
2021-05-02T03:24:22,22.9,8.5,46,70,1400,14,1.1,73
2021-05-02T03:40:02,23.0,8.3,46,71,1400,14,0.4,268
2021-05-02T03:55:41,23.0,7.8,46,72,1400,14,0.2,25
2021-05-02T04:11:36,22.9,7.6,47,74,1400,14,0.3,150
2021-05-02T04:27:15,22.9,7.2,47,74,1400,14,0.1,266
2021-05-02T04:42:55,22.9,7.3,48,74,1400,15,0.5,133
2021-05-02T04:58:34,22.9,7.0,48,76,1400,15,0.3,20
2021-05-02T05:14:24,22.9,6.8,48,77,1400,16,0.3,48
2021-05-02T05:30:02,22.9,6.4,49,80,1500,16,0.3,41
2021-05-02T05:45:42,22.8,6.5,49,77,1500,15,0.2,186
2021-05-02T06:01:32,22.8,6.8,49,76,1500,16,1.4,338
2021-05-02T06:17:18,22.9,6.8,49,76,1500,15,0.2,14
2021-05-02T06:32:57,22.8,6.6,49,76,1500,16,0.3,117
2021-05-02T06:48:36,22.8,6.5,50,78,1500,16,0.5,232
2021-05-02T07:04:25,22.8,6.2,50,80,1500,16,0.1,89
2021-05-02T07:20:05,22.8,6.1,50,83,1600,16,0.0,1
2021-05-02T07:35:51,22.8,6.1,51,83,1500,16,0.3,218
2021-05-02T07:51:30,22.8,6.7,51,82,1500,16,0.3,0
2021-05-02T08:07:19,22.8,7.2,51,80,1600,17,0.2,286
2021-05-02T08:22:59,22.9,7.9,51,75,1500,15,0.2,114
2021-05-02T08:38:38,22.9,8.2,52,74,1500,15,0.3,232
2021-05-02T08:54:24,22.9,8.4,52,74,1400,15,0.2,309
2021-05-02T09:10:19,22.9,8.7,52,74,1500,16,1.0,54
2021-05-02T09:25:59,22.9,8.9,53,75,1500,15,0.5,318
2021-05-02T09:41:38,23.0,9.4,52,71,1500,15,0.4,292
2021-05-02T09:57:18,23.0,9.9,51,68,1500,16,0.2,212
2021-05-02T10:13:07,23.0,10.2,50,66,1500,15,0.4,315
2021-05-02T10:28:46,23.1,10.0,51,67,1500,15,0.4,221
2021-05-02T10:44:26,23.1,10.0,51,68,1400,14,0.2,97
2021-05-02T11:00:06,23.1,11.8,50,64,1500,14,0.7,100
2021-05-02T11:15:55,23.1,12.5,50,61,1400,14,0.7,179
2021-05-02T11:31:35,23.2,13.2,49,59,1400,14,0.9,252
2021-05-02T11:47:20,23.2,13.9,49,58,1300,13,1.6,223
2021-05-02T12:03:09,23.2,14.1,47,55,1300,13,1.5,213
2021-05-02T12:18:48,23.2,13.6,47,57,1200,12,1.4,297
2021-05-02T12:34:28,23.2,14.5,46,53,1100,13,0.3,180
2021-05-02T12:50:07,23.2,15.6,46,54,1100,13,1.8,225
2021-05-02T13:06:02,23.3,15.4,46,56,1100,11,0.4,112
2021-05-02T13:21:42,23.3,16.7,46,52,1000,11,1.9,223
2021-05-02T13:37:21,23.3,16.4,45,52,1000,10,0.5,116
2021-05-02T13:53:07,23.3,17.2,46,50,1000,10,1.4,184
2021-05-02T14:08:56,23.4,17.1,44,45,900,10,1.1,234
2021-05-02T14:24:36,23.5,18.3,43,43,900,9,0.9,260
2021-05-02T14:40:15,23.6,18.9,43,41,1000,9,0.2,141
2021-05-02T14:55:55,23.5,18.8,42,38,900,9,0.4,288
2021-05-02T15:11:44,23.6,18.1,43,41,900,8,1.2,216
2021-05-02T15:27:24,23.6,19.0,42,40,900,8,1.9,120
2021-05-02T15:43:03,23.6,19.5,41,37,900,9,2.0,119
2021-05-02T15:58:42,23.6,20.1,42,38,900,8,0.4,291
2021-05-02T16:14:31,23.8,20.0,40,34,1000,7,0.4,160
2021-05-02T16:30:11,23.7,20.1,39,35,800,7,0.4,192
2021-05-02T16:45:50,23.7,21.1,39,33,800,7,1.6,293
2021-05-02T17:01:39,23.8,21.1,38,34,800,7,0.6,258
2021-05-02T17:17:19,23.7,20.8,39,34,800,7,0.9,243
2021-05-02T17:32:58,23.8,19.9,37,33,800,6,0.5,218
2021-05-02T17:48:37,23.8,20.0,37,35,800,7,1.3,262
2021-05-02T18:04:32,23.8,20.4,36,34,700,6,0.6,246
2021-05-02T18:20:11,23.9,20.2,37,34,700,6,0.8,210
2021-05-02T18:35:57,23.9,20.7,37,33,800,6,1.5,231
2021-05-02T18:51:36,23.9,19.4,36,37,700,6,1.1,247
2021-05-02T19:07:24,23.9,19.6,36,36,700,6,0.6,100
2021-05-02T19:23:04,23.9,19.5,36,35,700,6,0.9,262
2021-05-02T19:38:44,23.9,19.5,36,36,700,6,0.3,283
2021-05-02T19:54:23,23.9,19.0,37,36,800,6,0.3,242
2021-05-02T20:10:12,23.8,18.8,37,38,700,6,0.2,248
2021-05-02T20:25:51,23.7,18.6,38,40,800,6,0.2,183
2021-05-02T20:41:30,23.7,18.2,40,46,800,7,0.0,267
2021-05-02T20:57:16,23.4,16.1,42,49,800,8,0.2,141
2021-05-02T21:13:05,23.4,15.3,44,52,900,8,0.3,197
2021-05-02T21:28:45,23.3,13.2,48,71,900,9,0.1,179
2021-05-02T21:44:24,23.3,12.7,49,73,1000,10,1.9,224
2021-05-02T22:00:03,23.3,12.1,50,75,1000,9,0.8,213
2021-05-02T22:15:52,23.3,12.0,51,76,1100,10,0.8,90
2021-05-02T22:31:32,23.3,11.7,51,76,1100,10,0.2,303
2021-05-02T22:47:17,23.3,11.0,51,78,1200,11,0.7,260
2021-05-02T23:03:06,23.2,10.7,51,78,1100,11,0.4,141
2021-05-02T23:18:46,23.1,10.6,51,79,1100,12,2.2,83
2021-05-02T23:34:25,23.1,10.6,50,79,1100,12,2.0,108
2021-05-02T23:50:05,23.1,10.2,51,81,1200,12,1.3,141
2021-05-03T00:05:54,23.2,10.1,51,81,1100,11,2.0,130
2021-05-03T00:21:39,23.2,9.8,52,82,1100,12,0.6,111
2021-05-03T00:37:18,23.2,9.7,51,82,1100,11,0.8,113
2021-05-03T00:52:58,23.1,9.5,51,82,1200,12,0.7,131
2021-05-03T01:08:46,23.1,9.3,51,81,1200,12,1.9,110
2021-05-03T01:24:26,23.1,9.2,51,81,1200,13,1.4,114
2021-05-03T01:40:05,23.1,8.8,50,81,1200,14,1.5,107
2021-05-03T01:55:45,23.1,8.9,51,81,1200,14,0.8,125
2021-05-03T02:11:33,23.1,8.8,50,80,1200,14,1.0,67
2021-05-03T02:27:12,23.1,9.0,51,79,1300,14,1.6,116
2021-05-03T02:42:52,23.1,9.0,50,79,1200,13,0.6,114
2021-05-03T02:58:31,22.9,9.0,50,78,1300,14,1.5,76
2021-05-03T03:14:26,23.0,9.2,50,78,1300,13,0.6,75
2021-05-03T03:30:11,23.0,9.1,50,78,1300,14,0.3,80
2021-05-03T03:45:51,23.0,9.1,50,78,1300,14,0.5,91
2021-05-03T04:01:40,23.0,9.2,49,78,1300,15,0.8,133
2021-05-03T04:17:19,23.0,9.2,49,78,1200,14,0.3,32
2021-05-03T04:32:59,23.0,8.9,50,80,1300,15,0.3,173
2021-05-03T04:48:45,23.0,8.8,51,80,1300,14,0.8,169
2021-05-03T05:04:33,22.9,8.5,51,81,1300,14,0.8,75
2021-05-03T05:20:12,22.9,8.5,50,81,1300,15,0.2,227
2021-05-03T05:35:52,22.9,8.1,51,82,1300,16,0.3,335
2021-05-03T05:51:37,22.9,7.6,52,84,1400,16,0.1,9
2021-05-03T06:07:26,22.9,7.6,51,85,1400,16,0.3,145
2021-05-03T06:23:06,22.9,7.3,52,85,1500,16,0.4,267
2021-05-03T06:38:45,23.0,7.2,52,86,1500,16,0.3,210
2021-05-03T06:54:25,23.0,7.3,52,86,1400,16,0.2,55
2021-05-03T07:10:14,23.0,7.4,53,86,1500,17,0.4,144
2021-05-03T07:25:54,22.9,7.2,52,86,1500,17,0.1,81
2021-05-03T07:41:33,22.9,7.1,53,86,1500,17,0.3,37
2021-05-03T07:57:12,23.0,7.8,54,88,1500,17,0.2,315
2021-05-03T08:13:01,22.9,8.6,55,86,1500,17,0.0,2
2021-05-03T08:28:40,22.9,9.9,55,83,1500,16,0.6,90
2021-05-03T08:44:20,23.0,11.4,55,76,1400,15,0.9,268
2021-05-03T08:59:59,23.0,11.6,54,75,1300,15,1.1,106
2021-05-03T09:15:48,23.0,12.1,54,74,1400,15,0.8,115
2021-05-03T09:31:28,23.1,13.2,55,71,1300,14,1.2,155
2021-05-03T09:47:07,23.1,14.5,54,68,1300,13,0.1,177
2021-05-03T09:58:16,23.1,14.0,54,71,1200,13,0.0,114
2021-05-03T10:14:08,23.1,14.6,53,68,1200,13,0.4,67
2021-05-03T10:29:43,23.0,16.3,54,63,1000,11,0.9,193
2021-05-03T10:45:19,23.1,16.5,51,57,1000,12,0.5,202
2021-05-03T11:01:17,22.5,17.8,45,47,800,8,0.9,173
2021-05-03T11:17:06,22.5,17.0,43,47,800,7,0.4,242
2021-05-03T11:32:54,23.0,17.9,46,43,900,9,0.4,68
2021-05-03T11:48:39,23.2,18.4,43,43,900,8,0.7,336
2021-05-03T12:04:29,23.2,19.5,40,41,800,8,2.2,220
2021-05-03T12:20:10,23.0,20.1,41,38,700,8,0.4,223
2021-05-03T12:35:51,23.2,19.3,40,39,800,8,1.1,183
2021-05-03T12:51:33,23.4,20.0,38,35,800,8,0.5,129
2021-05-03T13:07:25,23.3,20.9,38,35,800,8,0.5,220
2021-05-03T13:23:07,23.6,20.5,37,36,800,8,0.9,184
2021-05-03T13:38:52,23.6,21.2,38,35,700,7,0.9,248
2021-05-03T13:54:37,23.3,21.2,38,35,700,6,2.2,238
2021-05-03T14:10:32,23.5,20.8,38,35,700,7,1.1,132
2021-05-03T14:26:18,23.5,22.3,39,33,700,6,0.9,179
2021-05-03T14:42:04,23.4,21.5,38,34,700,6,0.2,137
2021-05-03T14:57:50,23.6,21.8,38,35,700,6,2.0,239
2021-05-03T15:13:45,23.6,21.5,38,35,700,6,0.2,43
2021-05-03T15:29:30,23.6,22.1,37,34,600,6,1.2,255
2021-05-03T15:45:16,23.7,22.4,38,34,700,6,0.7,261
2021-05-03T16:01:15,23.7,23.4,38,34,600,6,0.7,70
2021-05-03T16:17:00,23.7,21.6,39,37,600,6,1.1,328
2021-05-03T16:32:49,23.7,21.7,40,38,700,6,0.9,292
2021-05-03T16:48:37,23.7,21.5,40,39,700,6,0.7,268
2021-05-03T17:04:31,23.8,21.8,42,39,700,6,1.9,184
2021-05-03T17:20:16,23.8,21.2,42,39,700,6,0.3,291
2021-05-03T17:36:01,23.9,21.9,42,39,800,6,0.5,120
2021-05-03T17:51:47,23.9,21.4,42,41,700,6,0.9,241
2021-05-03T18:07:42,23.8,20.6,41,41,700,5,0.5,249
2021-05-03T18:23:27,23.8,20.1,41,42,600,5,0.6,204
2021-05-03T18:39:12,23.8,20.4,41,41,700,6,2.0,269
2021-05-03T18:54:58,23.9,20.1,40,42,700,5,3.3,264
2021-05-03T19:10:52,23.9,19.6,40,41,800,5,1.0,222
2021-05-03T19:26:37,23.8,19.1,40,43,700,5,0.4,260
2021-05-03T19:42:22,23.5,18.2,40,44,600,5,1.6,217
2021-05-03T19:58:07,23.6,18.0,40,45,700,5,1.3,243
2021-05-03T20:14:02,23.6,17.7,40,45,700,5,1.3,201
2021-05-03T20:29:47,23.4,16.9,40,49,700,6,0.9,252
2021-05-03T20:45:38,23.3,16.5,41,51,700,7,1.6,263
2021-05-03T21:01:33,23.3,15.6,41,53,700,6,0.2,115
2021-05-03T21:17:18,23.3,15.1,42,53,800,7,1.3,213
2021-05-03T21:33:02,23.2,14.5,42,54,800,7,0.6,233
2021-05-03T21:48:48,23.1,14.2,42,57,800,8,0.8,209
2021-05-03T22:04:43,23.1,14.2,42,57,800,8,0.7,297
2021-05-03T22:20:28,23.1,13.9,44,58,900,9,0.7,333
2021-05-03T22:36:13,23.1,13.6,45,59,900,9,0.6,26
2021-05-03T22:51:58,23.1,13.1,45,60,900,9,0.2,48
2021-05-03T23:07:53,23.0,12.7,46,64,1000,9,0.3,332
2021-05-03T23:23:38,23.0,12.0,46,67,1000,10,0.2,228
2021-05-03T23:39:23,23.0,11.6,48,70,1100,10,0.3,44
2021-05-03T23:55:07,23.0,11.3,47,71,1100,10,0.3,232
2021-05-04T00:11:02,22.9,11.1,47,70,1100,11,0.3,108
2021-05-04T00:26:48,23.0,11.2,47,71,1100,11,0.0,2
2021-05-04T00:42:33,23.0,11.2,47,71,1100,11,0.2,111
2021-05-04T00:58:19,23.0,11.0,48,72,1100,12,0.3,206
2021-05-04T01:14:13,23.0,10.4,48,74,1200,11,0.3,73
2021-05-04T01:30:11,23.0,9.8,50,76,1200,12,0.6,219
2021-05-04T01:45:57,23.0,9.7,49,76,1200,12,0.9,88
2021-05-04T02:01:52,22.9,9.5,49,77,1200,12,1.1,124
2021-05-04T02:17:37,22.8,8.9,50,78,1200,13,0.3,125
2021-05-04T02:33:22,22.8,9.1,50,78,1200,13,0.6,238
2021-05-04T02:49:07,22.8,9.1,51,78,1200,13,0.4,307
2021-05-04T03:05:01,22.8,7.8,50,82,1200,14,0.4,48
2021-05-04T03:20:46,22.8,7.8,50,81,1300,14,0.6,280
2021-05-04T03:36:32,22.9,8.3,50,79,1300,14,0.7,132
2021-05-04T03:52:17,22.9,8.1,50,80,1300,14,0.4,319
2021-05-04T04:08:11,22.8,7.7,50,83,1300,15,0.7,110
2021-05-04T04:23:56,22.7,7.6,50,83,1300,15,0.2,228
2021-05-04T04:39:42,22.6,6.9,50,84,1400,15,0.2,145
2021-05-04T04:55:27,22.6,7.3,50,84,1300,15,0.5,104
2021-05-04T05:11:21,22.6,7.3,50,83,1400,16,0.4,40
2021-05-04T05:27:07,22.6,6.7,50,84,1300,16,0.3,316
2021-05-04T05:42:52,22.7,6.5,51,85,1400,16,0.1,208
2021-05-04T05:58:37,22.7,6.2,50,86,1400,16,0.1,178
2021-05-04T06:14:31,22.6,6.3,50,85,1400,16,0.2,238
2021-05-04T06:30:16,22.6,6.0,51,86,1400,17,0.1,184
2021-05-04T06:46:00,22.7,6.0,51,86,1400,17,0.4,330
2021-05-04T07:01:55,22.7,6.0,50,87,1400,17,1.2,331
2021-05-04T07:17:41,22.6,5.8,51,87,1500,16,0.3,212
2021-05-04T07:33:25,22.5,6.1,51,87,1500,17,0.2,206
2021-05-04T07:49:10,22.6,5.9,51,87,1500,16,0.5,40
2021-05-04T08:05:05,22.6,6.1,53,88,1500,17,0.2,10
2021-05-04T08:20:49,22.7,8.4,53,84,1400,16,0.7,70
2021-05-04T08:36:35,22.7,9.7,53,79,1300,16,0.2,311
2021-05-04T08:52:19,22.7,11.3,54,76,1300,16,0.3,311
2021-05-04T09:08:07,22.5,12.0,54,72,1300,12,0.4,69
2021-05-04T09:23:48,22.2,13.2,53,68,1000,12,0.4,35
2021-05-04T09:39:29,21.8,15.1,50,63,900,9,0.5,214
2021-05-04T09:55:10,21.3,15.7,48,60,700,7,1.3,224
2021-05-04T10:11:00,21.0,16.8,49,58,700,4,0.4,150
2021-05-04T10:26:43,20.8,17.3,49,55,600,4,0.3,225
2021-05-04T10:42:20,20.9,17.3,49,57,600,5,0.8,308
2021-05-04T10:58:02,22.3,17.9,52,56,900,7,0.3,332
2021-05-04T11:13:53,22.4,18.2,51,56,1000,8,0.2,64
2021-05-04T11:29:33,22.6,18.8,53,54,900,9,1.3,255
2021-05-04T11:45:26,23.0,18.7,52,55,900,10,1.0,109
2021-05-04T12:01:16,23.0,19.4,49,50,800,8,1.4,289
2021-05-04T12:16:58,23.0,19.5,49,51,800,8,1.0,189
2021-05-04T12:32:37,23.1,20.3,53,50,800,8,1.9,255
2021-05-04T12:48:18,23.1,20.4,54,49,900,9,1.2,134
2021-05-04T13:04:21,23.1,20.9,55,47,900,11,0.7,191
2021-05-04T13:20:02,23.2,21.5,53,46,900,9,1.1,109
2021-05-04T13:35:46,23.1,21.0,51,48,800,8,0.8,90
2021-05-04T13:51:27,23.1,22.1,46,43,600,6,1.0,261
2021-05-04T14:07:15,23.1,22.1,48,44,700,6,2.7,200
2021-05-04T14:22:51,23.2,23.3,47,40,700,6,0.9,169
2021-05-04T14:38:27,23.6,23.7,46,40,700,7,0.8,306
2021-05-04T14:54:03,23.6,23.5,43,38,600,5,0.4,330
2021-05-04T15:09:49,23.9,24.0,41,39,600,4,1.2,248
2021-05-04T15:25:25,24.1,23.9,39,38,600,4,0.9,64
2021-05-04T15:41:01,24.1,23.7,40,36,600,4,1.4,313
2021-05-04T15:56:37,24.1,24.4,37,34,600,5,0.8,98
2021-05-04T16:12:22,24.2,23.8,40,36,600,4,0.9,249
2021-05-04T16:27:58,24.3,23.5,38,37,600,6,0.3,268
2021-05-04T16:43:34,24.8,23.8,40,36,600,6,1.0,268
2021-05-04T16:59:16,24.4,23.9,40,34,600,6,1.6,271
2021-05-04T17:15:02,24.5,24.5,40,33,600,6,2.2,90
2021-05-04T17:30:38,25.1,24.1,38,33,700,7,1.7,336
2021-05-04T17:46:14,24.2,24.0,48,34,600,6,1.1,282
2021-05-04T18:02:00,24.0,24.4,48,35,700,6,0.9,59
2021-05-04T18:17:36,24.0,24.3,45,34,600,5,1.6,306
2021-05-04T18:33:12,24.0,24.0,44,36,600,4,1.5,252
2021-05-04T18:48:49,23.8,23.8,49,38,600,7,0.9,273
2021-05-04T19:04:34,23.8,23.4,48,37,600,6,0.8,316
2021-05-04T19:20:10,24.1,23.2,42,38,600,5,0.9,268
2021-05-04T19:35:46,24.3,22.7,44,39,600,6,0.9,323
2021-05-04T19:51:22,24.3,22.3,44,42,600,6,0.9,293
2021-05-04T20:07:09,24.3,22.0,42,42,600,6,0.1,159
2021-05-04T20:22:51,24.5,21.7,41,44,600,6,0.7,299
2021-05-04T20:38:26,24.2,20.8,43,47,600,7,0.5,27
2021-05-04T20:54:08,24.0,20.4,44,49,600,6,0.3,104
2021-05-04T21:09:55,23.7,19.3,45,53,600,6,0.2,275
2021-05-04T21:25:31,23.5,18.6,47,55,700,6,0.7,313
2021-05-04T21:41:07,23.4,18.3,48,56,700,7,0.2,298
2021-05-04T21:56:43,23.3,17.6,50,58,800,7,0.0,0
2021-05-04T22:12:29,23.4,17.1,48,60,700,7,0.3,215
2021-05-04T22:28:05,23.2,17.3,48,59,800,7,0.5,163
2021-05-04T22:43:41,23.2,16.5,49,65,800,7,0.9,165
2021-05-04T22:59:17,23.2,16.2,49,66,800,6,0.1,4
2021-05-04T23:15:09,23.1,16.2,51,66,800,8,0.2,225
2021-05-04T23:30:45,23.0,15.1,52,70,900,8,0.1,60
2021-05-04T23:46:21,23.1,15.0,51,71,900,8,0.7,101
2021-05-05T00:02:07,22.9,14.0,52,73,800,8,0.7,192
2021-05-05T00:17:43,23.1,13.4,53,75,800,8,0.3,267
2021-05-05T00:33:19,23.0,13.2,53,76,900,10,0.3,19
2021-05-05T00:48:55,23.0,12.3,52,78,1000,10,0.3,309
2021-05-05T01:04:42,23.0,11.8,53,79,1000,10,0.3,43
2021-05-05T01:20:18,22.9,11.2,52,80,1000,10,0.9,68
2021-05-05T01:35:54,22.9,11.0,52,81,1100,11,0.5,23
2021-05-05T01:51:30,22.9,10.7,52,81,1100,11,0.5,127
2021-05-05T02:07:15,22.9,10.4,52,82,1100,12,0.9,76
2021-05-05T02:22:51,22.8,10.5,52,82,1100,12,0.2,243
2021-05-05T02:38:27,22.8,10.7,52,83,1100,13,0.2,204
2021-05-05T02:54:03,22.8,10.5,52,82,1200,13,0.2,35
2021-05-05T03:09:49,22.9,10.3,53,83,1200,14,0.2,215
2021-05-05T03:25:24,22.9,10.2,53,84,1200,13,0.5,341
2021-05-05T03:41:00,22.8,10.8,53,81,1100,14,0.2,320
2021-05-05T03:56:36,22.8,10.8,53,81,1200,15,0.4,68
2021-05-05T04:12:21,22.8,10.3,53,84,1200,15,0.2,309
2021-05-05T04:27:58,22.9,10.3,53,85,1200,14,0.2,174
2021-05-05T04:43:34,22.8,10.4,54,85,1200,15,0.4,278
2021-05-05T04:59:11,22.8,10.3,54,85,1200,16,0.2,10
2021-05-05T05:14:57,22.8,10.2,54,85,1200,15,0.7,21
2021-05-05T05:30:32,22.8,10.1,53,85,1100,13,0.7,331
2021-05-05T05:46:08,22.9,10.0,53,84,1200,13,0.3,25
2021-05-05T06:01:54,22.8,9.8,53,85,1200,13,0.7,72
2021-05-05T06:17:30,22.8,9.7,52,86,1200,13,0.7,38
2021-05-05T06:33:12,22.7,9.1,53,87,1200,14,0.9,54
2021-05-05T06:48:49,22.7,9.0,53,87,1300,14,0.3,210
2021-05-05T07:04:34,22.7,9.0,53,87,1300,14,0.3,224
2021-05-05T07:20:10,22.7,8.9,54,87,1400,18,0.7,321
2021-05-05T07:35:47,22.7,9.1,53,88,1300,16,0.0,0
2021-05-05T07:51:23,22.7,9.7,54,87,1300,14,0.9,98
2021-05-05T08:07:09,22.7,9.9,55,87,1300,17,0.7,257
2021-05-05T08:17:49,22.9,10.9,55,85,1300,13,0.6,163
2021-05-05T08:33:26,22.9,11.7,55,84,1200,13,0.3,215
2021-05-05T08:48:59,22.8,12.8,55,80,1200,13,0.9,220
2021-05-05T09:04:39,23.0,13.3,55,78,1100,11,0.8,225
2021-05-05T09:20:24,23.0,14.1,54,74,1100,11,1.1,272
2021-05-05T09:36:04,22.9,14.3,56,70,1000,10,2.8,262
2021-05-05T09:51:41,22.9,15.0,55,70,900,9,2.3,281
2021-05-05T10:07:34,22.7,15.7,54,68,800,10,1.9,292
2021-05-05T10:23:11,22.9,16.8,54,65,900,11,1.1,246
2021-05-05T10:38:48,23.0,17.4,53,64,900,9,0.9,247
2021-05-05T10:54:25,23.1,18.0,51,60,800,8,1.4,292
2021-05-05T11:10:11,23.1,18.6,50,59,800,8,1.2,300
2021-05-05T11:25:51,23.1,19.2,51,59,700,7,1.3,242
2021-05-05T11:41:28,23.2,20.1,50,54,700,8,2.1,237
2021-05-05T11:57:06,23.3,20.4,50,55,700,8,1.3,346
2021-05-05T12:12:58,23.3,20.8,49,54,700,7,1.9,283
2021-05-05T12:28:35,23.5,21.8,47,52,600,6,1.8,88
2021-05-05T12:44:15,23.6,21.4,49,52,700,7,0.8,276
2021-05-05T12:59:56,23.6,21.6,50,51,700,7,1.6,255
2021-05-05T13:15:43,23.8,21.8,49,50,600,6,2.1,321
2021-05-05T13:31:20,23.9,22.5,48,49,600,6,1.5,223
2021-05-05T13:46:57,24.1,23.1,46,47,600,5,1.1,177
2021-05-05T14:02:44,24.3,24.2,44,41,600,6,3.8,297
2021-05-05T14:18:23,24.5,24.7,40,38,500,5,1.2,188
2021-05-05T14:32:43,24.8,24.6,42,36,600,6,2.4,263
2021-05-05T14:48:22,25.1,24.9,43,38,600,7,2.0,86
2021-05-05T15:04:02,25.1,24.6,43,38,600,6,2.1,285
2021-05-05T15:19:43,25.1,25.2,40,34,600,6,3.3,294
2021-05-05T15:35:30,25.1,25.2,39,33,600,7,1.1,258
2021-05-05T15:51:11,25.3,25.2,38,34,700,7,1.6,225
2021-05-05T16:07:00,25.3,25.7,39,33,700,7,3.6,286
2021-05-05T16:22:41,25.4,25.5,37,31,700,7,1.3,270
2021-05-05T16:38:23,25.6,25.3,40,34,700,8,3.0,281
2021-05-05T16:54:04,25.8,25.5,40,33,700,8,1.6,114
2021-05-05T17:09:53,25.8,25.2,39,34,700,8,1.5,246
2021-05-05T17:25:33,25.8,25.2,40,34,700,7,1.6,303
2021-05-05T17:41:14,25.8,24.9,39,35,700,8,1.6,279
2021-05-05T17:57:01,26.0,24.6,39,34,700,8,1.1,79
2021-05-05T18:12:51,26.0,24.8,39,33,700,8,1.0,229
2021-05-05T18:28:32,26.0,24.4,41,34,700,8,2.2,124
2021-05-05T18:44:14,26.0,24.1,40,36,800,8,1.3,287
2021-05-05T18:59:55,26.0,23.9,39,35,800,8,0.9,216
2021-05-05T19:15:46,26.0,24.0,40,36,700,8,0.7,286
2021-05-05T19:31:26,26.0,23.7,40,36,800,8,0.7,169
2021-05-05T19:47:07,25.9,23.5,39,36,700,8,1.6,251
2021-05-05T20:02:56,25.9,23.0,39,39,700,8,1.2,227
2021-05-05T20:18:38,25.7,22.2,39,40,700,8,0.9,228
2021-05-05T20:34:19,25.3,21.8,40,40,700,8,1.6,282
2021-05-05T20:50:00,25.0,20.8,41,45,700,10,1.5,303
2021-05-05T21:05:50,24.6,20.2,42,47,700,10,1.1,275
2021-05-05T21:21:32,24.2,19.5,43,50,600,7,1.1,228
2021-05-05T21:37:13,24.0,19.3,41,49,600,5,1.2,278
2021-05-05T21:52:54,24.0,18.9,42,49,600,5,0.5,323
2021-05-05T22:08:44,23.7,18.7,44,51,600,7,0.4,91
2021-05-05T22:24:25,23.4,17.2,46,55,700,7,0.8,335
2021-05-05T22:40:06,23.6,17.3,45,54,700,7,0.2,313
2021-05-05T22:55:48,23.4,16.5,47,58,700,8,0.2,88
2021-05-05T23:11:39,23.4,16.2,46,59,700,8,0.8,16
2021-05-05T23:27:20,23.4,16.3,46,61,700,8,0.3,196
2021-05-05T23:43:02,23.3,15.1,47,65,800,8,0.5,139
2021-05-05T23:58:49,23.2,15.0,47,65,800,7,0.4,186
2021-05-06T00:14:45,23.1,14.7,47,65,800,9,0.4,251
2021-05-06T00:30:27,23.1,14.6,47,66,800,9,0.7,113
2021-05-06T00:46:07,23.2,14.8,47,65,800,9,0.3,7
2021-05-06T01:01:57,23.1,14.8,46,65,800,8,0.3,296
2021-05-06T01:17:44,23.2,14.6,47,65,800,9,0.3,130
2021-05-06T01:33:25,23.1,12.6,49,72,900,10,1.2,113
2021-05-06T01:49:07,23.1,12.4,49,73,900,9,0.7,133
2021-05-06T02:04:57,23.1,12.3,49,74,900,10,2.0,118
2021-05-06T02:20:38,23.0,12.5,50,74,900,10,1.0,117
2021-05-06T02:36:19,23.0,12.3,51,75,900,10,0.5,205
2021-05-06T02:52:00,23.0,11.9,52,77,1000,13,0.2,46
2021-05-06T03:07:57,23.1,11.8,52,79,1000,12,0.5,70
2021-05-06T03:23:38,22.9,11.7,53,80,1000,13,0.3,90
2021-05-06T03:39:19,23.1,11.5,53,82,1000,13,0.3,63
2021-05-06T03:55:00,22.9,11.9,53,82,1000,13,0.3,205
2021-05-06T04:10:50,23.0,11.5,54,82,1100,14,0.1,178
2021-05-06T04:26:31,23.0,11.1,54,84,1100,13,0.4,60
2021-05-06T04:42:13,23.0,11.2,53,84,1100,13,0.4,256
2021-05-06T04:57:54,22.9,10.6,53,85,1100,14,0.2,45
2021-05-06T05:13:44,22.9,10.6,53,85,1100,14,0.2,226
2021-05-06T05:29:25,22.8,10.5,53,85,1100,14,0.1,178
2021-05-06T05:45:06,22.8,10.4,53,85,1200,15,0.3,7
2021-05-06T06:00:57,22.8,9.9,53,87,1200,15,0.1,266
2021-05-06T06:16:38,22.8,9.7,53,87,1300,15,0.4,338
2021-05-06T06:32:20,22.8,9.5,53,88,1300,16,0.5,0
2021-05-06T06:48:01,22.6,9.1,54,87,1300,17,0.2,0
2021-05-06T07:03:49,22.7,8.8,53,87,1300,15,1.0,109
2021-05-06T07:19:37,22.9,8.7,53,88,1200,14,0.3,325
2021-05-06T07:35:19,22.8,8.8,53,87,1200,14,0.3,70
2021-05-06T07:51:00,22.8,9.2,54,87,1300,15,0.5,105
2021-05-06T08:06:49,22.8,9.4,55,88,1200,15,0.7,14
2021-05-06T08:22:30,22.8,12.1,56,85,1200,16,0.3,60
2021-05-06T08:38:11,22.9,13.0,57,81,1100,13,2.1,106
2021-05-06T08:53:51,23.0,14.4,57,76,1100,13,0.7,113
2021-05-06T09:09:43,23.1,14.6,58,76,1000,11,0.2,213
2021-05-06T09:25:29,23.1,15.9,58,72,900,9,0.2,256
2021-05-06T09:41:40,23.1,17.3,56,68,900,10,0.4,213
2021-05-06T09:57:26,23.2,17.7,56,69,800,9,1.0,162
2021-05-06T10:13:21,23.1,19.1,57,63,800,9,0.6,206
2021-05-06T10:29:06,23.2,19.7,54,60,700,8,0.8,126
2021-05-06T10:44:51,23.4,20.3,53,59,700,8,0.3,289
2021-05-06T11:00:51,23.3,19.9,54,60,700,7,0.2,209
2021-05-06T11:16:41,23.3,20.1,53,60,700,8,0.5,222
2021-05-06T11:32:27,23.4,20.4,54,60,700,8,0.2,52
2021-05-06T11:48:08,23.4,21.4,52,57,700,9,0.7,245
2021-05-06T12:03:57,23.6,22.3,52,53,700,8,1.3,249
2021-05-06T12:19:36,23.3,22.5,56,53,700,7,0.7,284
2021-05-06T12:35:16,23.5,23.3,56,52,600,7,0.7,216
2021-05-06T12:51:03,23.8,23.3,57,52,800,6,0.9,235
2021-05-06T13:06:53,23.4,24.2,55,49,700,5,0.7,261
2021-05-06T13:22:35,23.6,24.0,55,49,700,6,1.0,297
2021-05-06T13:38:20,23.6,24.8,56,44,700,6,0.6,167
2021-05-06T13:54:04,23.5,25.1,56,45,600,6,1.3,254
2021-05-06T14:09:59,23.7,25.4,54,44,600,7,1.6,146
2021-05-06T14:25:44,24.3,26.1,51,43,600,7,0.8,136
2021-05-06T14:41:29,24.9,25.5,52,44,600,8,1.1,204
2021-05-06T14:57:13,24.9,26.9,53,42,600,8,0.8,296
2021-05-06T15:13:09,25.0,26.4,55,39,700,9,1.7,318
2021-05-06T15:28:53,25.0,26.6,54,41,700,8,0.9,168
2021-05-06T15:44:39,25.0,26.6,56,38,700,9,0.9,278
2021-05-06T16:00:34,25.0,27.1,54,37,700,10,0.8,282
2021-05-06T16:16:28,25.0,27.4,52,36,700,8,1.8,102
2021-05-06T16:32:13,25.1,27.7,53,34,800,8,2.1,90
2021-05-06T16:47:58,25.1,27.2,55,37,800,9,0.4,278
2021-05-06T17:03:53,25.1,27.3,53,36,800,9,2.5,136
2021-05-06T17:19:38,25.2,27.4,53,34,800,10,0.4,215
2021-05-06T17:35:23,25.2,27.5,53,34,700,9,0.7,155
2021-05-06T17:51:08,25.2,26.7,52,35,700,8,1.2,311
2021-05-06T18:07:04,25.2,25.5,54,38,800,9,0.6,4
2021-05-06T18:22:50,25.3,27.1,54,37,900,10,0.4,230
2021-05-06T18:38:35,25.2,26.2,56,34,800,11,0.3,249
2021-05-06T18:54:19,25.2,25.7,54,36,800,10,1.2,219
2021-05-06T19:10:15,25.2,26.0,55,36,800,10,0.6,286
2021-05-06T19:25:59,25.2,26.0,55,36,800,9,0.4,252
2021-05-06T19:41:44,25.2,25.6,50,36,800,8,0.6,267
2021-05-06T19:57:30,25.2,25.8,53,36,800,9,0.3,299
2021-05-06T20:13:25,25.3,25.4,54,40,800,10,0.4,268
2021-05-06T20:29:11,25.1,25.0,52,41,800,10,1.1,236
2021-05-06T20:44:56,25.0,23.8,51,45,800,9,0.5,219
2021-05-06T21:00:51,24.6,23.1,55,47,800,9,0.4,227
2021-05-06T21:16:41,24.3,21.7,57,51,700,10,0.3,179
2021-05-06T21:32:27,24.1,21.2,53,50,700,8,0.5,203
2021-05-06T21:48:12,24.0,21.1,53,51,600,8,0.7,228
2021-05-06T22:04:06,23.9,20.2,54,59,600,8,0.4,239
2021-05-06T22:19:51,23.8,19.2,57,66,600,8,0.4,254
2021-05-06T22:35:37,23.7,18.4,59,70,600,8,0.4,144
2021-05-06T22:51:22,23.4,18.0,59,71,700,8,0.2,153
2021-05-06T23:07:28,23.4,17.5,58,73,700,8,0.3,207
2021-05-06T23:23:14,23.4,17.8,58,73,700,8,0.1,172
2021-05-06T23:38:59,23.4,17.1,59,74,700,8,0.9,135
2021-05-06T23:54:50,23.4,16.8,59,76,700,8,0.3,314
2021-05-07T00:10:45,23.3,16.3,60,77,700,9,0.2,229
2021-05-07T00:26:30,23.1,15.8,60,79,700,9,0.6,20
2021-05-07T00:42:15,23.1,15.6,60,78,900,9,0.3,324
2021-05-07T00:58:06,23.1,15.0,60,81,900,9,0.4,317
2021-05-07T01:14:00,23.1,15.0,59,81,800,8,0.2,317
2021-05-07T01:29:45,23.0,14.2,59,81,900,10,0.4,249
2021-05-07T01:45:31,23.0,14.5,60,82,900,10,0.1,90
2021-05-07T02:01:25,23.0,14.5,58,80,900,10,0.2,43
2021-05-07T02:17:16,22.9,14.1,57,81,1000,11,0.2,138
2021-05-07T02:33:02,23.0,14.1,58,82,900,11,0.1,179
2021-05-07T02:48:47,22.9,13.7,58,84,900,11,0.2,177
2021-05-07T03:04:42,22.9,13.6,58,85,900,11,0.2,87
2021-05-07T03:20:28,23.0,13.6,57,83,900,10,1.0,108
2021-05-07T03:36:13,22.9,13.8,58,82,900,11,0.2,121
2021-05-07T03:51:58,22.9,13.5,57,82,900,11,0.4,344
2021-05-07T04:07:52,22.9,13.2,56,83,1000,12,0.2,12
2021-05-07T04:23:36,22.8,12.8,57,84,1000,12,0.2,35
2021-05-07T04:39:21,22.9,12.4,57,86,1100,12,0.9,308
2021-05-07T04:55:06,23.0,12.3,57,85,1100,12,0.9,31
2021-05-07T05:11:00,22.9,12.4,57,86,1000,12,0.7,47
2021-05-07T05:26:46,22.9,12.2,58,85,1100,13,0.7,80
2021-05-07T05:42:31,22.9,11.8,56,87,1100,13,0.5,12
2021-05-07T05:58:16,23.0,11.8,56,86,1000,12,0.4,118
2021-05-07T06:14:10,22.9,11.7,56,87,1100,13,0.7,20
2021-05-07T06:29:55,22.9,11.7,57,88,1100,13,0.7,283
2021-05-07T06:45:41,22.9,11.1,56,87,1100,13,0.3,52
2021-05-07T07:01:35,22.9,11.2,56,89,1100,13,0.1,178
2021-05-07T07:17:20,22.9,11.3,57,89,1100,12,0.3,215
2021-05-07T07:33:12,22.8,11.5,56,88,1000,13,0.2,323
2021-05-07T07:48:58,22.9,11.8,58,88,1000,13,0.1,48
2021-05-07T08:04:52,22.9,12.5,58,88,1000,12,0.3,305
2021-05-07T08:20:37,23.0,13.5,58,86,900,9,0.4,133
2021-05-07T08:36:16,23.0,14.5,59,82,800,9,0.7,240
2021-05-07T08:52:01,23.0,15.1,60,81,900,10,0.3,148
2021-05-07T09:08:02,23.1,15.9,61,80,900,8,1.7,303
2021-05-07T09:23:48,23.0,17.3,61,76,800,9,1.4,282
2021-05-07T09:39:33,23.1,17.7,61,73,900,9,1.1,268
2021-05-07T09:55:19,23.1,19.0,61,70,800,8,1.3,323
2021-05-07T10:11:14,23.2,19.5,60,67,800,8,0.7,167
2021-05-07T10:26:58,23.2,21.0,56,60,700,8,0.7,116
2021-05-07T10:42:43,23.5,21.4,55,60,700,8,0.8,129
2021-05-07T10:58:29,23.6,22.2,58,58,700,8,2.4,271
2021-05-07T11:14:20,23.9,23.0,53,57,600,7,0.8,170
2021-05-07T11:30:00,24.3,24.8,52,51,600,8,2.6,94
2021-05-07T11:45:44,24.3,24.7,50,49,500,5,0.5,64
2021-05-07T12:01:34,24.8,24.7,51,49,600,8,1.4,93
2021-05-07T12:17:14,24.8,25.3,52,44,700,8,2.2,103
2021-05-07T12:32:55,24.8,25.2,52,45,600,8,1.0,338
2021-05-07T12:48:38,25.1,25.9,52,43,700,8,0.5,337
2021-05-07T13:04:33,25.0,26.1,54,41,700,9,2.6,93
2021-05-07T13:20:18,24.9,26.1,55,39,700,10,1.8,79
2021-05-07T13:36:09,24.9,26.0,52,41,600,8,1.0,284
2021-05-07T13:51:59,25.0,26.4,53,39,700,9,1.4,9
2021-05-07T14:07:54,25.0,26.1,54,39,700,10,2.0,131
2021-05-07T14:23:39,24.9,25.7,50,37,700,9,2.1,139
2021-05-07T14:39:31,25.0,26.4,55,37,700,10,5.4,299
2021-05-07T14:55:15,25.0,26.7,57,35,800,11,2.6,284
2021-05-07T15:11:10,25.1,27.9,52,36,700,8,1.9,154
2021-05-07T15:27:01,25.1,27.6,54,36,800,9,1.1,46
2021-05-07T15:42:46,25.1,27.6,56,34,700,10,1.5,315
2021-05-07T15:58:32,25.2,27.9,55,34,700,9,1.7,277
2021-05-07T16:14:27,25.4,27.9,55,33,800,9,1.8,38
2021-05-07T16:30:17,25.4,27.9,54,33,800,10,2.8,286
2021-05-07T16:46:04,25.4,28.2,52,33,700,9,1.1,339
2021-05-07T17:02:00,25.4,27.9,53,34,700,10,2.4,170
2021-05-07T17:17:45,25.4,28.0,54,34,700,10,3.9,108
2021-05-07T17:33:30,25.7,28.2,56,34,800,10,3.1,280
2021-05-07T17:49:21,25.8,27.8,56,34,800,11,1.8,44
2021-05-07T18:05:22,25.8,28.0,56,36,800,11,2.5,265
2021-05-07T18:21:07,25.8,28.2,57,35,800,11,0.8,267
2021-05-07T18:36:52,25.8,28.0,55,33,800,11,1.1,349
2021-05-07T18:52:35,25.8,27.3,53,34,800,10,3.9,325
2021-05-07T19:08:29,25.8,27.3,53,35,800,10,1.3,331
2021-05-07T19:24:14,25.8,27.0,56,34,900,11,0.8,76
2021-05-07T19:40:05,25.8,26.9,56,35,900,11,0.9,221
2021-05-07T19:55:50,25.8,26.4,54,37,800,10,0.9,225
2021-05-07T20:11:46,25.8,26.1,56,38,900,11,0.7,318
2021-05-07T20:27:31,25.6,25.3,54,38,800,10,1.7,146
2021-05-07T20:43:15,25.3,24.8,52,40,700,10,1.4,91
2021-05-07T20:59:07,25.2,23.9,52,42,700,10,0.7,237
2021-05-07T21:15:01,25.0,22.8,53,48,800,10,0.4,288
2021-05-07T21:30:47,25.0,22.2,53,50,800,10,0.4,283
2021-05-07T21:46:32,25.0,21.5,54,50,800,10,0.4,219
2021-05-07T22:02:27,24.6,21.4,55,50,800,11,0.3,90
2021-05-07T22:18:13,24.3,21.1,54,53,700,9,0.5,158
2021-05-07T22:33:58,24.0,20.5,55,57,600,8,0.2,119
2021-05-07T22:49:43,23.8,18.1,57,69,600,8,0.8,70
2021-05-07T23:05:37,23.7,17.6,59,72,700,8,1.0,170
2021-05-07T23:21:22,23.7,17.2,59,74,700,9,0.6,106
2021-05-07T23:37:08,23.5,16.8,60,75,700,9,2.6,101
2021-05-07T23:52:53,23.4,16.6,59,76,700,9,1.9,89
2021-05-08T00:08:48,23.4,16.3,58,76,600,9,3.0,135
2021-05-08T00:24:33,23.3,16.1,59,76,700,9,1.8,97
2021-05-08T00:40:18,23.3,15.8,58,76,700,9,1.5,160
2021-05-08T00:56:03,23.3,15.7,57,76,700,9,3.5,115
2021-05-08T01:11:58,23.3,15.4,56,76,700,9,0.6,77
2021-05-08T01:27:43,23.2,15.3,56,76,700,9,2.8,132
2021-05-08T01:43:28,23.2,15.1,56,76,700,9,0.7,100
2021-05-08T01:59:13,23.2,14.8,56,78,700,9,2.2,87
2021-05-08T02:15:08,23.1,14.7,56,78,700,9,2.6,102
2021-05-08T02:30:53,22.9,14.7,56,78,700,9,2.4,91
2021-05-08T02:46:38,22.9,14.6,56,77,700,9,0.8,103
2021-05-08T03:02:33,23.0,14.6,56,77,800,10,1.4,86
2021-05-08T03:18:18,23.0,14.6,56,76,700,9,0.2,38
2021-05-08T03:34:03,23.0,14.6,56,76,800,10,0.9,157
2021-05-08T03:49:49,22.9,14.6,56,76,700,9,2.1,115
2021-05-08T04:05:43,22.9,14.5,56,77,800,10,1.1,129
2021-05-08T04:21:28,22.9,14.4,56,78,700,10,0.9,90
2021-05-08T04:37:14,22.9,14.3,55,77,700,10,1.3,112
2021-05-08T04:52:59,22.9,14.1,55,77,800,10,0.4,66
2021-05-08T05:08:53,23.0,14.1,55,77,800,10,2.2,96
2021-05-08T05:24:37,22.9,14.0,55,78,800,10,1.8,76
2021-05-08T05:40:23,22.9,14.0,55,77,800,11,0.2,89
2021-05-08T05:56:08,22.9,13.7,55,78,800,10,2.0,140
2021-05-08T06:12:02,22.9,13.6,55,78,800,12,1.3,139
2021-05-08T06:27:47,22.9,13.5,55,79,800,10,1.4,123
2021-05-08T06:43:33,22.9,13.3,56,79,900,10,2.7,123
2021-05-08T06:59:18,22.9,13.3,57,80,900,11,2.2,116
2021-05-08T07:15:12,22.9,13.3,56,80,800,11,2.1,118
2021-05-08T07:30:58,23.0,13.3,55,81,800,11,2.4,117
2021-05-08T07:46:43,22.9,13.7,57,81,800,12,1.7,100
2021-05-08T08:02:44,22.9,13.8,59,80,900,11,0.2,235
2021-05-08T08:18:35,22.9,15.2,57,77,800,11,1.1,93
2021-05-08T08:34:21,22.9,15.7,57,75,700,9,1.4,103
2021-05-08T08:50:06,22.9,16.6,57,73,700,9,0.3,230
2021-05-08T09:06:06,23.0,17.8,57,69,700,9,0.8,137
2021-05-08T09:21:52,23.2,18.2,59,68,700,9,0.7,117
2021-05-08T09:37:37,23.2,19.3,57,65,700,10,0.7,163
2021-05-08T09:53:28,23.2,19.9,57,65,700,9,0.3,191
2021-05-08T10:09:24,23.4,20.5,57,63,700,9,0.8,309
2021-05-08T10:25:09,23.5,20.8,57,62,700,8,0.4,261
2021-05-08T10:40:54,23.8,21.5,56,60,600,8,1.1,159
2021-05-08T10:56:40,23.9,21.8,55,58,600,8,0.6,90
2021-05-08T11:12:38,24.1,22.5,55,57,700,8,0.4,174
2021-05-08T11:28:23,24.4,23.7,54,53,700,10,0.4,115
2021-05-08T11:44:12,24.8,24.1,56,54,800,11,1.2,131
2021-05-08T11:59:58,24.9,25.1,57,52,700,10,0.9,136
2021-05-08T12:15:53,25.0,25.7,59,49,700,11,0.5,141
2021-05-08T12:31:38,24.9,25.9,59,44,700,11,0.8,257
2021-05-08T12:47:23,24.9,25.8,56,46,800,11,1.2,144
2021-05-08T13:03:24,25.1,26.8,56,43,700,10,0.6,195
2021-05-08T13:19:09,25.1,27.3,57,40,700,10,1.0,118
2021-05-08T13:34:54,25.2,28.2,58,41,700,11,0.4,157
2021-05-08T13:50:40,25.3,28.5,59,39,800,12,0.5,224
2021-05-08T14:06:35,25.4,28.9,59,39,800,11,0.3,228
2021-05-08T14:22:26,25.7,29.1,59,39,800,11,0.4,283
2021-05-08T14:38:11,25.8,29.5,59,38,800,11,0.0,179
2021-05-08T14:53:57,26.0,30.0,59,38,800,10,1.7,215
2021-05-08T15:09:52,26.1,30.3,59,36,800,11,0.7,190
2021-05-08T15:25:38,26.3,30.9,60,36,800,11,0.3,131
2021-05-08T15:41:30,26.6,31.6,59,34,800,11,0.3,193
2021-05-08T15:57:21,26.7,31.3,60,35,800,11,1.4,207
2021-05-08T16:13:16,26.7,31.4,59,35,800,10,0.5,289
2021-05-08T16:29:01,26.9,31.1,59,36,800,11,1.7,229
2021-05-08T16:44:46,27.1,30.1,61,41,800,11,0.6,250
2021-05-08T17:00:40,27.1,30.3,59,39,800,11,1.9,223
2021-05-08T17:16:35,26.8,29.2,57,31,800,12,4.2,237
2021-05-08T17:32:20,26.7,29.0,59,33,800,12,1.1,249
2021-05-08T17:48:05,26.5,28.9,56,31,900,12,3.5,224
2021-05-08T18:04:00,26.5,28.9,57,31,800,11,0.9,252
2021-05-08T18:19:44,26.4,28.1,56,31,900,12,0.9,204
2021-05-08T18:35:35,26.4,27.6,56,32,900,12,1.5,163
2021-05-08T18:51:20,26.4,27.0,54,30,900,12,2.5,253
2021-05-08T19:07:14,26.1,26.5,54,30,800,12,1.2,139
2021-05-08T19:22:59,26.0,26.2,54,32,800,12,1.7,219
2021-05-08T19:38:44,25.9,25.8,54,35,900,12,0.9,148
2021-05-08T19:54:29,25.9,25.4,56,36,800,11,0.7,207
2021-05-08T20:10:24,25.8,24.8,55,35,900,12,1.9,173
2021-05-08T20:26:09,25.6,24.2,59,47,800,12,1.6,120
2021-05-08T20:41:54,25.5,22.8,59,51,800,12,0.1,228
2021-05-08T20:57:39,25.3,21.3,56,54,800,12,0.4,251
2021-05-08T21:13:35,25.0,20.8,54,55,800,10,1.4,120
2021-05-08T21:29:19,24.5,19.8,56,57,800,12,0.9,139
2021-05-08T21:45:11,24.2,19.5,54,60,700,10,1.5,99
2021-05-08T22:01:06,24.0,18.3,53,62,600,8,1.8,117
2021-05-08T22:16:51,23.8,17.8,53,62,600,8,1.2,171
2021-05-08T22:32:36,23.8,17.8,51,59,700,8,0.8,129
2021-05-08T22:48:22,23.7,17.6,51,59,600,8,2.2,115
2021-05-08T23:04:16,23.7,17.3,49,59,600,8,0.4,207
2021-05-08T23:20:00,23.7,17.3,48,59,600,9,0.9,75
2021-05-08T23:35:45,23.4,17.2,49,61,600,8,1.3,91
2021-05-08T23:51:31,23.4,17.3,48,60,700,8,1.6,111
2021-05-09T00:07:26,23.4,17.3,48,60,600,8,1.9,117
2021-05-09T00:23:17,23.4,17.2,50,63,700,8,2.0,107
2021-05-09T00:39:02,23.4,16.5,51,66,600,8,1.8,122
2021-05-09T00:54:47,23.4,16.5,51,67,600,8,1.4,95
2021-05-09T01:10:43,23.3,16.5,50,66,600,8,1.6,75
2021-05-09T01:26:28,23.3,16.5,50,65,600,8,2.1,118
2021-05-09T01:42:13,23.3,16.0,50,66,600,8,1.5,127
2021-05-09T01:57:58,23.3,15.8,51,66,600,8,0.9,108
2021-05-09T02:13:53,23.2,15.6,51,67,700,8,1.1,66
2021-05-09T02:29:38,23.3,15.3,49,68,700,9,0.4,37
2021-05-09T02:45:23,23.3,15.1,50,68,700,8,0.4,73
2021-05-09T03:01:23,23.1,14.6,50,69,700,8,0.4,127
2021-05-09T03:17:09,22.9,14.3,51,70,800,9,0.3,300
2021-05-09T03:32:55,22.9,14.3,52,71,900,11,0.2,291
2021-05-09T03:48:40,22.9,13.8,51,71,900,10,1.0,117
2021-05-09T04:04:35,22.9,14.1,50,70,800,10,1.4,81
2021-05-09T04:20:20,22.9,14.2,50,70,800,11,1.3,120
2021-05-09T04:36:06,22.9,14.3,49,69,800,10,2.0,105
2021-05-09T04:51:51,22.9,14.3,50,69,800,10,0.8,195
2021-05-09T05:07:45,22.9,13.9,50,70,800,11,2.3,95
2021-05-09T05:23:31,22.9,13.8,50,70,800,10,1.2,152
2021-05-09T05:39:17,22.8,14.1,49,69,800,10,2.5,90
2021-05-09T05:55:02,22.9,14.3,51,68,800,11,2.3,109
2021-05-09T06:11:03,22.9,14.3,51,69,800,10,2.0,85
2021-05-09T06:26:48,22.9,14.3,50,69,800,10,1.4,96
2021-05-09T06:42:32,22.9,14.3,49,69,800,10,1.4,143
2021-05-09T06:58:18,22.9,14.4,50,68,800,12,1.9,126
2021-05-09T07:14:13,22.9,14.1,51,70,800,11,0.9,94
2021-05-09T07:29:58,23.0,14.0,51,70,800,10,1.3,84
2021-05-09T07:45:44,23.0,14.7,50,68,800,11,2.8,119
2021-05-09T08:01:38,23.0,15.0,50,68,800,10,1.2,96
2021-05-09T08:17:24,22.9,15.0,50,68,700,10,2.3,117
2021-05-09T08:33:09,23.0,15.5,52,68,800,10,0.2,111
2021-05-09T08:48:55,23.0,16.0,51,67,700,10,2.1,97
2021-05-09T09:04:50,23.0,16.5,52,66,700,9,2.4,113
2021-05-09T09:20:36,23.3,18.4,52,61,800,9,2.9,109
2021-05-09T09:36:20,23.3,18.9,52,60,700,9,2.6,148
2021-05-09T09:52:12,23.6,20.7,51,55,600,8,2.7,105
2021-05-09T10:08:07,23.9,21.1,50,54,600,7,2.6,125
2021-05-09T10:23:52,24.0,21.0,51,55,700,8,0.4,230
2021-05-09T10:39:37,24.1,20.8,51,56,700,9,0.3,285
2021-05-09T10:55:23,24.3,21.6,51,53,700,9,0.9,286
2021-05-09T11:11:18,24.8,21.4,51,55,700,10,1.0,248
2021-05-09T11:27:02,24.8,21.2,53,55,800,11,0.3,202
2021-05-09T11:42:48,24.7,20.9,53,57,800,12,0.8,133
2021-05-09T11:58:33,24.8,20.9,52,56,700,12,1.2,147
2021-05-09T12:14:33,24.7,20.8,54,60,700,13,0.8,233
2021-05-09T12:30:18,24.4,20.8,55,62,700,12,2.4,292
2021-05-09T12:46:03,24.1,19.4,55,66,600,11,1.1,276
2021-05-09T13:01:57,23.8,19.3,59,68,600,9,0.4,0
2021-05-09T13:17:42,23.9,20.0,58,69,600,10,0.5,290
2021-05-09T13:33:27,24.3,22.8,56,58,600,10,0.7,118
2021-05-09T13:49:11,24.8,24.5,56,55,700,10,1.6,122
2021-05-09T14:05:06,24.8,23.5,55,52,600,9,1.6,219
2021-05-09T14:20:51,24.8,22.7,55,55,600,10,1.9,128
2021-05-09T14:36:36,24.8,22.0,56,57,600,10,0.9,153
2021-05-09T14:52:27,25.0,22.2,57,58,600,11,0.8,124
2021-05-09T15:08:28,25.1,23.3,60,56,700,11,4.0,99
2021-05-09T15:24:13,25.0,23.2,62,57,700,11,3.0,240
2021-05-09T15:39:58,25.0,23.9,61,51,800,12,1.7,97
2021-05-09T15:55:43,25.1,23.2,59,56,800,11,0.9,35
2021-05-09T16:11:38,25.1,24.3,59,54,700,10,1.1,196
2021-05-09T16:27:24,25.2,25.3,61,47,800,12,2.7,130
2021-05-09T16:43:09,25.4,25.5,62,47,800,12,1.5,118
2021-05-09T16:58:55,25.8,26.2,62,48,1000,12,2.1,126
2021-05-09T17:14:49,25.7,25.7,62,48,900,12,0.9,236
2021-05-09T17:30:34,25.5,24.8,61,50,800,12,1.3,201
2021-05-09T17:46:19,25.3,23.9,58,47,800,12,2.1,210
2021-05-09T18:02:13,25.0,22.6,60,50,800,11,2.0,246
2021-05-09T18:17:59,24.6,20.2,60,62,700,11,2.3,186
2021-05-09T18:33:44,24.0,18.8,62,71,600,9,1.1,244
2021-05-09T18:49:29,23.9,18.8,65,70,700,9,1.1,90
2021-05-09T19:05:24,23.8,19.2,64,71,600,9,2.6,242
2021-05-09T19:21:09,23.9,19.4,62,68,700,9,1.0,224
2021-05-09T19:36:54,23.9,19.1,62,68,600,9,0.8,280
2021-05-09T19:52:40,23.8,19.0,61,67,700,9,2.3,199
2021-05-09T20:08:36,23.8,18.8,61,70,700,10,1.7,113
2021-05-09T20:24:20,23.8,18.4,60,68,700,9,1.1,216
2021-05-09T20:40:06,23.8,18.1,60,71,700,9,1.8,134
2021-05-09T20:55:52,23.7,17.6,61,73,600,9,0.6,218
2021-05-09T21:11:47,23.4,17.4,61,76,600,7,0.1,113
2021-05-09T21:27:32,23.3,17.0,62,76,700,8,0.7,1
2021-05-09T21:43:17,23.3,16.5,63,80,600,8,0.5,292
2021-05-09T21:59:02,23.3,16.5,62,79,700,8,0.6,37
2021-05-09T22:14:56,23.3,16.7,63,81,700,8,0.7,312
2021-05-09T22:30:41,23.3,16.7,64,81,700,8,0.3,289
2021-05-09T22:46:31,23.3,16.7,63,80,700,8,0.3,119
2021-05-09T23:02:25,23.2,16.6,64,81,700,8,0.2,146
2021-05-09T23:18:04,23.2,16.5,64,81,700,9,0.5,128
2021-05-09T23:33:44,23.2,16.6,63,79,700,8,0.4,313
2021-05-09T23:49:23,23.2,16.6,63,80,700,8,0.4,297
2021-05-10T00:05:11,23.2,16.3,64,83,700,8,0.2,215
2021-05-10T00:20:57,23.2,16.1,63,83,700,8,0.2,240
2021-05-10T00:36:36,23.2,16.0,64,85,700,8,0.3,60
2021-05-10T00:52:15,23.1,15.9,65,85,800,9,0.2,222
2021-05-10T01:08:03,22.9,15.6,65,85,800,9,0.4,2
2021-05-10T01:23:43,22.9,15.4,64,86,800,9,0.3,48
2021-05-10T01:39:22,22.9,15.3,64,86,800,9,0.1,267
2021-05-10T01:55:07,22.9,15.7,64,85,800,9,0.2,238
2021-05-10T02:11:01,22.9,15.4,65,86,800,9,0.4,130
2021-05-10T02:26:40,22.9,14.9,65,88,800,10,0.3,237
2021-05-10T02:42:19,23.0,14.9,65,89,900,10,0.1,0
2021-05-10T02:57:58,22.9,14.8,65,89,800,10,0.4,319
2021-05-10T03:13:47,22.9,14.6,65,90,900,11,0.6,10
2021-05-10T03:29:26,22.9,14.9,65,90,800,10,0.0,7
2021-05-10T03:45:05,22.9,14.6,64,90,900,11,0.5,45
2021-05-10T04:00:54,22.9,14.5,64,91,900,12,0.3,40
2021-05-10T04:16:33,22.9,14.5,64,91,800,10,0.2,330
2021-05-10T04:32:12,22.8,14.6,64,90,800,11,0.1,269
2021-05-10T04:47:51,23.0,14.3,63,91,900,11,0.1,243
2021-05-10T05:03:39,22.9,14.1,63,90,1000,11,0.1,1
2021-05-10T05:19:18,22.9,13.9,63,91,1000,11,0.3,341
2021-05-10T05:35:03,22.9,13.8,62,91,900,12,0.5,324
2021-05-10T05:50:42,23.0,13.5,60,88,900,12,0.3,319
2021-05-10T06:06:31,22.9,12.9,59,83,900,11,0.7,337
2021-05-10T06:22:10,22.9,12.5,57,83,900,13,0.9,319
2021-05-10T06:37:49,22.9,12.2,56,82,1000,13,1.3,53
2021-05-10T06:53:28,22.9,12.0,56,82,1000,13,1.4,107
2021-05-10T07:09:18,23.0,11.8,56,83,1000,13,0.4,292
2021-05-10T07:24:56,22.9,11.8,56,82,1000,14,0.2,1
2021-05-10T07:40:36,22.9,11.9,55,82,1000,13,0.6,39
2021-05-10T07:56:15,22.9,12.1,56,81,900,12,0.1,47
2021-05-10T08:12:03,22.8,12.8,56,80,900,12,0.1,309
2021-05-10T08:27:46,23.0,13.2,56,81,900,11,0.4,276
2021-05-10T08:43:29,22.9,14.0,57,79,900,10,0.9,314
2021-05-10T08:59:14,23.0,15.5,57,74,1000,10,0.7,190
2021-05-10T09:15:10,23.0,15.3,57,71,900,11,1.6,287
2021-05-10T09:30:54,23.1,15.8,57,69,900,8,0.8,54
2021-05-10T09:46:47,22.9,16.5,55,68,800,9,1.4,291
2021-05-10T10:02:42,22.9,17.0,54,66,800,9,2.0,105
2021-05-10T10:18:21,23.0,17.1,52,63,800,9,1.2,296
2021-05-10T10:34:01,23.0,18.1,52,61,800,9,1.1,308
2021-05-10T10:49:42,22.9,18.9,53,58,800,9,1.1,285
2021-05-10T11:05:32,22.9,18.7,52,58,700,10,0.6,292
2021-05-10T11:21:13,23.0,19.7,52,56,700,9,1.6,236
2021-05-10T11:36:54,23.1,19.4,52,56,700,10,0.2,180
2021-05-10T11:52:31,23.1,19.2,52,57,700,8,0.9,302
2021-05-10T12:08:16,23.3,19.5,52,57,700,9,2.3,296
2021-05-10T12:23:52,23.3,20.6,50,51,700,8,1.8,243
2021-05-10T12:39:30,23.3,20.1,49,51,700,8,1.4,53
2021-05-10T12:55:11,23.3,20.2,50,51,700,9,1.2,254
2021-05-10T13:11:02,23.3,20.5,48,47,700,9,2.0,320
2021-05-10T13:26:44,23.6,21.7,45,41,600,8,1.8,351
2021-05-10T13:42:25,23.8,22.7,45,40,700,8,2.3,246
2021-05-10T13:44:24,23.8,22.6,45,41,700,8,3.3,269
2021-05-10T14:00:09,23.9,22.6,46,39,700,7,2.1,314
2021-05-10T14:16:04,24.0,21.7,46,41,700,8,0.2,327
2021-05-10T14:31:48,24.1,22.6,43,39,700,9,1.5,294
2021-05-10T14:47:33,24.1,24.2,44,38,700,10,0.5,302
2021-05-10T15:03:34,24.5,24.0,45,36,700,11,1.4,283
2021-05-10T15:19:18,24.8,23.4,43,38,800,12,1.0,176
2021-05-10T15:35:08,24.8,22.8,43,37,700,11,0.3,298
2021-05-10T15:50:54,24.8,23.0,46,39,700,10,0.8,268
2021-05-10T16:06:49,24.5,24.0,46,37,700,9,0.9,300
2021-05-10T16:22:28,24.5,24.2,43,36,700,11,1.8,49
2021-05-10T16:38:08,24.8,23.3,43,37,800,10,0.4,113
2021-05-10T16:53:47,24.9,23.7,46,37,800,10,0.8,258
2021-05-10T17:09:36,24.9,23.5,47,36,700,10,1.1,10
2021-05-10T17:25:15,24.9,23.2,45,36,700,9,2.5,279
2021-05-10T17:40:54,25.1,24.0,46,35,700,9,1.1,137
2021-05-10T17:56:40,24.9,24.0,50,35,900,10,0.7,320
2021-05-10T18:12:30,24.5,24.1,53,34,800,12,0.6,250
2021-05-10T18:28:09,24.1,23.5,47,34,600,8,1.3,279
2021-05-10T18:43:48,24.1,23.9,46,34,700,8,0.7,307
2021-05-10T18:59:27,24.2,23.8,47,33,700,8,0.2,317
2021-05-10T19:15:16,24.2,24.0,45,35,600,8,0.4,319
2021-05-10T19:31:01,24.0,23.1,47,36,600,8,0.7,283
2021-05-10T19:46:46,23.8,21.9,52,37,700,8,0.7,31
2021-05-10T20:02:35,23.8,19.7,54,57,600,8,1.8,239
2021-05-10T20:18:15,23.8,19.2,53,57,600,7,0.6,335
2021-05-10T20:33:54,23.7,18.7,50,57,600,7,2.3,279
2021-05-10T20:49:38,23.4,17.7,49,58,600,8,1.6,273
2021-05-10T21:05:28,23.3,17.3,47,59,600,7,0.9,223
2021-05-10T21:21:07,23.3,16.6,48,62,600,8,1.4,228
2021-05-10T21:36:46,23.3,16.6,49,63,600,8,0.7,218
2021-05-10T21:52:26,23.1,16.5,50,65,600,9,0.7,268
2021-05-10T22:08:15,23.1,16.5,50,65,600,9,1.0,162
2021-05-10T22:24:01,23.0,15.8,49,66,700,9,0.7,248
2021-05-10T22:39:41,23.0,15.8,52,68,700,9,1.3,272
2021-05-10T22:55:26,22.8,14.5,54,72,700,10,1.0,77
2021-05-10T23:11:14,22.9,14.3,55,75,800,10,0.2,224
2021-05-10T23:26:52,23.0,14.3,55,72,700,10,0.5,215
2021-05-10T23:42:31,22.9,14.1,53,71,800,10,1.8,278
2021-05-10T23:58:10,22.9,13.9,54,73,800,10,0.5,238
2021-05-11T00:13:59,23.0,13.8,54,72,800,11,0.5,184
2021-05-11T00:29:38,22.9,13.5,54,78,800,11,0.6,245
2021-05-11T00:45:17,22.9,12.9,55,79,800,13,0.1,90
2021-05-11T01:01:06,22.9,12.9,55,79,1000,12,0.3,336
2021-05-11T01:16:45,22.9,12.6,56,80,900,12,0.6,154
2021-05-11T01:32:25,22.9,12.4,56,82,900,12,0.2,47
2021-05-11T01:48:03,22.9,12.2,56,83,900,12,0.4,195
2021-05-11T02:03:52,23.0,12.0,56,83,900,13,0.7,9
2021-05-11T02:19:33,22.9,11.9,56,85,900,13,0.4,90
2021-05-11T02:35:11,22.9,11.4,56,85,900,12,0.2,227
2021-05-11T02:50:50,22.9,11.2,54,85,900,12,0.2,224
2021-05-11T03:06:39,22.7,11.0,56,86,900,14,0.2,265
2021-05-11T03:22:31,22.9,11.0,55,86,1000,15,0.4,109
2021-05-11T03:38:15,22.9,10.8,56,87,1000,14,0.2,181
2021-05-11T03:53:55,22.8,10.8,56,88,900,13,0.4,107
2021-05-11T04:09:45,22.9,10.8,56,88,1000,13,0.4,114
2021-05-11T04:25:30,22.8,10.9,56,86,1000,14,0.5,41
2021-05-11T04:41:10,22.9,11.1,55,85,1000,14,0.3,88
2021-05-11T04:56:49,22.8,10.0,56,88,1000,14,1.0,12
2021-05-11T05:12:38,22.7,10.2,56,88,1000,15,0.7,324
2021-05-11T05:28:17,22.8,10.3,55,88,1000,15,0.9,302
2021-05-11T05:44:01,22.8,9.9,55,88,1000,16,0.7,88
2021-05-11T05:59:47,22.7,9.7,54,89,1000,16,0.3,342
2021-05-11T06:15:36,22.7,9.9,55,88,1000,16,0.5,333
2021-05-11T06:31:15,22.7,10.4,55,85,1100,16,1.6,306
2021-05-11T06:47:01,22.7,10.8,54,80,1000,16,0.8,268
2021-05-11T07:02:50,22.7,10.8,53,79,1000,15,0.4,74
2021-05-11T07:18:28,22.6,11.0,52,77,1000,14,1.0,157
2021-05-11T07:34:14,22.6,11.0,52,77,1000,13,0.4,147
2021-05-11T07:49:53,22.6,10.9,52,77,1000,13,0.2,3
2021-05-11T08:05:41,22.7,10.7,53,78,1000,13,0.7,11
2021-05-11T08:11:11,22.7,11.6,53,78,1000,13,0.6,213
2021-05-11T08:26:53,22.7,12.1,53,76,1000,13,3.3,304
2021-05-11T08:42:30,22.7,12.7,52,74,900,13,3.5,262
2021-05-11T08:58:05,22.7,12.3,53,74,900,12,2.4,341
2021-05-11T09:13:50,22.5,12.7,52,73,800,12,1.8,93
2021-05-11T09:29:26,22.2,12.4,52,71,800,12,2.5,301
2021-05-11T09:45:02,22.3,13.7,54,66,800,11,5.0,288
2021-05-11T10:00:46,22.3,14.1,52,64,900,13,2.9,6
2021-05-11T10:16:28,22.6,14.8,53,60,1000,12,2.9,243
2021-05-11T10:32:10,22.5,15.3,52,59,1000,10,5.8,270
2021-05-11T10:47:46,22.6,15.7,52,55,1000,12,3.0,35
2021-05-11T11:03:32,22.6,15.5,50,57,1000,12,0.2,215
2021-05-11T11:19:07,22.7,15.9,50,56,1000,11,3.1,302
2021-05-11T11:34:45,22.8,16.2,48,54,900,10,3.4,296
2021-05-11T11:50:32,22.5,15.9,47,53,800,9,1.4,179
2021-05-11T12:06:23,22.7,16.3,46,52,800,10,1.4,284
2021-05-11T12:22:02,22.7,16.5,43,51,900,9,0.7,292
2021-05-11T12:37:42,22.7,17.0,43,48,800,11,2.1,143
2021-05-11T12:53:22,22.8,17.4,42,46,800,10,1.4,26
2021-05-11T13:09:13,22.8,17.8,41,42,800,10,0.7,180
2021-05-11T13:24:54,22.8,17.7,40,42,800,10,2.3,277
2021-05-11T13:40:34,22.8,17.6,40,43,800,10,11.1,321
2021-05-11T13:56:16,23.0,18.7,40,42,800,10,2.5,209
2021-05-11T14:12:06,23.0,18.4,39,40,700,9,2.0,59
2021-05-11T14:27:53,23.1,18.9,38,40,700,8,1.1,301
2021-05-11T14:43:34,23.1,19.4,38,38,700,8,5.4,286
2021-05-11T14:59:15,23.1,19.5,37,36,700,8,1.5,118
2021-05-11T15:15:06,23.1,19.9,35,32,700,7,1.3,203
2021-05-11T15:30:48,23.2,19.6,34,31,600,7,3.2,69
2021-05-11T15:46:28,23.3,20.0,33,30,600,7,1.8,37
2021-05-11T16:02:25,23.3,20.2,34,31,600,7,3.2,345
2021-05-11T16:18:06,23.3,20.1,33,30,600,7,1.5,271
2021-05-11T16:33:48,23.5,20.4,32,29,600,7,4.7,90
2021-05-11T16:49:28,23.4,20.1,33,30,600,7,3.8,109
2021-05-11T17:05:25,23.6,20.4,34,30,700,8,2.9,10
2021-05-11T17:21:06,23.6,20.3,34,30,700,8,3.5,306
2021-05-11T17:36:48,23.6,20.3,34,31,600,8,2.2,92
2021-05-11T17:52:28,23.6,19.9,34,31,600,7,4.7,84
2021-05-11T18:08:19,23.6,20.0,34,31,600,7,2.0,214
2021-05-11T18:24:00,23.6,20.0,34,30,600,7,1.7,195
2021-05-11T18:39:48,23.6,19.7,35,31,600,8,1.4,132
2021-05-11T18:55:28,23.6,19.9,34,31,600,7,2.7,134
2021-05-11T19:11:19,23.6,19.6,34,32,600,6,1.9,15
2021-05-11T19:27:00,23.6,19.4,32,30,600,6,1.9,15
2021-05-11T19:42:41,23.5,18.9,33,31,600,7,2.1,38
2021-05-11T19:58:22,23.6,18.6,34,35,600,7,2.8,314
2021-05-11T20:14:12,23.5,18.3,34,35,600,6,1.4,265
2021-05-11T20:29:53,23.3,17.6,35,36,600,6,1.8,270
2021-05-11T20:45:33,23.2,17.4,36,37,700,7,2.9,301
2021-05-11T21:01:24,23.1,16.2,37,41,700,8,1.3,120
2021-05-11T21:17:06,23.0,15.8,37,41,800,9,1.0,260
2021-05-11T21:32:47,22.9,15.2,38,42,700,8,1.3,293
2021-05-11T21:48:28,22.9,15.0,37,42,800,9,1.8,316
2021-05-11T22:04:18,22.9,14.3,39,47,900,9,1.3,280
2021-05-11T22:19:59,22.9,13.7,39,50,900,10,1.1,314
2021-05-11T22:35:41,22.9,13.5,38,50,800,10,1.5,299
2021-05-11T22:51:22,22.8,13.0,40,52,900,10,0.2,113
2021-05-11T23:07:13,22.8,12.9,39,52,900,10,0.4,152
2021-05-11T23:22:54,22.8,12.3,42,54,1000,12,1.2,78
2021-05-11T23:38:35,22.7,12.3,41,54,900,11,0.2,206
2021-05-11T23:54:16,22.7,12.0,41,57,1000,14,0.3,293
2021-05-12T00:10:06,22.9,11.8,41,57,1000,13,0.0,2
2021-05-12T00:25:47,22.8,11.2,43,59,1000,14,0.4,39
2021-05-12T00:41:28,22.8,11.3,43,59,1000,14,0.6,48
2021-05-12T00:57:09,22.8,11.0,43,59,1100,13,0.9,21
2021-05-12T01:12:59,22.8,10.3,44,63,1000,14,0.3,259
2021-05-12T01:28:41,22.6,9.5,45,66,1100,14,0.4,60
2021-05-12T01:44:28,22.6,9.0,46,69,1100,15,0.3,209
2021-05-12T02:00:10,22.5,9.0,45,69,1200,15,0.0,182
2021-05-12T02:16:01,22.7,9.7,45,64,1200,14,0.4,25
2021-05-12T02:31:43,22.6,10.0,45,64,1200,15,1.0,56
2021-05-12T02:47:25,22.6,8.8,46,69,1300,16,0.0,1
2021-05-12T03:03:15,22.5,8.7,46,70,1300,16,0.0,81
2021-05-12T03:19:02,22.6,8.9,46,72,1300,16,0.1,2
2021-05-12T03:34:43,22.5,8.1,47,75,1300,17,0.2,151
2021-05-12T03:50:24,22.7,8.1,48,76,1300,17,0.2,179
2021-05-12T04:06:15,22.6,7.9,48,77,1200,16,0.0,0
2021-05-12T04:21:57,22.6,8.4,48,77,1300,18,0.4,268
2021-05-12T04:37:38,22.6,8.2,48,77,1300,16,0.7,131
2021-05-12T04:53:19,22.6,8.1,48,76,1300,16,0.2,232
2021-05-12T08:08:03,22.7,9.9,50,73,1200,16,0.3,311
2021-05-12T08:23:46,22.7,10.3,50,73,1300,17,0.4,21
2021-05-12T08:39:31,22.9,10.3,50,75,1200,15,1.1,223
2021-05-12T08:55:17,22.7,10.3,51,72,1200,18,0.1,223
2021-05-12T09:11:58,22.7,12.2,52,69,1300,17,0.5,213
2021-05-12T09:27:37,22.9,13.0,51,65,1200,15,0.2,137
2021-05-12T09:43:18,22.9,14.3,51,62,1200,14,0.5,327
2021-05-12T09:58:59,22.9,15.8,49,58,1100,12,0.1,160
2021-05-12T10:14:48,22.8,15.3,48,57,1000,12,0.2,217
2021-05-12T10:30:28,22.8,15.2,47,58,1000,12,0.6,197
2021-05-12T10:32:39,22.8,15.7,47,55,1000,12,1.1,217
2021-05-12T10:48:15,22.9,16.5,48,49,1000,10,1.0,261
2021-05-12T11:04:00,23.0,16.5,50,52,1200,9,0.6,251
2021-05-12T11:19:35,22.8,17.0,48,50,1000,8,2.3,201
2021-05-12T11:35:16,22.9,18.0,48,49,900,8,4.6,278
2021-05-12T11:50:51,23.1,18.8,47,47,800,8,3.3,23
2021-05-12T12:06:36,23.1,19.4,46,46,800,8,1.0,123
2021-05-12T12:22:11,23.1,19.8,44,45,700,8,1.0,171
2021-05-12T12:37:53,23.1,20.0,44,44,700,8,2.4,322
2021-05-12T12:53:30,23.1,20.4,43,43,700,8,1.1,97
2021-05-12T13:09:14,23.2,20.1,44,47,700,8,0.9,311
2021-05-12T13:24:50,23.2,20.9,43,44,700,8,0.6,267
2021-05-12T13:40:25,23.2,21.3,43,43,600,7,1.9,312
2021-05-12T13:56:02,23.3,21.3,43,43,600,7,0.6,110
2021-05-12T14:11:45,23.6,22.3,42,42,600,6,1.8,66
2021-05-12T14:27:20,23.6,21.6,41,41,600,5,0.8,331
2021-05-12T14:42:57,23.6,22.6,40,39,600,5,1.8,320
2021-05-12T14:58:32,23.8,23.1,41,38,600,5,0.8,277
2021-05-12T15:14:16,23.8,22.5,40,40,600,5,1.4,281
2021-05-12T15:29:57,23.7,20.1,43,48,600,5,1.4,117
2021-05-12T15:45:33,23.3,19.7,49,48,700,6,1.8,116
2021-05-12T16:01:17,23.1,15.5,55,73,700,8,1.6,109
2021-05-12T16:16:53,23.1,18.0,58,66,800,9,0.5,156
2021-05-12T16:32:35,23.2,19.3,56,66,800,8,1.3,104
2021-05-12T16:48:10,23.5,21.2,53,56,700,7,0.8,170
2021-05-12T17:03:55,23.8,21.8,49,49,600,7,1.0,175
2021-05-12T17:19:31,24.0,22.6,47,45,700,6,0.5,166
2021-05-12T17:35:07,24.2,22.3,47,46,700,8,0.7,127
2021-05-12T17:50:42,24.8,22.5,45,44,800,8,3.0,296
2021-05-12T18:06:33,24.8,22.2,47,44,800,8,0.7,323
2021-05-12T18:22:14,24.2,21.9,47,43,600,7,0.9,283
2021-05-12T18:37:56,24.2,22.0,44,41,700,7,0.2,70
2021-05-12T18:53:31,24.3,21.7,44,42,700,7,0.6,126
2021-05-12T19:09:15,24.8,21.5,45,42,800,8,1.2,60
2021-05-12T19:24:51,24.6,20.9,47,44,800,8,1.5,325
2021-05-12T19:40:27,24.5,20.7,45,47,800,8,1.3,304
2021-05-12T19:56:08,24.1,20.0,44,48,700,8,0.5,78
2021-05-12T20:11:52,23.8,19.2,47,52,700,7,1.4,5
2021-05-12T20:27:39,23.4,18.1,52,60,700,6,1.1,37
2021-05-12T20:43:15,23.3,16.2,54,67,700,7,0.4,19
2021-05-12T20:58:57,23.1,15.7,54,71,800,8,0.4,152
2021-05-12T21:14:41,22.9,15.3,55,72,800,8,0.5,244
2021-05-12T21:30:16,22.9,15.0,52,68,800,9,1.1,313
2021-05-12T21:45:51,23.0,15.7,50,65,800,8,1.2,0
2021-05-12T22:01:42,23.0,15.8,50,64,800,8,0.8,285
2021-05-12T22:17:17,23.0,15.7,51,65,800,8,0.9,223
2021-05-12T22:32:53,22.9,15.7,51,63,800,9,1.8,96
2021-05-12T22:48:29,23.0,16.1,47,61,800,8,0.6,325
2021-05-12T23:04:12,22.8,15.9,49,61,700,8,0.4,312
2021-05-12T23:19:47,22.9,15.8,47,60,800,8,1.6,163
2021-05-12T23:35:24,22.9,15.3,46,61,800,8,0.6,325
2021-05-12T23:51:06,22.8,15.0,46,60,800,9,1.1,194
2021-05-13T00:06:49,22.9,14.6,49,64,800,8,0.5,297
2021-05-13T00:22:31,22.8,13.8,50,67,900,8,1.4,275
2021-05-13T00:38:13,22.9,13.7,49,67,900,9,1.6,100
2021-05-13T00:53:55,22.8,13.1,48,66,900,9,2.7,336
2021-05-13T01:09:44,22.8,12.6,47,67,900,9,1.6,86
2021-05-13T01:25:19,22.7,11.9,48,69,1000,10,2.9,137
2021-05-13T01:40:55,22.9,11.6,49,70,1100,11,1.4,30
2021-05-13T01:56:31,22.8,11.6,49,69,1000,10,1.2,165
2021-05-13T02:12:15,22.8,11.5,49,70,1100,10,1.3,174
2021-05-13T02:27:52,22.8,11.5,48,69,1000,10,1.5,337
2021-05-13T02:43:28,22.7,11.3,47,68,1000,11,3.7,286
2021-05-13T02:59:04,22.7,11.2,47,68,1000,11,3.4,79
2021-05-13T03:14:48,22.7,10.8,48,70,1100,12,1.7,96
2021-05-13T03:30:23,22.7,10.6,48,70,1000,11,0.7,77
2021-05-13T03:45:59,22.7,10.3,47,71,1100,11,0.9,235
2021-05-13T04:01:43,22.8,10.0,48,72,1100,12,1.4,334
2021-05-13T04:17:19,22.6,10.1,48,71,1100,13,1.3,126
2021-05-13T04:32:56,22.7,10.0,47,72,1100,14,0.3,201
2021-05-13T04:48:32,22.7,9.9,48,72,1100,13,2.1,102
2021-05-13T05:04:16,22.7,9.6,49,73,1200,14,1.9,133
2021-05-13T05:19:57,22.7,9.5,48,73,1200,13,1.6,137
2021-05-13T05:35:34,22.7,9.2,47,74,1100,13,4.3,269
2021-05-13T05:51:10,22.7,9.0,47,74,1200,13,1.4,342
2021-05-13T06:06:54,22.7,8.9,48,74,1200,13,0.7,167
2021-05-13T06:22:30,22.8,8.9,47,75,1100,13,0.2,202
2021-05-13T06:38:06,22.6,8.8,48,74,1200,14,0.2,262
2021-05-13T06:53:42,22.6,8.7,49,75,1300,15,0.1,299
2021-05-13T07:09:32,22.6,8.3,49,75,1200,14,1.1,88
2021-05-13T07:25:08,22.6,8.5,49,76,1200,14,1.3,293
2021-05-13T07:40:44,22.7,8.7,49,76,1300,13,0.9,149
2021-05-13T07:56:19,22.7,9.0,49,74,1200,13,0.9,325
2021-05-13T08:12:04,22.7,9.7,50,72,1300,13,0.7,276
2021-05-13T08:27:41,22.7,11.0,50,69,1300,13,1.3,83
2021-05-13T08:43:12,22.8,11.6,49,68,1200,12,0.3,166
2021-05-13T08:58:44,22.6,11.5,50,67,1100,11,0.2,179
2021-05-13T09:14:31,22.9,12.1,49,67,1200,11,0.3,164
2021-05-13T09:30:02,22.8,12.5,49,65,1000,10,2.5,292
2021-05-13T09:45:34,22.7,12.8,51,64,1200,10,1.2,236
2021-05-13T10:01:15,22.7,14.0,50,61,1100,10,0.4,215
2021-05-13T10:16:47,22.7,14.9,52,58,1200,10,1.8,206
2021-05-13T10:32:25,22.7,15.3,51,57,1100,9,0.4,341
2021-05-13T10:47:57,22.8,15.7,52,56,1300,10,0.9,74
2021-05-13T11:03:37,22.8,16.0,50,55,1000,8,0.6,121
2021-05-13T11:19:16,22.9,17.1,47,53,900,8,0.8,342
2021-05-13T11:34:50,22.9,17.2,47,52,900,8,1.3,233
2021-05-13T11:50:26,23.0,18.4,46,50,900,8,1.1,114
2021-05-13T12:06:10,22.9,18.7,45,46,800,8,1.3,148
2021-05-13T12:21:45,23.0,19.5,43,45,800,8,0.6,5
2021-05-13T12:37:26,23.1,19.7,41,43,700,7,1.5,62
2021-05-13T12:43:16,23.1,20.0,41,43,700,7,1.1,313
2021-05-13T12:48:04,23.1,20.0,42,42,700,7,3.2,307
2021-05-13T13:03:52,23.1,20.2,41,42,700,7,2.3,270
2021-05-13T13:19:38,23.2,21.1,41,40,700,7,3.2,290
2021-05-13T13:35:10,23.3,20.8,40,39,700,6,4.9,241
2021-05-13T13:50:43,23.5,21.8,39,37,600,5,1.7,234
2021-05-13T14:06:25,23.6,21.3,38,37,600,4,1.5,235
2021-05-13T14:21:55,23.7,21.2,38,37,600,5,2.2,323
2021-05-13T14:37:24,23.7,21.6,39,36,600,5,1.8,99
2021-05-13T14:52:54,23.8,21.7,39,37,600,5,4.7,304
2021-05-13T15:08:31,23.8,20.7,40,39,600,5,1.8,209
2021-05-13T15:24:01,23.8,20.8,40,40,600,7,0.2,44
2021-05-13T15:39:30,23.7,20.1,40,42,600,6,0.7,276
2021-05-13T15:55:00,23.6,19.5,41,44,600,4,1.5,278
2021-05-13T16:10:42,23.6,20.5,42,43,700,5,2.3,300
2021-05-13T16:26:14,23.6,20.4,41,42,600,5,0.7,204
2021-05-13T16:41:44,23.8,20.9,42,40,700,5,2.6,314
2021-05-13T16:57:14,23.8,20.8,41,40,700,5,2.0,283
2021-05-13T17:12:51,23.9,20.6,41,41,600,6,1.9,233
2021-05-13T17:28:20,23.8,20.3,41,41,700,7,1.1,298
2021-05-13T17:43:50,23.8,20.8,42,41,700,7,1.9,83
2021-05-13T17:59:19,23.9,20.8,42,43,700,7,0.6,131
2021-05-13T18:15:02,23.8,20.1,43,44,700,7,1.8,109
2021-05-13T18:30:32,23.4,18.3,49,57,700,5,0.3,34
2021-05-13T18:46:02,23.2,17.6,51,58,700,6,1.3,329
2021-05-13T19:01:39,23.2,16.5,55,66,800,6,1.8,291
2021-05-13T19:17:09,23.2,16.3,56,70,800,7,2.1,233
2021-05-13T19:32:38,23.1,15.9,56,71,800,7,1.3,267
2021-05-13T19:48:08,23.1,15.5,56,73,800,7,2.7,270
2021-05-13T20:03:44,23.1,15.6,56,71,900,8,1.0,256
2021-05-13T20:19:23,23.1,15.6,56,70,900,7,1.1,277
2021-05-13T20:34:56,23.1,15.7,56,71,800,8,1.0,268
2021-05-13T20:50:29,22.9,15.4,56,73,900,8,1.4,258
2021-05-13T21:06:10,22.8,14.8,58,77,800,8,1.7,225
2021-05-13T21:21:49,23.0,14.0,57,81,800,8,1.6,251
2021-05-13T21:37:21,22.9,13.8,59,83,800,8,0.6,278
2021-05-13T21:52:54,22.9,13.9,59,84,800,8,1.1,263
2021-05-13T22:08:34,22.8,13.7,60,84,900,9,0.2,225
2021-05-13T22:24:07,23.0,13.3,60,86,900,9,0.4,238
2021-05-13T22:39:39,22.9,13.3,60,87,900,9,0.6,226
2021-05-13T22:55:11,22.9,13.4,60,88,900,8,2.1,258
2021-05-13T23:10:52,22.9,13.2,62,89,900,8,2.7,223
2021-05-13T23:26:25,23.0,12.8,62,91,1000,10,0.6,278
2021-05-13T23:41:57,23.0,12.6,62,92,900,10,1.6,229
2021-05-13T23:57:36,23.1,12.6,61,93,900,10,1.5,302
2021-05-14T00:13:16,23.1,12.6,61,93,900,9,2.3,240
2021-05-14T00:28:49,23.0,12.7,62,93,1000,9,1.6,245
2021-05-14T00:44:21,23.0,12.8,62,93,1000,10,0.7,282
2021-05-14T00:59:55,23.0,12.9,62,93,1000,10,1.2,273
2021-05-14T01:15:35,22.9,12.9,62,93,900,10,1.5,308
2021-05-14T01:31:08,22.9,12.8,61,93,900,10,0.2,1
2021-05-14T01:46:40,22.8,12.7,62,93,1000,10,1.6,297
2021-05-14T02:02:21,22.9,12.6,62,93,900,10,1.8,261
2021-05-14T02:17:54,22.8,12.8,62,93,1000,11,1.3,262
2021-05-14T02:33:26,22.9,12.7,61,93,1000,11,1.3,143
2021-05-14T02:48:59,23.0,12.5,61,93,1100,11,0.5,47
2021-05-14T03:04:39,22.9,12.4,61,93,900,9,1.3,225
2021-05-14T03:20:18,22.9,12.2,61,93,1000,10,1.5,281
2021-05-14T03:35:51,22.9,12.2,61,93,1000,11,0.3,314
2021-05-14T03:51:24,22.9,12.2,60,93,1000,10,0.9,219
2021-05-14T04:07:11,23.0,12.2,61,93,1000,9,0.7,274
2021-05-14T04:22:44,22.9,12.1,60,93,1000,10,1.1,261
2021-05-14T04:38:16,22.9,12.4,61,93,1000,11,0.9,304
2021-05-14T04:53:48,22.9,12.4,60,92,1000,11,1.4,282
2021-05-14T05:09:29,22.9,12.4,60,90,1000,11,1.0,341
2021-05-14T05:25:02,22.9,12.3,59,90,1000,10,1.6,292
2021-05-14T05:40:46,22.9,12.0,58,89,1000,9,1.4,266
2021-05-14T05:56:19,22.8,11.8,58,89,1000,10,0.6,305
2021-05-14T06:12:00,22.9,11.6,58,89,1100,10,0.9,53
2021-05-14T06:27:32,22.9,11.3,57,87,1000,10,1.9,294
2021-05-14T06:43:06,22.8,11.3,56,86,1000,11,0.8,255
2021-05-14T06:58:38,22.7,10.8,56,85,1000,11,1.5,148
2021-05-14T07:14:19,22.5,10.6,55,84,1000,11,1.6,304
2021-05-14T07:29:51,22.6,10.3,54,83,1100,11,1.0,289
2021-05-14T07:45:24,22.6,10.1,54,83,1000,11,0.7,219
2021-05-14T08:01:10,22.7,9.9,52,81,1000,10,1.6,298
2021-05-14T08:16:44,22.5,10.2,52,80,1000,11,1.6,319
2021-05-14T08:32:16,22.6,10.6,53,76,1200,11,0.2,57
2021-05-14T08:47:51,22.7,11.2,52,72,1200,11,4.9,315
2021-05-14T09:03:38,22.7,11.5,53,71,1200,11,1.8,322
2021-05-14T09:13:28,22.7,11.9,53,70,1200,10,0.5,107
2021-05-14T09:29:04,22.7,12.3,55,69,1200,11,0.7,333
2021-05-14T09:44:37,22.7,13.2,56,68,1300,10,0.9,271
2021-05-14T10:00:11,22.8,13.9,54,66,1200,11,1.3,71
2021-05-14T10:15:59,22.8,14.4,52,59,1000,9,2.1,101
2021-05-14T10:31:32,22.8,15.4,51,59,900,9,1.9,311
2021-05-14T10:47:06,22.8,16.3,51,58,900,8,1.4,238
2021-05-14T11:02:48,22.8,16.5,49,56,1000,8,0.6,133
2021-05-14T11:18:19,22.8,17.2,50,56,900,8,0.6,266
2021-05-14T11:33:52,22.8,17.6,49,54,800,8,1.8,302
2021-05-14T11:49:24,23.0,18.3,48,50,900,8,1.9,302
2021-05-14T12:05:04,23.1,18.4,51,52,1100,8,1.4,294
2021-05-14T12:20:37,23.1,18.6,50,52,800,7,1.8,103
2021-05-14T12:36:09,23.1,19.0,48,50,800,7,3.2,88
2021-05-14T12:51:41,23.1,18.9,49,51,700,7,4.4,339
2021-05-14T13:07:21,23.1,19.5,47,51,700,7,1.4,123
2021-05-14T13:22:53,23.1,19.2,46,51,700,6,0.8,280
2021-05-14T13:38:25,23.1,19.6,46,49,700,7,1.4,221
2021-05-14T13:53:57,23.2,19.9,44,48,700,6,2.0,311
2021-05-14T14:09:43,23.2,20.2,45,48,700,6,2.7,187
2021-05-14T14:25:19,23.2,20.4,43,46,600,6,1.1,192
2021-05-14T14:40:51,23.3,20.8,43,46,600,6,1.9,294
2021-05-14T14:56:23,23.3,20.4,43,44,600,5,1.1,125
2021-05-14T15:12:03,23.5,21.2,43,44,600,5,0.7,101
2021-05-14T15:27:35,23.6,20.7,43,46,600,6,1.6,289
2021-05-14T15:43:13,23.6,21.0,42,44,600,5,2.9,334
2021-05-14T15:58:45,23.7,21.2,42,41,600,5,3.9,302
2021-05-14T16:14:25,23.8,20.9,42,42,600,6,0.9,241
2021-05-14T16:29:57,23.9,21.0,40,40,700,6,2.6,214
2021-05-14T16:37:57,23.9,20.8,42,40,600,6,1.5,315
2021-05-14T16:53:40,23.9,20.8,41,40,700,7,1.6,305
2021-05-14T17:09:20,23.9,20.8,43,41,700,7,1.3,52
2021-05-14T17:24:52,23.9,20.3,41,41,700,6,0.2,233
2021-05-14T17:40:23,23.9,20.7,41,39,700,7,0.7,172
2021-05-14T17:55:55,24.1,21.0,40,36,700,6,1.8,212
2021-05-14T18:11:35,24.1,20.3,40,40,700,6,1.9,291
2021-05-14T18:27:09,24.1,20.4,40,41,700,7,1.6,273
2021-05-14T18:42:45,24.0,20.2,41,41,700,6,3.0,84
2021-05-14T18:58:19,24.0,20.4,41,41,700,7,2.7,352
2021-05-14T19:14:00,24.1,21.0,39,37,700,6,1.5,190
2021-05-14T19:29:33,24.2,20.1,38,36,700,6,1.8,118
2021-05-14T19:45:05,24.2,20.0,38,37,700,6,0.4,298
2021-05-14T20:00:45,24.0,19.3,35,35,700,6,1.1,221
2021-05-14T20:16:26,23.4,18.8,35,35,600,5,1.1,266
2021-05-14T20:31:58,23.3,18.1,37,39,600,5,1.2,44
2021-05-14T20:47:29,23.2,17.7,39,40,700,6,0.6,258
2021-05-14T21:03:10,23.2,17.1,39,42,700,6,0.8,203
2021-05-14T21:18:42,23.0,16.9,39,43,800,6,0.9,311
2021-05-14T21:34:14,22.9,16.6,39,44,700,6,0.2,9
2021-05-14T21:49:46,22.8,16.5,39,44,800,6,2.0,300
2021-05-14T22:05:26,22.9,16.5,39,46,700,7,0.2,110
2021-05-14T22:20:58,22.8,16.0,41,49,800,7,0.8,17
2021-05-14T22:36:31,23.0,16.3,41,49,800,7,1.4,282
2021-05-14T22:52:03,23.0,16.1,41,52,800,7,0.7,72
2021-05-14T23:07:49,22.9,15.9,42,53,800,6,0.3,35
2021-05-14T23:23:21,22.8,15.1,43,56,800,7,0.8,194
2021-05-14T23:38:53,22.8,14.7,44,57,800,6,0.3,238
2021-05-14T23:54:25,22.9,14.9,46,58,800,7,0.9,217
2021-05-15T00:10:05,22.8,14.8,44,60,800,6,0.2,302
2021-05-15T00:25:37,22.9,14.7,45,60,800,7,0.4,198
2021-05-15T00:41:09,22.9,14.9,45,58,800,7,0.9,246
2021-05-15T00:56:41,22.8,14.9,44,58,800,7,0.7,268
2021-05-15T01:12:22,22.7,14.7,45,60,800,7,0.5,243
2021-05-15T01:27:54,22.9,14.4,45,62,900,8,0.4,235
2021-05-15T01:43:25,22.7,14.3,44,59,900,8,0.9,146
2021-05-15T01:58:57,22.8,14.2,46,60,900,8,0.1,268
2021-05-15T02:14:43,22.8,13.3,46,64,800,8,0.2,230
2021-05-15T02:30:22,22.8,13.3,46,64,900,9,0.0,1
2021-05-15T02:45:54,22.8,13.4,46,63,1000,9,0.2,267
2021-05-15T03:01:35,22.8,13.3,46,63,1000,9,0.3,245
2021-05-15T03:17:07,22.8,13.0,48,66,1000,10,0.5,113
2021-05-15T03:32:39,22.9,12.4,47,67,1000,10,0.3,167
2021-05-15T03:48:11,22.8,12.2,48,68,1000,11,1.3,2
2021-05-15T04:03:51,22.9,11.8,47,69,1000,9,0.1,90
2021-05-15T04:19:23,22.9,11.6,47,70,1000,9,1.1,323
2021-05-15T04:34:55,22.9,10.7,48,72,1100,10,0.2,304
2021-05-15T04:50:26,22.8,9.9,49,73,1100,11,0.5,226
2021-05-15T05:06:07,22.8,9.4,49,74,1100,13,0.3,246
2021-05-15T05:21:39,22.7,9.5,49,74,1200,12,0.4,66
2021-05-15T05:37:11,22.7,9.4,49,76,1100,12,0.2,178
2021-05-15T05:52:43,22.7,9.1,50,77,1200,12,0.2,134
2021-05-15T06:08:24,22.7,9.1,50,77,1200,12,0.8,327
2021-05-15T06:23:56,22.7,8.9,50,78,1300,13,0.1,226
2021-05-15T06:39:28,22.7,8.9,52,79,1300,14,0.2,39
2021-05-15T06:55:12,22.7,9.6,50,77,1200,14,0.3,340
2021-05-15T07:10:52,22.7,9.2,51,79,1300,13,0.2,243
2021-05-15T07:26:24,22.7,9.2,52,80,1400,14,0.1,275
2021-05-15T07:41:56,22.9,9.5,53,78,1300,13,0.6,215
2021-05-15T07:57:28,22.8,10.5,53,76,1200,13,0.5,157
2021-05-15T08:13:09,22.8,10.8,54,75,1300,13,0.8,205
2021-05-15T08:28:41,22.8,12.2,52,69,1300,13,0.5,101
2021-05-15T08:44:13,22.8,13.8,51,63,1100,11,0.3,164
2021-05-15T08:59:45,23.0,14.9,51,62,1100,10,1.0,107
2021-05-15T09:15:25,22.9,16.1,51,60,1000,9,0.3,63
2021-05-15T09:31:06,22.9,16.9,49,56,1000,8,1.5,240
2021-05-15T09:46:41,23.0,17.6,49,55,900,7,0.2,227
2021-05-15T10:02:25,23.0,18.9,49,51,800,7,0.7,7
2021-05-15T10:18:06,22.9,19.6,49,49,900,8,0.6,88
2021-05-15T10:33:41,23.0,19.1,48,50,900,9,0.6,220
2021-05-15T10:49:16,23.0,19.3,49,49,900,8,0.4,198
2021-05-15T11:04:59,23.1,19.5,49,51,800,8,1.1,251
2021-05-15T11:20:34,23.1,20.3,48,48,800,8,2.6,218
2021-05-15T11:36:09,23.1,20.5,46,48,700,8,0.4,159
2021-05-15T11:51:44,23.2,20.7,46,47,700,8,1.1,302
2021-05-15T12:07:30,23.3,21.2,46,47,700,8,0.4,255
2021-05-15T12:23:05,23.3,21.4,46,46,700,7,0.2,1
2021-05-15T12:38:40,23.6,22.1,47,46,700,6,0.5,244
2021-05-15T12:54:15,23.8,22.9,46,46,600,6,1.3,315
2021-05-15T13:09:58,23.8,22.7,46,46,600,5,0.8,274
2021-05-15T13:25:34,23.9,22.3,46,47,600,5,1.2,283
2021-05-15T13:41:09,24.2,23.4,46,45,700,8,1.1,318
2021-05-15T13:56:44,24.3,23.3,46,46,600,7,0.5,245
2021-05-15T14:12:28,24.5,23.9,46,45,600,7,0.7,267
2021-05-15T14:28:09,24.8,24.1,49,45,700,8,1.4,179
2021-05-15T14:43:50,24.5,24.1,51,46,600,7,0.3,95
2021-05-15T14:59:26,24.8,24.9,50,45,600,7,0.6,22
2021-05-15T15:15:15,25.1,25.0,52,45,700,8,0.9,98
2021-05-15T15:30:56,25.0,26.2,55,43,700,8,2.9,108
2021-05-15T15:46:31,25.0,26.5,57,41,800,9,1.1,287
2021-05-15T16:02:15,25.0,25.7,56,44,700,8,0.5,249
2021-05-15T16:17:51,25.1,25.8,60,44,800,8,1.3,106
2021-05-15T16:33:26,25.1,25.2,62,45,900,8,1.6,124
2021-05-15T16:49:01,25.1,25.8,62,44,800,9,1.0,150
2021-05-15T17:04:45,25.1,25.3,59,47,800,9,1.3,271
2021-05-15T17:20:20,25.1,25.3,58,46,800,8,0.7,274
2021-05-15T17:35:56,25.1,25.0,60,48,800,9,1.5,101
2021-05-15T17:51:31,25.1,25.0,61,48,800,9,0.6,193
2021-05-15T18:07:14,25.1,25.8,60,45,800,9,0.2,139
2021-05-15T18:22:49,25.1,26.0,62,47,900,9,0.4,250
2021-05-15T18:38:24,25.2,26.2,60,46,800,8,0.2,324
2021-05-15T18:53:59,25.4,26.7,63,46,900,9,0.2,267
2021-05-15T19:09:42,25.4,25.7,63,50,900,8,0.8,238
2021-05-15T19:25:17,25.3,25.4,65,50,900,9,0.9,268
2021-05-15T19:40:52,25.3,25.4,64,51,800,9,0.6,225
2021-05-15T19:56:27,25.4,24.8,60,54,800,8,0.6,227
2021-05-15T20:12:10,25.4,24.4,64,54,800,9,0.5,192
2021-05-15T20:27:51,25.4,23.8,61,57,800,9,0.8,226
2021-05-15T20:43:27,25.0,22.9,61,61,700,8,0.4,233
2021-05-15T20:59:02,25.0,22.6,62,62,800,8,0.5,238
2021-05-15T21:14:45,25.0,22.2,61,61,700,8,0.0,1
2021-05-15T21:30:20,24.9,21.9,63,62,700,8,0.5,161
2021-05-15T21:45:55,24.6,21.0,65,67,700,8,0.3,221
2021-05-15T22:01:38,24.3,20.8,62,68,700,9,0.3,236
2021-05-15T22:17:14,24.0,20.2,62,69,600,8,0.3,40
2021-05-15T22:32:49,23.8,20.0,60,67,600,7,0.0,1
2021-05-15T22:48:30,23.8,20.1,59,65,600,7,0.5,248
2021-05-15T23:04:19,23.8,19.6,59,66,600,7,0.2,233
2021-05-15T23:20:00,23.8,19.2,58,67,600,6,0.3,19
2021-05-15T23:35:35,23.4,18.4,57,69,700,7,0.1,267
2021-05-15T23:51:11,23.3,18.0,57,70,700,7,0.3,228
2021-05-16T00:06:54,23.3,17.9,57,70,700,7,0.2,193
2021-05-16T00:22:35,23.3,17.9,58,70,700,7,0.2,216
2021-05-16T00:38:10,23.3,17.3,58,72,700,7,0.2,223
2021-05-16T00:53:45,23.2,16.7,58,74,700,8,0.1,179
2021-05-16T01:09:28,23.2,16.5,58,75,800,8,0.2,113
2021-05-16T01:25:03,23.2,16.7,58,74,800,8,0.0,2
2021-05-16T01:40:38,23.2,17.1,57,73,700,8,0.1,1
2021-05-16T01:56:13,23.3,16.9,58,74,700,9,0.3,320
2021-05-16T02:11:56,23.1,16.2,59,76,800,8,0.4,38
2021-05-16T02:27:31,23.1,16.3,59,76,800,8,0.3,224
2021-05-16T02:43:06,23.1,16.0,60,76,800,8,0.8,88
2021-05-16T02:58:42,23.1,16.0,59,77,800,8,0.4,90
2021-05-16T03:14:26,23.1,15.9,60,78,800,8,0.3,334
2021-05-16T03:30:07,23.1,16.0,60,79,800,8,0.1,6
2021-05-16T03:45:42,23.1,15.8,60,80,800,8,0.2,268
2021-05-16T04:01:25,23.1,15.8,60,80,800,8,0.6,344
2021-05-16T04:17:01,23.1,16.0,60,79,800,8,0.7,293
2021-05-16T04:32:35,23.1,16.0,60,79,800,8,0.1,266
2021-05-16T04:48:16,23.1,16.2,60,78,800,8,0.8,259
2021-05-16T05:04:00,23.2,16.5,59,76,800,8,0.6,319
2021-05-16T05:19:35,23.2,17.0,60,75,700,8,0.5,334
2021-05-16T05:35:10,23.2,16.8,59,76,700,8,0.2,223
2021-05-16T05:50:46,23.2,16.7,60,76,700,8,0.6,248
2021-05-16T06:06:30,23.2,16.5,60,77,800,8,0.3,338
2021-05-16T06:22:05,23.2,16.5,60,77,800,8,0.7,313
2021-05-16T06:37:40,23.1,16.1,60,79,800,8,0.3,145
2021-05-16T06:53:15,23.1,15.8,61,80,800,8,0.2,16
2021-05-16T07:08:59,22.9,15.7,61,80,900,9,0.4,95
2021-05-16T07:24:34,23.0,15.8,60,80,800,9,0.6,329
2021-05-16T07:40:15,23.0,16.1,60,79,800,9,0.3,86
2021-05-16T07:55:51,22.9,16.3,61,78,700,8,0.7,53
2021-05-16T08:11:35,23.0,17.8,60,73,700,8,0.2,132
2021-05-16T08:27:10,23.2,18.4,60,72,700,8,1.5,275
2021-05-16T08:42:51,23.2,19.1,60,69,700,8,1.9,271
2021-05-16T08:58:32,23.5,20.0,60,68,700,7,1.2,249
2021-05-16T09:14:22,23.6,20.4,58,66,600,7,2.3,302
2021-05-16T09:29:57,23.8,21.0,59,63,700,7,1.7,118
2021-05-16T09:45:38,23.9,21.2,58,63,700,6,1.2,0
2021-05-16T10:01:22,24.0,21.4,56,61,600,8,1.6,240
2021-05-16T10:16:57,24.2,21.9,56,61,700,8,1.6,93
2021-05-16T10:32:31,24.3,22.3,56,60,700,9,0.3,207
2021-05-16T10:48:07,24.8,22.8,56,59,700,9,0.9,318
2021-05-16T11:03:50,24.8,23.1,56,57,700,9,0.9,34
2021-05-16T11:19:26,24.8,23.1,57,56,700,8,0.6,1
2021-05-16T11:35:01,24.8,24.0,57,55,600,8,1.8,253
2021-05-16T11:50:36,24.9,24.2,56,54,600,8,3.3,120
2021-05-16T12:06:20,25.1,24.7,59,52,700,8,5.3,328
2021-05-16T12:21:55,25.1,25.2,60,51,700,8,0.9,259
2021-05-16T12:37:30,25.0,25.1,60,52,700,8,1.8,306
2021-05-16T12:53:05,25.0,26.3,59,48,700,8,3.7,131
2021-05-16T13:08:48,25.1,25.8,60,49,700,8,2.4,13
2021-05-16T13:24:23,25.1,26.5,61,47,700,9,2.0,103
2021-05-16T13:39:58,25.1,26.6,61,46,700,9,2.3,277
2021-05-16T13:55:34,25.1,24.7,59,51,700,9,2.1,283
2021-05-16T14:11:18,25.2,25.9,60,47,700,8,1.0,286
2021-05-16T14:26:54,25.2,26.2,61,45,700,9,0.3,48
2021-05-16T14:42:29,25.3,27.0,59,44,700,8,0.8,238
2021-05-16T14:58:05,25.3,26.6,62,44,800,9,3.0,137
2021-05-16T15:13:49,25.3,26.8,61,44,700,9,1.4,296
2021-05-16T15:29:24,25.4,26.9,62,45,800,9,2.0,340
2021-05-16T15:45:05,25.4,27.0,58,43,800,9,0.5,285
2021-05-16T16:00:48,25.4,26.4,61,44,800,9,2.3,327
2021-05-16T16:16:23,25.4,26.6,59,46,800,9,2.8,166
2021-05-16T16:32:05,25.4,25.6,61,49,800,9,1.3,93
2021-05-16T16:47:46,25.3,25.7,62,49,800,10,2.8,303
2021-05-16T17:03:30,25.4,26.1,62,49,800,10,0.7,131
2021-05-16T17:19:06,25.4,26.0,60,49,800,9,0.9,320
2021-05-16T17:34:47,25.6,27.1,62,45,800,9,2.0,275
2021-05-16T17:50:22,25.8,28.0,64,44,800,10,1.1,92
2021-05-16T18:06:05,25.8,27.3,63,44,800,9,0.6,140
2021-05-16T18:21:40,25.9,27.8,62,44,800,10,2.0,77
2021-05-16T18:37:15,26.1,27.9,61,43,800,10,0.9,264
2021-05-16T18:52:56,26.1,27.5,59,43,900,9,0.7,139
2021-05-16T19:08:46,26.0,26.6,64,45,800,9,0.7,331
2021-05-16T19:24:21,25.9,26.8,62,45,800,8,2.5,123
2021-05-16T19:39:57,26.0,26.8,60,43,800,9,1.1,230
2021-05-16T19:55:31,25.9,26.1,58,46,800,9,2.1,140
2021-05-16T20:11:15,25.8,25.2,60,48,800,9,0.9,281
2021-05-16T20:26:51,25.7,24.5,62,53,800,9,1.6,110
2021-05-16T20:42:26,25.6,24.2,59,54,800,9,1.3,96
2021-05-16T20:58:02,25.4,23.5,59,56,800,9,0.5,22
2021-05-16T21:13:52,25.3,23.1,58,57,800,8,0.5,226
2021-05-16T21:29:27,25.1,22.2,61,59,700,9,0.7,212
2021-05-16T21:45:08,25.0,21.6,60,62,700,9,0.7,231
2021-05-16T22:00:58,25.0,21.1,61,63,700,9,1.4,112
2021-05-16T22:16:33,24.6,20.6,59,65,700,8,0.8,225
2021-05-16T22:32:08,24.7,20.3,60,65,700,10,2.3,117
2021-05-16T22:47:44,24.6,20.0,60,66,800,10,2.3,93
2021-05-16T23:03:27,24.1,19.6,58,67,700,9,0.1,268
2021-05-16T23:19:03,24.0,19.0,59,68,600,7,0.1,174
2021-05-16T23:34:38,23.8,18.8,58,69,600,6,1.4,139
2021-05-16T23:50:14,23.7,17.9,58,70,600,6,2.7,294
2021-05-17T00:05:56,23.3,17.4,56,70,600,7,1.0,20
2021-05-17T00:21:32,23.3,16.6,55,70,600,7,2.1,294
2021-05-17T00:37:06,23.3,16.0,53,70,600,7,4.6,275
2021-05-17T00:52:41,23.1,15.8,52,68,600,7,1.6,304
2021-05-17T01:08:25,23.1,15.3,52,69,700,7,2.2,250
2021-05-17T01:24:00,23.0,15.1,52,70,700,7,3.7,230
2021-05-17T01:39:34,23.0,14.9,52,71,700,7,2.0,288
2021-05-17T01:55:15,23.0,14.8,51,70,700,7,1.8,260
2021-05-17T02:11:00,23.1,14.6,51,70,700,8,2.2,313
2021-05-17T02:26:34,23.1,14.6,51,69,600,7,0.9,157
2021-05-17T02:42:09,22.8,14.6,51,69,700,8,2.1,128
2021-05-17T02:57:45,22.8,13.9,51,72,700,7,1.7,239
2021-05-17T03:13:35,22.8,13.4,51,73,700,7,2.4,281
2021-05-17T03:29:10,22.8,13.2,50,72,700,8,4.5,288
2021-05-17T03:44:45,22.8,13.0,51,72,800,8,1.8,263
2021-05-17T04:00:20,22.8,12.9,50,72,800,8,2.6,286
2021-05-17T04:16:09,22.8,12.7,50,73,800,9,3.0,301
2021-05-17T04:31:44,22.8,12.7,51,72,800,9,1.8,297
2021-05-17T04:47:19,22.8,12.7,49,72,800,9,0.5,293
2021-05-17T05:03:03,22.9,12.7,49,71,900,10,1.0,50
2021-05-17T05:18:38,22.9,12.7,47,71,800,9,0.2,207
2021-05-17T05:34:13,22.8,12.4,49,71,800,9,1.0,159
2021-05-17T05:49:48,22.8,12.0,50,72,900,10,0.7,229
2021-05-17T06:05:33,22.8,11.6,49,73,900,11,0.7,220
2021-05-17T06:21:07,22.9,11.8,49,73,900,12,1.1,285
2021-05-17T06:36:42,22.9,11.8,49,72,900,11,0.5,130
2021-05-17T06:52:17,22.8,12.0,48,71,900,10,0.9,289
2021-05-17T07:08:00,22.8,11.9,49,71,900,10,0.6,313
2021-05-17T07:23:35,22.9,11.8,48,70,900,9,1.4,105
2021-05-17T07:39:11,22.9,12.0,50,70,900,8,1.8,20
2021-05-17T07:54:47,22.8,12.0,48,70,900,8,0.7,345
2021-05-17T08:10:29,22.9,12.1,50,70,1000,9,1.7,68
2021-05-17T08:26:05,22.8,12.2,50,70,900,8,0.9,264
2021-05-17T08:41:43,22.9,12.5,50,69,1000,8,1.8,303
2021-05-17T08:57:20,22.9,12.7,52,69,900,8,3.4,306
2021-05-17T09:13:02,22.8,13.2,53,68,1000,8,1.8,318
2021-05-17T09:28:35,22.9,13.7,50,66,1000,8,0.6,278
2021-05-17T09:44:09,22.9,14.4,51,64,900,8,0.7,320
2021-05-17T09:59:41,23.1,14.8,50,63,1000,7,1.4,331
2021-05-17T10:15:24,22.8,15.8,53,58,900,8,1.6,154
2021-05-17T10:31:02,22.9,16.5,51,57,800,8,1.5,239
2021-05-17T10:46:35,22.9,17.1,48,54,800,8,0.9,233
2021-05-17T11:02:16,23.0,17.5,48,54,800,8,2.0,305
2021-05-17T11:17:48,23.1,18.4,46,49,700,8,3.0,311
2021-05-17T11:33:21,23.1,18.8,46,49,800,8,2.0,151
2021-05-17T11:48:54,23.2,18.8,46,50,700,7,1.7,193
2021-05-17T12:04:35,23.2,18.6,46,48,700,7,0.4,230
2021-05-17T12:20:07,23.2,18.9,43,46,700,6,1.4,235
2021-05-17T12:35:39,23.2,19.7,41,45,600,6,1.7,318
2021-05-17T12:51:11,23.2,19.8,41,42,600,7,3.2,90
2021-05-17T13:06:52,23.2,20.4,39,40,600,5,4.6,116
2021-05-17T13:22:24,23.5,20.5,38,39,600,5,3.1,312
2021-05-17T13:38:02,23.5,20.7,39,39,600,5,1.3,157
2021-05-17T13:53:35,23.6,21.3,37,37,600,5,3.1,302
2021-05-17T14:09:15,23.8,21.6,36,36,600,4,2.3,267
2021-05-17T14:24:47,23.8,21.7,37,34,600,6,0.5,289
2021-05-17T14:40:20,23.9,21.8,37,36,600,6,2.8,306
2021-05-17T14:55:52,24.0,22.7,37,34,600,7,0.4,256
2021-05-17T15:11:32,24.2,22.1,37,33,600,7,1.4,258
2021-05-17T15:27:04,24.4,22.3,37,34,600,7,3.6,282
2021-05-17T15:42:36,24.7,22.5,35,31,700,8,3.5,297
2021-05-17T15:58:15,24.8,23.0,39,31,600,7,1.3,261
2021-05-17T16:13:55,24.4,22.5,39,32,600,6,3.4,272
2021-05-17T16:29:27,24.3,23.1,37,30,600,6,3.2,293
2021-05-17T16:44:59,24.8,23.3,36,28,600,7,1.2,85
2021-05-17T17:00:40,25.0,23.7,46,31,700,8,1.2,260
2021-05-17T17:16:20,24.1,22.9,45,28,700,8,3.5,91
2021-05-17T17:31:52,23.8,23.0,43,30,700,6,0.7,105
2021-05-17T17:47:23,23.9,23.1,43,31,700,6,2.3,222
2021-05-17T18:03:04,24.3,23.0,40,31,700,6,3.5,276
2021-05-17T18:18:37,24.4,22.9,39,30,600,6,0.3,319
2021-05-17T18:34:10,24.8,22.5,41,30,700,6,1.1,182
2021-05-17T18:49:42,25.0,22.4,42,29,800,7,1.6,285
2021-05-17T19:05:28,24.3,22.3,43,32,800,8,0.8,245
2021-05-17T19:21:00,24.1,22.5,44,32,700,6,1.6,298
2021-05-17T19:36:33,24.0,21.8,41,33,600,5,3.2,277
2021-05-17T19:52:05,24.0,21.6,41,32,600,5,0.8,167
2021-05-17T20:07:46,24.0,21.3,41,34,700,6,0.7,229
2021-05-17T20:23:18,24.0,21.1,42,35,700,6,0.8,286
2021-05-17T20:38:50,23.8,20.8,45,38,600,6,0.2,325
2021-05-17T20:54:34,23.4,20.2,44,39,700,6,1.4,158
2021-05-17T21:10:14,23.4,19.1,43,41,800,7,0.4,310
2021-05-17T21:25:47,23.3,18.0,42,45,700,6,0.4,292
2021-05-17T21:41:19,23.3,17.8,40,46,700,5,0.3,318
2021-05-17T21:56:51,23.3,16.8,40,48,700,5,0.3,90
2021-05-17T22:12:38,23.2,16.4,41,49,600,5,0.2,0
2021-05-17T22:28:15,23.2,16.2,41,50,700,6,0.3,273
2021-05-17T22:43:47,23.2,16.2,41,50,600,6,0.8,200
2021-05-17T22:59:26,23.2,16.5,40,50,600,6,1.5,303
2021-05-17T23:15:06,22.9,16.3,42,50,700,6,0.1,0
2021-05-17T23:30:38,22.9,15.8,41,51,700,6,0.2,198
2021-05-17T23:46:10,23.0,16.0,41,51,700,6,0.2,238
2021-05-18T00:01:51,22.9,15.6,42,54,800,8,0.3,322
2021-05-18T00:17:23,23.0,14.2,43,58,800,7,0.0,4
2021-05-18T00:32:55,23.0,13.5,45,60,900,9,0.1,175
2021-05-18T00:48:33,23.0,13.6,45,59,800,8,0.4,322
2021-05-18T01:04:13,23.1,13.1,45,61,900,8,0.7,17
2021-05-18T01:19:45,23.1,13.0,45,63,800,8,0.7,199
2021-05-18T01:35:23,23.1,11.9,46,67,900,9,0.1,266
2021-05-18T01:50:56,23.0,11.2,46,69,900,10,1.2,137
2021-05-18T02:06:37,23.0,11.3,46,69,900,9,0.7,159
2021-05-18T02:22:09,23.0,11.2,46,69,1000,10,0.3,114
2021-05-18T02:37:41,22.9,10.6,46,71,1000,10,0.9,139
2021-05-18T02:53:19,22.9,10.4,47,72,1000,11,1.4,102
2021-05-18T03:08:59,22.9,10.7,49,73,1100,12,0.8,114
2021-05-18T03:24:31,22.9,10.7,50,76,1000,12,1.7,144
2021-05-18T03:40:03,22.9,11.0,52,79,1000,13,0.9,167
2021-05-18T03:55:35,22.9,10.9,52,79,1000,13,1.3,121
2021-05-18T04:11:15,22.9,11.2,53,81,1000,13,1.4,125
2021-05-18T04:26:47,22.9,11.3,54,80,1000,13,1.1,97
2021-05-18T04:42:20,22.8,11.4,54,80,900,12,1.1,108
2021-05-18T04:57:52,22.8,11.2,53,80,1000,12,0.9,86
2021-05-18T05:13:32,22.8,11.2,53,81,900,12,1.3,107
2021-05-18T05:29:04,22.8,11.1,53,82,1000,11,0.0,3
2021-05-18T05:44:36,22.8,11.1,53,82,1000,11,0.9,129
2021-05-18T06:00:08,22.9,11.3,53,82,1000,11,0.4,232
2021-05-18T06:15:50,22.8,11.3,54,82,1000,12,0.3,226
2021-05-18T06:31:22,22.9,11.0,54,82,1100,12,0.4,149
2021-05-18T06:46:54,22.9,11.0,54,83,1000,11,0.3,131
2021-05-18T07:02:35,22.8,11.2,54,82,1000,11,0.2,239
2021-05-18T07:18:07,22.8,11.2,55,82,1000,12,0.4,131
2021-05-18T07:33:39,23.0,11.5,56,82,1000,10,0.3,115
2021-05-18T07:49:11,22.9,11.9,57,82,1000,11,0.2,305
2021-05-18T08:04:51,22.8,12.5,57,80,900,10,1.7,90
2021-05-18T08:20:23,22.9,14.4,57,76,900,9,0.2,89
2021-05-18T08:35:55,22.9,14.9,59,74,800,10,1.0,228
2021-05-18T08:51:28,22.8,16.1,57,71,700,7,0.7,183
2021-05-18T09:07:11,22.6,16.4,57,69,700,7,1.2,244
2021-05-18T09:22:49,22.2,16.9,58,67,700,6,1.6,128
2021-05-18T09:38:23,22.0,17.3,57,67,700,6,1.1,247
2021-05-18T09:53:55,22.0,18.3,57,62,700,6,1.1,222
2021-05-18T10:09:36,22.0,19.0,55,61,600,6,0.6,222
2021-05-18T10:25:07,22.9,19.9,57,57,900,8,0.7,257
2021-05-18T10:40:39,23.2,20.8,56,54,800,8,0.6,137
2021-05-18T10:56:23,23.2,21.3,53,52,700,7,0.4,227
2021-05-18T11:12:04,23.2,21.6,54,51,700,7,1.3,217
2021-05-18T11:26:05,23.6,22.1,53,51,700,6,0.9,166
2021-05-18T11:41:50,23.5,21.6,52,52,600,6,1.8,95
2021-05-18T11:57:24,23.6,22.1,52,52,600,6,0.7,178
2021-05-18T12:13:14,23.5,22.0,51,53,600,6,1.0,259
2021-05-18T12:28:49,23.5,23.0,52,51,600,6,0.5,178
2021-05-18T12:44:35,23.6,22.4,52,53,600,5,1.0,185
2021-05-18T13:00:10,23.9,22.6,51,53,600,5,0.7,307
2021-05-18T13:15:56,24.0,22.9,51,53,600,5,1.4,275
2021-05-18T13:31:31,24.0,23.3,52,52,600,6,0.8,281
2021-05-18T18:20:09,26.9,26.8,54,36,700,0,4.0,291
2021-05-18T18:35:45,26.6,26.7,56,36,800,27,0.4,79
2021-05-18T18:51:21,26.4,26.9,57,37,800,20,0.8,219
2021-05-18T19:07:03,26.4,27.1,56,36,800,16,1.8,78
2021-05-18T19:22:39,26.2,27.0,56,35,800,14,1.4,141
2021-05-18T19:38:13,26.2,26.8,56,36,900,13,1.7,139
2021-05-18T19:53:54,26.0,26.1,55,38,800,11,0.5,200
2021-05-18T20:09:44,26.0,25.9,56,38,800,10,0.4,141
2021-05-18T20:25:19,25.9,25.3,56,41,700,9,2.1,319
2021-05-18T20:40:55,25.5,24.5,57,43,700,9,1.0,260
2021-05-18T20:56:30,25.5,23.1,62,56,700,9,0.5,253
2021-05-18T21:12:14,25.3,22.2,60,60,800,9,1.6,295
2021-05-18T21:27:50,25.2,21.9,61,62,700,9,1.6,269
2021-05-18T21:43:25,25.0,21.4,60,65,700,10,2.4,296
2021-05-18T21:59:00,25.0,21.1,62,66,700,9,1.0,137
2021-05-18T22:14:43,24.9,21.1,61,66,700,8,0.4,228
2021-05-18T22:30:18,24.5,20.8,61,67,700,8,0.7,287
2021-05-18T22:45:53,24.1,20.1,60,68,600,8,0.8,261
2021-05-18T23:01:38,24.0,19.9,56,66,600,8,0.9,314
2021-05-18T23:17:13,23.8,19.1,55,61,600,7,0.4,289
2021-05-18T23:32:48,23.8,18.9,53,60,600,7,0.5,132
2021-05-18T23:48:24,23.7,17.9,53,64,600,8,1.7,218
2021-05-19T00:04:07,23.4,17.4,52,63,600,8,2.4,245
2021-05-19T00:19:43,23.5,17.1,49,62,600,8,0.8,189
2021-05-19T00:35:18,23.5,16.2,49,63,600,7,3.3,271
2021-05-19T00:50:53,23.4,16.1,47,60,700,8,2.0,257
2021-05-19T01:06:37,23.3,15.8,45,58,700,7,1.7,293
2021-05-19T01:22:12,23.2,15.7,45,57,700,7,1.3,64
2021-05-19T01:37:47,23.2,15.7,43,56,700,8,0.6,152
2021-05-19T01:53:23,23.2,15.8,44,56,700,8,2.8,267
2021-05-19T02:09:06,23.2,15.3,44,58,700,7,1.7,278
2021-05-19T02:24:42,23.1,14.9,44,60,700,8,2.9,259
2021-05-19T02:40:17,23.1,14.6,46,64,700,7,1.6,264
2021-05-19T02:55:53,22.9,14.2,45,62,700,8,1.8,301
2021-05-19T03:11:37,22.9,14.0,46,66,700,8,1.8,257
2021-05-19T03:27:11,22.9,13.3,47,69,700,8,1.2,313
2021-05-19T03:42:46,22.9,13.2,47,68,800,8,0.5,319
2021-05-19T03:58:22,22.9,12.6,48,69,800,8,0.5,140
2021-05-19T04:14:11,23.0,12.5,46,69,800,8,0.1,267
2021-05-19T04:29:46,22.9,12.3,46,70,800,8,2.2,239
2021-05-19T04:45:21,22.8,12.1,47,70,800,9,2.3,264
2021-05-19T05:01:06,22.9,12.2,46,66,900,9,0.8,266
2021-05-19T05:16:41,22.9,12.1,47,68,1000,11,1.8,285
2021-05-19T05:32:16,22.8,11.9,47,69,1000,12,1.5,256
2021-05-19T05:47:51,22.8,11.7,46,68,900,12,1.6,279
2021-05-19T06:03:36,22.9,11.6,45,68,900,14,0.3,268
2021-05-19T06:19:11,22.8,11.4,47,69,900,13,2.5,95
2021-05-19T06:34:46,22.8,11.4,46,69,1000,15,0.7,274
2021-05-19T06:50:22,22.8,11.0,47,70,900,11,2.5,276
2021-05-19T07:06:12,22.8,11.0,46,71,1000,11,1.5,319
2021-05-19T07:21:47,22.8,11.1,48,71,1000,13,0.9,314
2021-05-19T07:37:23,22.9,11.3,49,70,1100,12,0.9,251
2021-05-19T07:53:03,22.8,11.6,49,70,1000,10,0.7,271
2021-05-19T08:08:53,23.0,12.1,49,69,1000,10,0.7,190
2021-05-19T08:24:29,22.9,12.4,48,69,900,9,2.0,316
2021-05-19T08:32:26,22.9,12.8,49,67,900,9,0.9,207
2021-05-19T08:48:00,22.9,13.0,48,66,900,9,2.1,37
2021-05-19T09:03:50,22.9,13.7,50,64,1000,9,2.3,303
2021-05-19T09:19:31,22.9,14.0,49,62,1000,0,0.7,254
2021-05-19T09:35:13,23.0,14.9,50,61,1000,8,1.6,287
2021-05-19T09:50:58,23.0,14.3,50,63,1000,9,0.9,274
2021-05-19T10:06:47,23.0,15.4,50,60,900,8,0.5,242
2021-05-19T10:22:34,23.1,15.9,50,58,1000,8,3.2,308
2021-05-19T10:38:14,22.9,16.3,52,58,900,8,1.8,273
2021-05-19T10:54:00,23.0,16.2,50,57,900,8,0.4,9
2021-05-19T11:09:49,23.0,17.3,47,52,700,7,1.6,309
2021-05-19T11:25:29,23.0,18.1,44,50,700,7,0.9,286
2021-05-19T11:41:11,23.0,18.3,44,48,600,6,3.0,295
2021-05-19T11:57:00,23.1,19.4,42,45,600,7,2.7,305
2021-05-19T12:12:41,23.1,18.9,42,47,600,6,0.7,123
2021-05-19T12:28:17,23.2,20.3,42,43,700,8,2.5,90
2021-05-19T12:43:58,23.2,19.8,42,44,700,7,1.8,94
2021-05-19T12:59:38,23.2,20.1,41,42,600,7,1.0,134
2021-05-19T13:15:23,23.2,20.7,40,40,600,6,0.9,61
2021-05-19T13:31:02,23.4,20.8,41,39,600,6,0.7,280
2021-05-19T13:46:40,23.2,21.7,45,37,600,6,1.4,245
2021-05-19T14:02:27,23.0,22.0,51,39,700,7,1.0,267
2021-05-19T14:18:07,23.1,22.0,51,35,700,8,4.4,287
2021-05-19T14:33:50,23.1,22.6,50,34,800,7,0.6,282
2021-05-19T14:49:29,23.2,23.2,45,33,600,8,0.5,317
2021-05-19T15:05:16,23.2,23.0,49,33,600,7,0.6,289
2021-05-19T15:20:55,23.2,23.9,51,31,700,7,1.1,294
2021-05-19T15:36:35,23.2,23.6,53,32,700,8,2.1,282
2021-05-19T15:52:14,23.4,23.8,46,32,600,6,0.2,308
2021-05-19T16:08:01,23.3,23.4,50,34,700,7,2.8,265
2021-05-19T16:23:40,23.3,23.4,52,32,800,7,3.2,238
2021-05-19T16:39:18,23.3,23.8,52,33,800,7,4.9,275
2021-05-19T16:54:57,23.5,23.8,51,33,800,7,0.4,125
2021-05-19T17:10:44,23.3,23.2,53,33,700,7,1.1,259
2021-05-19T17:26:23,23.4,23.5,48,31,700,6,1.5,290
2021-05-19T17:42:02,23.4,23.0,48,33,700,6,2.2,238
2021-05-19T17:57:45,23.4,23.8,51,30,700,7,2.9,288
2021-05-19T18:13:35,23.4,23.2,50,32,700,7,2.6,250
2021-05-19T18:29:18,23.4,22.9,49,33,700,7,2.3,244
2021-05-19T18:44:59,23.4,22.7,51,33,700,7,1.9,297
2021-05-19T19:00:50,23.3,22.7,51,31,800,7,3.7,292
2021-05-19T19:16:30,23.4,22.6,49,34,700,6,1.0,247
2021-05-19T19:32:09,23.3,21.9,50,36,700,7,2.3,233
2021-05-19T19:47:48,23.3,21.5,50,36,700,7,3.3,278
2021-05-19T20:03:36,23.5,21.1,52,38,700,7,0.5,342
2021-05-19T20:19:15,23.3,20.8,51,39,800,8,3.1,291
2021-05-19T20:34:55,23.2,20.1,49,41,700,7,1.7,327
2021-05-19T20:50:34,23.2,19.7,51,43,700,6,0.9,275
2021-05-19T21:06:28,23.1,18.7,50,44,800,7,4.2,278
2021-05-19T21:22:08,23.1,18.2,49,45,800,7,2.3,276
2021-05-19T21:37:48,23.1,17.5,49,46,800,7,0.8,228
2021-05-19T21:53:28,22.8,17.0,46,47,800,7,2.7,296
2021-05-19T22:09:17,22.7,16.8,45,47,800,7,1.6,272
2021-05-19T22:24:57,22.6,16.5,45,47,800,8,0.9,262
2021-05-19T22:40:37,22.6,16.4,43,46,800,7,1.6,266
2021-05-19T22:56:18,22.6,15.9,42,47,800,7,0.4,144
2021-05-19T23:12:06,22.8,15.8,42,48,800,7,1.4,284
2021-05-19T23:27:46,22.8,15.0,41,50,800,7,0.6,254
2021-05-19T23:43:32,22.8,14.9,40,50,800,7,0.9,240
2021-05-19T23:59:12,22.8,14.8,41,50,900,8,0.8,249
2021-05-20T00:15:00,22.8,14.6,42,52,800,8,1.2,221
2021-05-20T00:30:52,22.8,13.6,42,55,800,8,0.4,212
2021-05-20T00:46:31,22.8,13.2,42,57,900,8,0.5,61
2021-05-20T01:02:20,22.8,12.8,42,58,900,10,0.4,225
2021-05-20T01:18:00,22.9,12.7,42,58,1000,10,0.2,268
2021-05-20T01:33:39,22.9,12.5,44,59,1000,10,0.0,267
2021-05-20T01:49:19,22.9,11.0,45,68,1000,9,0.5,70
2021-05-20T02:05:07,23.0,10.6,45,68,1000,10,0.4,118
2021-05-20T02:20:47,23.0,11.1,45,64,1000,13,0.2,124
2021-05-20T02:36:32,22.9,11.1,46,66,1100,13,0.0,268
2021-05-20T02:52:11,22.8,10.6,47,67,1200,13,0.2,207
2021-05-20T03:08:00,22.8,9.7,47,70,1200,15,0.6,144
2021-05-20T03:23:44,22.8,9.9,46,69,1200,13,0.4,178
2021-05-20T03:39:24,22.8,9.3,47,72,1200,14,0.2,223
2021-05-20T03:55:03,22.7,8.7,47,74,1300,14,0.2,178
2021-05-20T04:10:50,22.7,8.2,48,75,1300,13,0.2,1
2021-05-20T04:26:29,22.7,8.1,48,76,1300,14,0.2,306
2021-05-20T04:42:08,22.7,7.4,48,77,1300,14,0.2,50
2021-05-20T04:57:47,22.7,7.3,49,78,1300,14,0.3,299
2021-05-20T05:13:35,22.6,8.2,48,76,1300,14,0.7,124
2021-05-20T05:29:15,22.7,8.2,49,78,1500,15,0.1,43
2021-05-20T05:44:55,22.7,7.5,50,79,1400,15,0.3,29
2021-05-20T06:00:42,22.6,7.1,50,81,1400,16,0.3,318
2021-05-20T06:16:31,22.6,7.1,50,80,1400,15,0.4,0
2021-05-20T06:32:11,22.6,7.0,50,81,1500,16,0.0,181
2021-05-20T06:47:51,22.7,6.9,50,80,1500,15,0.1,48
2021-05-20T07:03:46,22.7,7.0,51,83,1500,14,0.2,321
2021-05-20T07:19:26,22.7,7.1,53,83,1600,15,0.7,96
2021-05-20T07:35:06,22.8,7.1,54,83,1500,15,0.2,26
2021-05-20T07:50:46,22.8,7.3,53,84,1400,16,0.2,126
2021-05-20T08:06:40,22.7,8.3,54,83,1400,16,0.2,296
2021-05-20T08:22:19,22.7,10.9,52,70,1300,16,0.7,221
2021-05-20T08:38:02,22.7,12.1,51,66,1200,14,0.3,58
2021-05-20T08:53:42,22.7,13.1,51,64,1300,15,0.4,244
2021-05-20T09:03:26,22.7,13.8,51,61,1200,14,0.2,236
2021-05-20T09:19:06,22.5,14.3,50,59,1000,10,0.4,113
2021-05-20T09:34:44,22.7,14.9,51,56,1200,12,0.6,119
2021-05-20T09:50:23,22.8,15.2,49,54,1100,13,0.7,296
2021-05-20T10:06:09,22.8,16.3,49,54,1000,11,0.0,179
2021-05-20T10:21:47,22.8,16.7,48,53,1000,10,0.4,138
2021-05-20T10:37:25,22.9,17.5,47,51,900,9,0.8,328
2021-05-20T10:53:02,22.9,18.3,45,48,700,7,0.9,172
2021-05-20T11:08:49,22.9,18.3,46,49,700,7,1.0,236
2021-05-20T11:24:27,22.9,19.2,45,46,700,7,0.9,250
2021-05-20T11:40:05,22.9,18.9,46,48,700,6,0.9,321
2021-05-20T11:55:43,22.9,19.4,45,48,700,7,0.3,221
2021-05-20T12:11:29,22.8,20.3,44,45,500,3,2.2,233
2021-05-20T12:27:52,22.7,20.8,45,46,600,3,0.9,235
2021-05-20T12:43:34,22.7,21.2,45,45,600,4,1.1,261
2021-05-20T12:59:14,23.0,20.2,48,44,800,7,0.3,294
2021-05-20T13:15:03,23.3,21.3,47,42,800,8,0.2,53
2021-05-20T13:30:42,23.5,21.6,45,40,700,8,1.5,229
2021-05-20T13:46:25,23.6,22.7,43,38,700,8,1.3,203
2021-05-20T14:02:15,23.4,22.8,39,36,600,6,0.9,249
2021-05-20T14:17:53,23.5,22.6,40,33,700,8,0.3,158
2021-05-20T14:33:32,23.6,24.1,40,30,700,7,0.2,200
2021-05-20T14:49:17,23.8,24.0,37,28,600,6,0.5,167
2021-05-20T15:05:04,23.9,24.1,38,30,600,6,0.4,289
2021-05-20T15:20:43,24.0,24.9,44,30,600,6,1.1,199
2021-05-20T15:36:22,23.4,24.6,48,30,600,7,0.3,316
2021-05-20T15:52:01,23.4,24.6,48,29,700,8,1.8,235
2021-05-20T16:07:48,23.6,25.1,48,30,700,8,0.6,255
2021-05-20T16:23:33,23.4,24.3,47,27,700,7,1.0,286
2021-05-20T16:39:12,23.5,24.9,47,29,700,8,1.3,261
2021-05-20T16:54:51,23.6,26.8,47,23,700,8,1.1,123
2021-05-20T17:10:38,23.4,25.6,46,22,800,7,0.7,323
2021-05-20T17:26:18,23.5,26.4,46,21,700,7,0.9,276
2021-05-20T17:41:57,23.6,26.0,46,23,700,6,1.4,271
2021-05-20T17:57:35,23.6,26.3,47,22,700,7,0.2,250
2021-05-20T18:13:22,23.8,26.6,49,23,700,7,0.2,220
2021-05-20T18:29:01,23.8,27.0,48,24,700,7,0.9,288
2021-05-20T18:44:40,23.8,26.3,48,25,700,8,1.0,94
2021-05-20T19:00:25,23.9,26.4,48,25,700,7,0.5,200
2021-05-20T19:16:13,23.9,26.6,49,26,700,7,0.8,254
2021-05-20T19:31:51,24.0,26.6,48,25,700,6,0.2,236
2021-05-20T19:47:29,24.0,25.9,49,26,700,6,0.0,40
2021-05-20T20:03:17,24.1,25.8,50,28,700,6,0.1,5
2021-05-20T20:18:56,24.1,25.5,49,29,600,6,0.4,222
2021-05-20T20:34:40,24.1,25.2,50,29,700,6,0.4,152
2021-05-20T20:50:19,23.8,23.7,50,33,700,6,0.8,129
2021-05-20T21:06:07,23.4,21.8,48,37,600,6,0.7,141
2021-05-20T21:21:46,23.4,21.2,52,39,700,6,0.7,215
2021-05-20T21:37:31,23.4,19.2,58,65,600,6,1.2,164
2021-05-20T21:53:10,23.4,18.5,58,68,600,6,0.9,187
2021-05-20T22:08:57,23.3,17.8,59,71,700,7,1.1,138
2021-05-20T22:24:36,23.3,17.1,60,73,700,7,0.3,295
2021-05-20T22:40:15,23.2,16.9,60,74,700,7,0.7,190
2021-05-20T22:55:53,23.2,16.5,59,74,700,7,1.4,102
2021-05-20T23:11:41,23.2,16.3,59,74,700,7,0.4,128
2021-05-20T23:27:19,23.2,15.7,59,76,800,7,1.1,106
2021-05-20T23:42:58,23.1,15.5,59,76,800,7,1.0,83
2021-05-20T23:58:37,22.9,15.1,59,78,800,7,1.3,93
2021-05-21T00:14:31,22.9,14.9,59,78,800,6,1.1,113
2021-05-21T00:30:10,22.9,14.7,59,78,800,7,2.0,117
2021-05-21T00:45:49,23.1,14.7,59,78,900,8,0.3,125
2021-05-21T01:01:36,22.8,14.3,59,78,900,8,0.7,116
2021-05-21T01:17:16,22.9,14.6,59,77,900,8,0.8,97
2021-05-21T01:32:55,23.0,14.5,58,77,900,8,0.5,131
2021-05-21T01:48:34,23.0,14.4,59,77,900,9,0.2,126
2021-05-21T02:04:21,22.9,14.2,59,78,900,8,0.4,179
2021-05-21T02:20:00,22.9,14.0,58,78,800,8,0.7,5
2021-05-21T02:35:44,23.0,13.8,58,79,900,8,1.4,101
2021-05-21T02:51:24,22.9,13.6,58,80,900,8,0.9,101
2021-05-21T03:07:11,22.8,13.4,58,80,900,8,0.8,109
2021-05-21T03:22:50,22.8,13.6,57,79,900,8,0.3,123
2021-05-21T03:38:29,22.8,13.5,56,80,900,8,1.6,118
2021-05-21T03:54:14,22.8,13.5,57,80,900,10,0.9,226
2021-05-21T04:10:03,22.9,13.5,57,79,900,10,1.7,109
2021-05-21T04:25:42,22.8,13.4,56,79,1000,10,1.4,115
2021-05-21T04:41:25,22.8,13.2,56,79,900,11,1.6,101
2021-05-21T04:57:10,22.9,13.2,56,79,900,10,2.1,107
2021-05-21T05:12:58,22.8,13.3,56,78,900,11,1.8,114
2021-05-21T05:28:43,22.8,13.1,56,79,900,10,1.8,109
2021-05-21T05:44:23,22.8,13.0,56,79,800,9,1.4,119
2021-05-21T06:00:02,22.8,13.3,55,79,900,9,1.7,105
2021-05-21T06:15:50,22.8,13.2,57,79,900,9,1.5,97
2021-05-21T06:31:28,22.8,13.0,56,80,1000,11,1.1,129
2021-05-21T06:47:07,22.8,13.0,56,79,900,10,0.9,107
2021-05-21T07:02:54,22.7,13.0,56,79,800,8,2.5,92
2021-05-21T07:18:32,22.8,13.1,56,78,900,9,1.6,139
2021-05-21T07:34:11,22.6,13.6,56,77,800,8,1.5,122
2021-05-21T07:49:50,22.7,13.9,56,75,800,8,1.3,98
2021-05-21T08:05:38,22.7,14.8,55,72,800,8,0.7,70
2021-05-21T08:21:20,22.7,15.8,56,69,800,8,2.8,108
2021-05-21T08:36:59,22.9,17.0,55,64,900,9,3.3,94
2021-05-21T08:52:44,23.1,17.7,53,62,700,8,0.6,158
2021-05-21T09:08:33,23.1,18.3,53,60,700,8,1.8,100
2021-05-21T09:24:15,23.2,18.4,55,60,800,8,2.3,109
2021-05-21T09:39:55,23.2,18.9,53,59,700,6,0.7,245
2021-05-21T09:55:35,23.2,20.1,54,57,700,6,1.7,117
2021-05-21T10:11:23,23.4,20.0,54,57,700,7,0.8,152
2021-05-21T10:27:12,23.4,21.0,52,55,600,4,0.9,225
2021-05-21T10:42:52,23.4,21.9,54,53,600,6,0.4,144
2021-05-21T10:58:31,23.6,22.5,52,51,600,6,0.4,218
2021-05-21T11:14:17,23.6,23.5,52,49,600,6,1.2,230
2021-05-21T11:29:57,24.0,24.1,51,49,600,4,0.4,25
2021-05-21T11:45:36,24.0,25.0,54,46,600,4,0.3,327
2021-05-21T12:01:23,24.1,25.3,51,44,500,3,1.4,136
2021-05-21T12:17:02,24.3,25.5,48,43,600,3,0.7,78
2021-05-21T12:32:41,24.4,25.5,51,45,500,3,1.5,263
2021-05-21T12:48:19,24.8,25.1,50,47,500,3,0.9,226
2021-05-21T13:04:07,24.8,25.4,57,45,700,8,0.7,267
2021-05-21T13:19:45,24.8,25.8,57,45,600,8,0.3,254
2021-05-21T13:35:24,24.8,26.0,58,45,600,7,1.5,198
2021-05-21T13:51:03,24.6,26.9,58,43,600,7,0.4,228
2021-05-21T14:06:57,24.5,27.2,60,43,600,7,0.9,126
2021-05-21T14:22:40,24.5,26.5,60,45,600,7,0.7,202
2021-05-21T14:38:22,24.8,27.0,61,46,700,8,1.4,231
2021-05-21T14:54:05,24.9,28.2,61,44,700,8,0.9,262
2021-05-21T15:09:56,25.1,27.9,63,45,700,8,1.4,268
2021-05-21T15:25:39,25.4,28.6,62,44,700,7,0.5,190
2021-05-21T15:41:22,25.4,27.8,62,44,700,8,0.4,280
2021-05-21T15:57:03,25.5,28.9,62,43,800,8,1.3,222
2021-05-21T16:12:55,25.7,28.3,62,43,700,8,0.8,253
2021-05-21T16:28:36,25.8,28.5,64,42,800,8,0.9,259
2021-05-21T16:44:19,25.8,28.2,64,43,800,8,2.2,222
2021-05-21T17:00:01,25.8,27.8,64,43,800,8,0.9,155
2021-05-21T17:15:57,25.8,28.7,62,43,700,8,1.4,229
2021-05-21T17:31:46,25.9,28.0,64,45,800,9,2.0,268
2021-05-21T17:47:29,26.0,27.8,65,44,800,8,0.9,222
2021-05-21T18:03:20,25.8,26.0,65,50,800,8,1.7,230
2021-05-21T18:19:02,25.8,26.5,66,49,800,9,1.8,243
2021-05-21T18:34:45,25.8,26.6,63,48,800,9,1.3,229
2021-05-21T18:50:28,26.0,26.3,66,50,800,9,0.5,230
2021-05-21T19:06:20,26.0,25.8,67,51,800,9,1.3,232
2021-05-21T19:22:03,25.9,25.2,66,53,800,9,1.4,216
2021-05-21T19:37:45,25.8,24.6,65,55,800,8,0.4,164
2021-05-21T19:53:28,25.6,23.3,65,59,800,9,0.9,249
2021-05-21T20:09:19,25.5,22.9,65,60,700,8,0.7,268
2021-05-21T20:25:02,25.3,22.3,65,61,700,8,1.4,255
2021-05-21T20:40:45,25.1,21.9,63,62,700,9,0.5,269
2021-05-21T20:56:27,25.0,21.2,64,64,700,8,1.0,229
2021-05-21T21:12:18,24.5,20.8,63,63,700,8,0.6,205
2021-05-21T21:28:01,24.1,20.3,60,64,600,7,0.2,244
2021-05-21T21:43:44,24.0,20.1,60,64,600,7,0.4,202
2021-05-21T21:59:26,23.8,19.9,59,63,600,7,0.2,249
2021-05-21T22:15:16,23.8,19.7,59,63,600,7,0.2,135
2021-05-21T22:30:58,23.8,19.2,59,66,600,7,0.6,210
2021-05-21T22:46:41,23.5,18.7,59,66,600,7,0.7,133
2021-05-21T23:02:37,23.5,18.5,59,67,700,7,0.7,228
2021-05-21T23:18:26,23.4,18.1,59,68,700,7,0.2,194
2021-05-21T23:34:08,23.4,18.1,60,70,700,7,0.3,241
2021-05-21T23:49:51,23.4,17.5,59,70,700,8,0.7,309
2021-05-22T00:05:42,23.3,17.1,60,72,700,7,0.4,213
2021-05-22T00:21:24,23.3,17.1,60,72,700,8,0.4,337
2021-05-22T00:37:07,23.2,17.3,60,73,700,8,0.0,177
2021-05-22T00:52:49,23.2,17.1,60,73,800,8,0.3,179
2021-05-22T01:08:40,23.3,16.6,61,74,700,8,0.3,137
2021-05-22T01:24:23,23.3,16.5,61,75,700,8,0.6,98
2021-05-22T01:40:05,23.3,16.5,61,76,700,8,0.2,290
2021-05-22T01:55:48,23.3,16.6,61,76,700,8,0.4,286
2021-05-22T02:11:38,23.3,16.5,62,76,700,8,0.3,144
2021-05-22T02:27:20,23.3,16.5,61,76,700,8,0.4,328
2021-05-22T02:43:02,23.3,16.5,61,76,700,8,0.2,152
2021-05-22T02:58:45,23.3,16.2,61,77,700,8,0.4,205
2021-05-22T03:14:36,23.2,16.0,61,79,600,7,0.5,157
2021-05-22T03:30:19,23.1,16.0,62,79,600,7,0.5,168
2021-05-22T03:46:02,23.0,15.9,61,78,600,7,0.1,302
2021-05-22T04:01:52,23.0,15.8,61,78,600,7,0.2,179
2021-05-22T04:17:35,23.0,15.9,60,77,700,8,0.6,275
2021-05-22T04:33:17,22.9,15.4,57,72,700,8,0.9,269
2021-05-22T04:48:59,22.8,15.2,56,72,700,8,1.7,288
2021-05-22T05:04:50,22.7,14.9,54,68,700,7,0.6,301
2021-05-22T05:20:32,22.6,15.0,54,70,700,7,1.0,246
2021-05-22T05:36:14,22.6,14.6,53,67,700,8,1.5,286
2021-05-22T05:51:56,22.6,14.4,52,66,800,8,1.0,244
2021-05-22T06:07:48,22.7,14.1,51,65,800,8,2.4,226
2021-05-22T06:23:30,22.8,14.0,49,65,800,8,1.0,281
2021-05-22T06:39:12,22.8,13.8,51,66,800,8,1.1,152
2021-05-22T06:54:55,22.8,13.7,49,66,900,8,1.3,268
2021-05-22T07:10:44,22.8,13.7,49,67,900,8,0.6,214
2021-05-22T07:26:27,22.7,13.5,48,67,900,8,0.7,281
2021-05-22T07:42:15,22.7,13.5,49,66,900,8,1.1,246
2021-05-22T07:57:58,22.8,13.6,48,66,800,8,1.0,250
2021-05-22T08:13:48,22.8,13.8,48,64,800,8,2.6,229
2021-05-22T08:29:30,22.8,13.8,47,64,800,8,0.1,180
2021-05-22T08:45:12,22.8,13.9,49,63,900,8,0.5,198
2021-05-22T09:01:02,22.9,14.5,49,62,900,7,1.6,230
2021-05-22T09:16:45,22.9,14.7,48,61,900,8,1.2,287
2021-05-22T09:32:27,23.0,14.8,48,60,900,8,1.9,272
2021-05-22T09:41:52,23.0,15.2,48,59,900,8,0.8,261
2021-05-22T09:57:40,22.9,15.5,46,58,900,8,1.2,187
2021-05-22T10:13:33,23.0,15.7,49,59,900,7,0.7,304
2021-05-22T10:29:11,23.0,16.1,50,58,900,7,1.7,256
2021-05-22T10:44:49,22.8,16.6,50,56,800,8,2.0,232
2021-05-22T11:00:36,22.9,16.6,48,55,800,9,0.6,316
2021-05-22T11:16:23,22.9,16.5,47,54,800,9,0.9,260
2021-05-22T11:32:07,22.9,16.4,46,54,800,8,0.9,304
2021-05-22T11:47:45,23.0,17.6,46,52,700,8,0.4,305
2021-05-22T12:03:31,23.1,17.4,44,51,700,7,1.6,226
2021-05-22T12:19:08,23.0,17.6,44,51,700,7,0.2,215
2021-05-22T12:34:46,23.0,18.3,43,50,600,7,2.0,307
2021-05-22T12:50:24,23.0,19.1,43,47,600,7,0.8,252
2021-05-22T13:06:11,23.1,19.5,43,46,600,7,0.5,56
2021-05-22T13:21:49,23.2,19.6,43,47,700,8,0.4,233
2021-05-22T13:37:27,23.3,19.6,45,46,700,8,1.1,192
2021-05-22T13:53:04,23.3,19.5,45,46,700,7,1.3,230
2021-05-22T14:08:52,23.4,20.8,43,43,700,7,0.4,253
2021-05-22T14:24:28,23.4,20.9,42,42,600,6,0.7,199
2021-05-22T14:40:06,23.5,21.5,42,42,600,6,1.8,252
2021-05-22T14:55:44,23.5,22.3,44,40,600,6,0.6,101
2021-05-22T15:11:37,23.6,22.8,44,41,600,6,1.7,310
2021-05-22T15:27:15,23.8,22.3,44,39,600,7,0.4,261
2021-05-22T15:42:53,23.9,23.4,51,39,700,6,1.9,113
2021-05-22T15:58:31,23.4,24.5,52,35,700,7,0.4,244
2021-05-22T16:14:18,23.4,23.4,51,36,700,8,0.5,249
2021-05-22T16:29:56,23.5,23.7,52,37,800,8,0.4,79
2021-05-22T16:45:34,23.4,23.8,50,33,700,7,0.5,96
2021-05-22T17:01:20,23.5,24.1,53,34,600,7,1.1,116
2021-05-22T17:17:05,23.5,23.9,50,35,600,7,1.7,220
2021-05-22T17:32:43,23.6,24.8,51,33,800,8,0.2,267
2021-05-22T17:48:20,23.6,24.3,50,33,700,6,1.4,301
2021-05-22T18:04:07,23.6,24.0,49,31,700,7,1.6,262
2021-05-22T18:19:45,23.6,23.6,49,33,700,7,1.5,273
2021-05-22T18:35:23,23.6,23.6,48,31,700,7,0.6,267
2021-05-22T18:51:00,23.6,23.3,47,29,700,7,1.6,307
2021-05-22T19:06:46,23.6,23.3,49,28,800,7,1.6,80
2021-05-22T19:22:24,23.5,23.1,47,29,700,7,1.6,311
2021-05-22T19:38:01,23.6,22.6,47,32,700,7,2.3,301
2021-05-22T19:53:39,23.5,21.8,47,31,700,7,2.5,84
2021-05-22T20:09:25,23.4,21.3,47,33,700,7,0.5,43
2021-05-22T20:25:02,23.4,20.8,47,35,800,6,0.9,66
2021-05-22T20:40:40,23.4,20.1,48,38,800,5,0.2,159
2021-05-22T20:56:18,23.3,19.7,48,39,800,5,0.5,268
2021-05-22T21:12:05,23.3,19.2,50,40,800,6,0.5,286
2021-05-22T21:27:43,23.2,19.2,45,39,700,6,1.4,88
2021-05-22T21:43:22,23.2,19.0,43,41,700,6,0.7,208
2021-05-22T21:59:00,23.2,18.7,44,42,700,6,0.7,91
2021-05-22T22:14:46,23.1,17.9,44,47,700,6,0.2,319
2021-05-22T22:30:24,23.1,17.5,46,50,700,7,0.3,333
2021-05-22T22:46:02,22.9,17.0,46,51,700,7,0.6,82
2021-05-22T23:01:49,22.8,16.6,46,50,800,7,0.3,69
2021-05-22T23:17:26,22.7,16.6,45,49,800,7,0.4,49
2021-05-22T23:33:04,22.7,16.6,46,49,800,7,0.7,273
2021-05-22T23:48:48,22.7,16.6,45,51,800,6,0.6,83
2021-05-23T00:04:35,22.7,16.5,44,52,800,5,1.4,73
2021-05-23T00:20:11,22.9,16.4,43,52,700,6,0.5,150
2021-05-23T00:35:55,23.0,16.2,44,54,700,6,0.2,313
2021-05-23T00:51:33,23.0,16.4,43,54,700,7,0.3,322
2021-05-23T01:07:20,23.0,16.4,44,56,700,6,0.5,307
2021-05-23T01:22:57,22.9,16.1,44,56,700,6,0.9,225
2021-05-23T01:38:35,22.8,16.1,44,56,700,6,0.4,286
2021-05-23T01:54:13,22.9,16.4,44,55,700,7,0.7,258
2021-05-23T02:09:59,22.9,16.4,44,57,700,6,0.2,304
2021-05-23T02:25:37,22.9,15.8,45,59,700,6,0.8,253
2021-05-23T02:41:14,22.8,15.7,45,60,700,7,1.3,245
2021-05-23T02:56:53,22.8,15.3,45,61,700,6,1.8,145
2021-05-23T03:12:39,22.8,15.1,45,60,700,6,0.1,119
2021-05-23T03:28:16,22.6,14.7,46,61,700,6,1.5,271
2021-05-23T03:43:54,22.6,14.8,45,61,800,7,0.4,290
2021-05-23T03:59:31,22.7,14.5,46,63,800,8,1.0,133
2021-05-23T04:15:19,22.7,14.2,48,63,800,8,0.3,268
2021-05-23T04:30:57,22.8,13.6,48,69,900,8,0.2,332
2021-05-23T04:46:40,22.9,12.9,49,70,900,9,0.7,152
2021-05-23T05:02:27,22.9,12.9,49,69,900,9,0.2,207
2021-05-23T05:18:05,22.8,13.0,48,69,900,8,0.4,199
2021-05-23T05:33:48,22.8,12.7,49,72,900,10,0.9,282
2021-05-23T05:49:26,22.8,12.6,50,71,1000,10,0.9,103
2021-05-23T06:05:11,22.8,12.5,51,73,1000,10,0.3,226
2021-05-23T06:20:49,22.9,12.1,51,74,1000,11,0.1,1
2021-05-23T06:36:27,22.9,12.1,53,75,1000,11,0.2,90
2021-05-23T06:52:04,22.9,12.1,54,78,1000,10,0.5,25
2021-05-23T07:07:56,22.8,11.9,55,80,1000,9,0.3,299
2021-05-23T07:23:33,22.8,12.0,53,77,1000,9,1.2,302
2021-05-23T07:39:11,22.9,12.0,53,76,1100,10,0.8,8
2021-05-23T07:54:49,22.8,12.1,53,76,1000,11,0.2,107
2021-05-23T08:10:35,22.9,12.1,54,76,1100,12,1.2,306
2021-05-23T08:26:19,22.8,12.1,55,77,1100,12,0.2,53
2021-05-23T08:41:57,22.9,12.4,56,78,1100,10,0.4,304
2021-05-23T08:57:34,22.8,12.5,56,78,1000,9,0.2,53
2021-05-23T09:13:20,22.9,12.5,56,77,1100,9,0.7,309
2021-05-23T09:28:59,22.8,12.6,56,78,1100,10,0.6,127
2021-05-23T09:44:37,22.9,12.6,57,78,1100,10,0.4,296
2021-05-23T10:00:15,22.8,12.6,58,79,1100,10,0.4,319
2021-05-23T10:16:02,22.8,12.9,58,80,1100,11,0.2,51
2021-05-23T10:31:39,22.9,12.8,57,80,1100,10,0.7,282
2021-05-23T10:47:17,22.8,12.6,57,78,1100,10,0.6,248
2021-05-23T11:03:03,22.8,12.4,57,75,1000,10,1.5,308
2021-05-23T11:18:41,22.9,12.4,56,75,1100,12,1.6,286
2021-05-23T11:34:19,22.9,13.3,55,71,1000,10,1.1,289
2021-05-23T11:49:57,22.8,13.5,55,71,1000,10,1.3,260
2021-05-23T12:05:43,22.8,13.2,54,72,900,10,0.3,286
2021-05-23T12:21:21,22.8,13.0,54,73,1000,9,1.7,281
2021-05-23T12:36:58,22.8,13.4,54,74,1000,9,1.1,283
2021-05-23T12:52:34,22.9,13.3,54,73,900,9,1.8,203
2021-05-23T13:08:27,22.8,13.4,53,72,900,9,0.6,257
2021-05-23T13:24:05,22.8,13.9,53,70,900,9,1.9,281
2021-05-23T13:39:43,22.8,13.6,52,71,900,9,2.3,285
2021-05-23T13:55:21,22.6,13.5,52,72,800,8,1.3,299
2021-05-23T14:11:07,22.8,13.4,53,72,900,9,1.8,238
2021-05-23T14:26:44,22.8,13.3,52,73,900,8,0.4,310
2021-05-23T14:42:22,22.7,13.2,54,74,1000,10,0.2,243
2021-05-23T14:58:00,22.9,14.1,53,72,900,9,0.6,290
2021-05-23T15:13:45,22.9,14.8,53,68,900,8,0.2,216
2021-05-23T15:29:23,22.8,15.4,53,68,900,9,0.3,279
2021-05-23T15:45:01,22.9,15.3,53,67,900,8,0.2,187
2021-05-23T16:00:47,22.9,14.8,54,67,900,9,0.7,101
2021-05-23T16:16:25,22.9,14.6,54,67,1000,9,0.4,110
2021-05-23T16:32:03,22.8,14.7,53,68,900,10,0.7,76
2021-05-23T16:47:40,22.9,14.6,54,69,900,8,0.7,306
2021-05-23T17:03:27,22.8,14.4,55,69,1000,8,0.2,50
2021-05-23T17:19:05,22.9,14.5,55,69,1000,8,0.6,73
2021-05-23T17:34:43,22.8,14.5,56,69,1000,8,1.3,81
2021-05-23T17:50:20,22.8,14.8,57,69,1100,9,0.7,42
2021-05-23T18:06:07,22.9,14.6,56,70,1000,9,0.1,303
2021-05-23T18:21:44,22.9,14.6,56,70,1000,8,0.7,253
2021-05-23T18:37:23,22.8,14.8,58,71,1000,9,0.7,268
2021-05-23T18:53:01,22.9,14.8,58,71,900,8,0.4,290
2021-05-23T19:08:47,22.9,14.5,58,72,1000,8,0.0,251
2021-05-23T19:24:25,22.8,14.6,58,73,1000,8,0.3,107
2021-05-23T19:40:08,22.8,14.6,57,73,900,7,0.7,90
2021-05-23T19:55:47,22.9,14.6,58,73,900,8,0.4,249
2021-05-23T20:11:34,22.8,14.6,56,74,900,8,0.0,0
2021-05-23T20:27:18,22.7,14.3,58,75,1000,8,0.2,89
2021-05-23T20:42:56,22.9,14.3,58,74,1000,9,0.2,151
2021-05-23T20:58:33,22.8,14.2,58,76,900,9,0.6,275
2021-05-23T21:14:19,22.9,14.1,57,77,1000,8,0.2,245
2021-05-23T21:30:03,22.6,13.9,56,76,900,8,0.5,200
2021-05-23T21:45:41,22.6,13.6,56,77,900,8,0.3,130
2021-05-23T22:01:29,22.9,13.3,56,80,900,8,0.3,299
2021-05-23T22:17:07,22.8,13.4,57,80,1000,8,0.6,300
2021-05-23T22:32:45,22.8,13.5,56,78,900,8,0.4,268
2021-05-23T22:48:23,22.8,13.5,56,78,900,9,0.1,75
2021-05-23T23:04:11,22.8,13.3,57,79,1000,10,0.7,33
2021-05-23T23:19:49,22.8,13.2,56,80,1000,10,0.2,22
2021-05-23T23:35:27,22.7,13.2,58,79,1100,11,0.5,69
2021-05-23T23:51:06,22.8,13.0,58,82,1100,10,0.1,27
2021-05-24T00:06:52,22.9,13.0,59,81,1000,9,0.2,65
2021-05-24T00:22:31,22.9,13.0,58,82,1000,10,0.4,314
2021-05-24T00:38:15,22.9,12.8,59,82,1100,11,0.8,269
2021-05-24T00:53:53,22.9,12.9,58,81,1100,11,0.2,179
2021-05-24T01:09:40,22.8,12.6,58,82,1200,13,0.2,164
2021-05-24T01:25:18,22.8,12.7,58,82,1200,13,0.3,270
2021-05-24T01:40:56,22.8,12.6,57,82,1100,12,0.1,1
2021-05-24T01:56:41,22.9,12.8,56,83,1100,10,0.2,302
2021-05-24T02:12:28,22.8,12.7,58,82,1000,9,0.2,330
2021-05-24T02:28:06,22.9,12.6,58,82,1200,11,0.1,90
2021-05-24T02:43:51,22.8,12.5,58,83,1000,10,0.5,316
2021-05-24T02:59:29,22.8,12.5,59,83,1100,12,0.4,281
2021-05-24T03:15:16,22.8,12.3,58,84,1200,13,0.4,79
2021-05-24T03:30:54,22.8,12.2,58,84,1200,12,0.1,1
2021-05-24T03:46:32,22.8,11.8,58,84,1200,13,0.1,9
2021-05-24T04:02:19,22.8,11.7,58,84,1200,13,0.7,339
2021-05-24T04:17:57,22.9,11.1,57,86,1200,13,0.1,178
2021-05-24T04:33:37,22.7,10.9,57,86,1200,13,0.2,316
2021-05-24T04:49:15,22.7,10.7,57,87,1300,13,0.2,308
2021-05-24T05:05:02,22.8,10.5,57,88,1300,14,0.7,73
2021-05-24T05:20:41,22.9,10.3,58,88,1300,14,0.2,25
2021-05-24T05:36:20,22.8,10.1,58,89,1300,14,0.2,129
2021-05-24T05:52:06,22.8,9.8,56,88,1300,13,0.1,268
2021-05-24T06:07:53,22.8,9.5,56,89,1200,13,0.2,47
2021-05-24T06:23:31,22.8,9.5,56,91,1200,13,0.4,332
2021-05-24T06:39:15,22.7,9.2,57,90,1400,14,0.2,179
2021-05-24T06:54:55,22.7,9.3,57,91,1500,15,0.4,331
2021-05-24T07:10:41,22.8,9.3,57,91,1400,15,0.2,300
2021-05-24T07:26:20,22.8,9.3,58,90,1300,14,0.2,46
2021-05-24T07:42:06,22.7,9.5,58,90,1300,14,1.0,127
2021-05-24T07:57:44,22.9,10.4,59,90,1400,14,0.5,286
2021-05-24T08:13:33,22.9,11.3,59,89,1300,14,0.7,285
2021-05-24T08:29:11,22.9,13.2,59,82,1200,12,0.6,283
2021-05-24T08:44:54,22.9,13.7,60,80,1200,12,0.4,73
2021-05-24T09:00:41,22.9,14.5,59,78,1100,10,0.9,257
2021-05-24T09:16:30,22.8,14.8,59,76,1000,10,1.0,275
2021-05-24T09:32:10,22.8,15.6,57,70,900,9,1.9,229
2021-05-24T09:47:49,22.8,16.0,58,70,1000,9,1.1,288
2021-05-24T10:03:38,22.8,16.1,57,69,800,8,0.8,276
2021-05-24T10:19:18,22.9,17.3,56,64,800,8,0.7,313
2021-05-24T10:34:57,22.9,17.8,56,65,800,9,1.4,153
2021-05-24T10:50:36,22.9,18.5,54,63,800,8,1.1,285
2021-05-24T11:06:26,23.0,19.0,54,62,700,7,0.3,285
2021-05-24T11:22:16,22.8,19.2,55,60,800,8,1.2,314
2021-05-24T11:38:00,22.9,20.1,54,58,800,8,2.3,338
2021-05-24T11:53:44,23.1,20.1,53,57,800,8,0.8,277
2021-05-24T12:09:37,23.1,20.8,52,54,700,8,1.3,166
2021-05-24T12:25:21,23.3,20.7,52,54,700,8,0.8,169
2021-05-24T12:41:04,23.3,21.2,53,53,700,8,1.6,208
2021-05-24T12:56:45,23.3,21.7,52,52,700,8,1.6,268
2021-05-24T13:12:34,23.3,21.9,52,51,700,8,0.4,316
2021-05-24T13:28:14,23.5,22.2,50,49,700,7,2.6,276
2021-05-24T13:43:55,23.8,23.5,47,41,600,6,1.8,193
2021-05-24T13:59:34,23.8,23.6,47,41,600,6,2.2,284
2021-05-24T14:15:23,23.8,23.3,46,41,600,7,1.7,268
2021-05-24T14:31:04,23.9,23.4,46,39,600,6,0.9,60
2021-05-24T14:46:45,23.9,23.9,45,39,600,6,0.1,252
2021-05-24T15:02:34,24.0,24.3,48,38,600,6,2.1,43
2021-05-24T15:18:15,23.4,23.9,53,37,600,7,0.4,309
2021-05-24T15:33:56,23.4,24.4,55,37,700,7,0.9,117
2021-05-24T15:49:37,23.6,24.4,52,35,600,5,2.1,314
2021-05-24T16:05:26,23.5,24.1,53,36,600,6,1.7,294
2021-05-24T16:21:08,23.4,24.4,53,37,700,7,2.6,119
2021-05-24T16:36:49,23.5,24.4,52,36,600,7,0.7,289
2021-05-24T16:52:30,23.6,24.1,53,37,700,6,1.5,276
2021-05-24T17:08:19,23.6,24.5,54,36,700,7,2.1,256
2021-05-24T17:24:00,23.6,23.9,56,37,800,7,2.3,97
2021-05-24T17:39:41,23.7,24.0,54,38,700,6,1.5,102
2021-05-24T17:55:28,23.7,23.1,55,39,700,7,2.6,318
2021-05-24T18:11:17,23.7,23.4,56,39,800,7,1.7,29
2021-05-24T18:26:59,23.7,23.3,55,38,700,7,0.2,31
2021-05-24T18:42:39,23.7,23.6,54,37,700,6,2.1,267
2021-05-24T18:58:21,23.7,23.0,54,37,700,7,4.2,106
2021-05-24T19:14:10,23.7,23.3,52,37,700,7,0.9,200
2021-05-24T19:29:51,23.4,22.0,52,40,700,7,2.9,109
2021-05-24T19:45:38,23.5,22.2,53,40,700,7,0.5,259
2021-05-24T20:01:27,23.6,22.0,53,41,700,6,2.0,84
2021-05-24T20:17:09,23.4,21.4,51,41,700,6,1.1,331
2021-05-24T20:32:50,23.4,21.2,53,41,900,7,2.2,315
2021-05-24T20:48:31,23.3,20.3,51,44,700,6,0.2,29
2021-05-24T21:04:22,23.2,19.9,51,45,700,6,2.4,50
2021-05-24T21:20:03,23.2,19.1,53,48,800,6,2.5,87
2021-05-24T21:35:44,23.2,18.7,53,49,900,6,0.8,273
2021-05-24T21:51:25,23.2,17.9,52,51,800,6,1.5,309
2021-05-24T22:07:15,23.2,17.9,48,50,700,6,1.7,316
2021-05-24T22:22:56,22.8,17.2,47,51,700,5,0.5,339
2021-05-24T22:38:38,22.8,16.8,48,53,800,6,1.2,297
2021-05-24T22:54:19,22.6,16.0,48,54,800,6,0.6,36
2021-05-24T23:10:08,22.6,15.9,47,52,800,7,0.3,137
2021-05-24T23:25:50,22.6,15.8,48,52,900,7,0.7,293
2021-05-24T23:41:31,22.7,15.0,47,58,900,8,0.4,210
2021-05-24T23:57:12,22.7,14.9,47,58,900,8,0.3,135
2021-05-25T00:13:02,22.7,14.4,46,59,900,8,0.9,284
2021-05-25T00:28:43,22.8,14.7,46,57,900,8,0.4,199
2021-05-25T00:44:24,22.9,15.5,43,52,800,7,1.1,132
2021-05-25T01:00:06,22.8,15.2,43,53,700,7,0.7,178
2021-05-25T01:15:57,22.7,14.6,43,57,800,7,0.5,306
2021-05-25T01:31:38,22.7,15.0,41,52,700,6,0.7,259
2021-05-25T01:47:19,22.6,15.1,43,52,800,7,0.7,234
2021-05-25T02:03:09,22.6,14.4,44,56,800,7,1.3,240
2021-05-25T02:18:50,22.7,14.3,44,58,800,7,1.0,283
2021-05-25T02:34:31,22.7,13.7,44,59,900,8,0.3,158
2021-05-25T02:50:13,22.8,13.4,43,58,900,8,1.5,256
2021-05-25T03:06:03,22.8,13.3,43,58,1000,8,1.4,264
2021-05-25T03:21:44,22.9,13.3,43,58,900,8,1.9,271
2021-05-25T03:37:25,22.9,12.8,44,59,900,8,1.4,267
2021-05-25T03:53:06,22.8,13.0,44,59,900,8,0.8,281
2021-05-25T04:08:55,22.9,13.1,43,58,800,8,2.1,249
2021-05-25T04:24:37,22.8,13.2,43,58,900,8,0.3,143
2021-05-25T04:40:24,22.6,13.2,43,58,900,8,3.5,301
2021-05-25T04:56:05,22.7,13.3,43,57,900,8,1.1,122
2021-05-25T05:11:55,22.7,13.3,43,57,900,8,0.8,314
2021-05-25T05:27:36,22.8,13.3,43,58,900,8,0.8,283
2021-05-25T05:43:17,22.7,13.3,43,59,1000,10,0.7,233
2021-05-25T05:58:59,22.8,13.3,44,59,1000,9,1.8,287
2021-05-25T06:14:49,22.7,13.2,45,58,1000,11,2.0,285
2021-05-25T06:30:30,22.7,13.0,45,59,1100,12,0.4,168
2021-05-25T06:46:11,22.8,13.0,45,59,1000,13,0.4,69
2021-05-25T07:02:01,22.9,12.9,45,62,1000,9,0.8,261
2021-05-25T07:17:42,22.9,13.1,46,61,1000,8,0.9,280
2021-05-25T07:33:23,22.8,13.0,46,62,1000,10,0.7,255
2021-05-25T07:49:03,22.8,13.1,46,61,1000,8,1.8,284
2021-05-25T08:04:53,22.8,13.2,47,61,1000,8,0.6,255
2021-05-25T08:20:36,22.8,13.5,47,60,900,8,1.1,218
2021-05-25T08:36:19,22.8,13.7,47,60,1000,8,2.0,254
2021-05-25T08:52:03,22.8,14.0,49,58,1000,8,1.0,266
2021-05-25T09:07:55,22.2,14.2,43,55,700,5,1.9,131
2021-05-25T09:23:39,21.8,14.9,44,56,700,6,0.8,305
2021-05-25T09:39:24,21.0,15.0,45,55,600,4,1.2,80
2021-05-25T09:55:07,20.9,16.4,44,52,600,4,0.9,302
2021-05-25T10:10:59,20.8,16.5,45,51,600,4,0.8,258
2021-05-25T10:26:42,22.0,17.2,48,49,1000,7,2.7,276
2021-05-25T10:42:29,22.5,18.0,44,46,900,8,0.4,236
2021-05-25T10:58:19,22.7,18.2,51,47,900,8,1.0,324
2021-05-25T11:14:10,22.9,17.9,51,46,900,8,1.9,212
2021-05-25T11:29:53,22.7,17.3,50,49,900,7,1.1,299
2021-05-25T11:45:37,23.0,18.5,49,44,900,6,1.3,260
2021-05-25T12:01:29,23.1,18.8,48,44,1000,7,1.3,198
2021-05-25T12:17:15,23.1,19.8,44,42,800,4,2.6,279
2021-05-25T12:33:00,23.1,19.9,43,40,700,5,1.1,248
2021-05-25T12:48:43,23.2,20.5,43,42,800,6,1.7,259
2021-05-25T13:04:33,23.2,20.2,42,40,700,6,0.8,254
2021-05-25T13:20:13,23.2,20.7,41,40,700,5,2.5,182
2021-05-25T13:35:54,23.2,20.5,43,40,700,7,1.3,271
2021-05-25T13:51:34,23.5,20.7,43,41,700,7,0.8,146
2021-05-25T14:07:24,23.6,20.8,42,41,700,6,1.2,273
2021-05-25T14:23:02,23.6,20.8,42,41,600,5,2.1,229
2021-05-25T14:38:39,23.6,21.4,43,41,600,6,1.9,249
2021-05-25T14:54:18,23.6,21.9,43,38,700,6,1.4,290
2021-05-25T15:10:04,23.6,22.5,42,37,600,5,2.0,250
2021-05-25T15:25:43,23.8,22.7,42,38,600,6,0.8,72
2021-05-25T15:41:22,23.9,22.4,42,37,600,6,0.1,183
2021-05-25T15:57:00,23.9,23.4,42,36,600,6,0.9,261
2021-05-25T16:12:47,23.7,23.4,49,35,600,6,0.9,304
2021-05-25T16:28:25,23.7,23.2,52,35,700,6,1.6,202
2021-05-25T16:44:04,23.4,23.4,49,35,700,6,1.2,248
2021-05-25T16:59:42,23.5,23.1,50,35,700,6,2.0,239
2021-05-25T17:15:28,23.4,23.4,50,34,700,7,0.5,268
2021-05-25T17:31:07,23.6,23.9,51,35,700,7,0.8,250
2021-05-25T17:46:45,23.6,23.6,51,34,700,8,0.4,203
2021-05-25T18:02:32,23.6,23.0,51,35,700,8,1.7,144
2021-05-25T18:18:11,23.6,23.5,51,36,700,8,1.5,250
2021-05-25T18:33:50,23.6,23.2,51,36,700,7,1.5,199
2021-05-25T18:49:28,23.6,23.4,52,36,800,7,0.8,245
2021-05-25T19:05:14,23.7,23.0,55,36,700,7,3.0,280
2021-05-25T19:20:53,23.8,21.4,55,48,700,7,1.9,254
2021-05-25T19:36:31,23.8,21.4,56,49,700,7,2.5,270
2021-05-25T19:52:10,23.8,20.9,56,51,700,7,2.5,255
2021-05-25T20:07:57,23.7,20.5,56,53,700,6,3.3,289
2021-05-25T20:23:34,23.5,19.5,57,58,700,7,1.2,257
2021-05-25T20:39:13,23.4,19.2,56,59,700,6,3.5,260
2021-05-25T20:54:51,23.3,18.2,57,64,700,6,2.0,249
2021-05-25T21:10:39,23.2,17.7,58,64,700,7,0.5,170
2021-05-25T21:26:17,23.2,16.9,57,67,800,6,1.4,242
2021-05-25T21:41:55,23.1,16.6,57,69,800,6,1.3,268
2021-05-25T21:57:32,23.0,16.5,58,69,800,6,0.9,200
2021-05-25T22:13:19,23.0,16.3,57,70,800,7,0.2,244
2021-05-25T22:28:58,22.9,16.1,57,69,800,6,0.3,216
2021-05-25T22:44:37,22.8,15.0,56,73,800,7,0.1,0
2021-05-25T23:00:15,22.8,14.7,56,73,800,7,0.6,103
2021-05-25T23:16:09,22.8,14.3,56,74,800,7,0.4,74
2021-05-25T23:31:47,22.8,14.1,56,75,800,8,0.4,117
2021-05-25T23:47:25,22.8,13.9,56,75,800,7,0.8,120
2021-05-26T00:03:12,22.8,13.4,56,76,800,8,1.0,104
2021-05-26T00:18:50,22.8,13.1,56,77,900,8,0.9,90
2021-05-26T00:34:35,22.8,13.0,56,77,900,8,0.2,111
2021-05-26T00:50:13,22.8,13.0,56,77,900,8,0.1,91
2021-05-26T01:06:00,22.8,12.7,56,78,1000,10,0.5,130
2021-05-26T01:21:38,22.9,12.4,56,78,1000,9,1.1,129
2021-05-26T01:37:16,23.0,12.1,54,79,1000,10,1.0,130
2021-05-26T01:52:54,22.9,12.0,56,79,1000,11,0.8,77
2021-05-26T02:08:40,22.9,11.8,55,80,1000,10,1.4,107
2021-05-26T02:24:18,22.9,11.6,54,81,1000,8,0.8,118
2021-05-26T02:39:56,22.9,11.5,54,81,1000,10,0.2,64
2021-05-26T02:55:35,22.9,11.4,55,82,1000,11,0.3,136
2021-05-26T03:11:22,22.9,11.4,55,82,1000,9,0.7,163
2021-05-26T03:27:00,22.9,11.6,55,82,1000,10,1.1,82
2021-05-26T03:42:38,22.9,11.6,55,82,1000,10,0.4,320
2021-05-26T03:58:16,22.9,11.6,55,82,1000,10,0.6,149
2021-05-26T04:14:02,22.9,11.5,55,82,1000,10,0.1,116
2021-05-26T04:29:46,22.9,11.6,55,82,1000,10,1.0,172
2021-05-26T04:45:25,22.9,11.6,55,82,1000,9,1.1,209
2021-05-26T05:01:12,22.9,11.4,55,83,1000,10,0.4,248
2021-05-26T05:16:51,22.9,11.3,55,83,1100,10,1.0,174
2021-05-26T05:32:29,22.8,11.2,56,83,1100,9,0.2,44
2021-05-26T05:48:06,22.8,11.3,56,83,1100,11,0.3,310
2021-05-26T06:03:52,22.9,11.2,55,83,1000,10,0.2,221
2021-05-26T06:19:29,22.9,11.2,55,83,1100,10,0.2,193
2021-05-26T06:35:12,22.9,11.3,55,83,1000,10,0.2,139
2021-05-26T06:50:49,22.9,11.4,55,82,1000,11,0.7,90
2021-05-26T07:06:35,22.8,11.5,55,82,1100,12,1.1,144
2021-05-26T07:22:13,22.8,11.6,56,82,1000,10,0.3,19
2021-05-26T07:37:50,22.8,11.7,56,82,1100,11,1.1,105
2021-05-26T07:53:27,22.8,12.4,56,80,1100,10,0.0,269
2021-05-26T08:09:14,22.9,13.5,57,76,1100,10,0.4,70
2021-05-26T08:25:03,22.9,13.7,57,76,1000,9,0.4,215
2021-05-26T08:40:42,22.9,14.3,57,74,900,8,0.4,54
2021-05-26T08:56:20,22.9,14.4,57,74,900,8,0.2,50
2021-05-26T09:12:09,22.8,15.6,56,71,800,8,0.3,103
2021-05-26T09:27:51,22.9,15.8,56,71,800,8,0.2,221
2021-05-26T09:43:32,23.0,17.3,57,66,900,9,0.5,150
2021-05-26T09:59:11,23.0,17.9,56,65,800,8,0.6,253
2021-05-26T10:01:17,23.0,17.5,55,66,800,8,0.3,217
2021-05-26T10:16:59,23.1,17.7,55,65,800,8,1.6,215
2021-05-26T10:32:37,23.1,19.1,56,61,800,8,0.3,209
2021-05-26T10:48:17,23.2,19.3,56,62,800,8,0.6,250
2021-05-26T11:04:06,23.3,19.5,56,62,800,7,0.6,246
2021-05-26T11:19:47,23.3,19.2,56,62,700,7,1.0,302
2021-05-26T11:35:28,23.3,20.8,54,57,700,7,1.0,137
2021-05-26T11:51:10,23.5,20.8,53,57,700,7,1.1,79
2021-05-26T12:07:04,23.5,21.3,54,57,600,6,1.1,200
2021-05-26T12:22:50,23.5,21.6,54,54,600,7,0.4,243
2021-05-26T12:38:31,23.6,21.8,51,51,600,6,0.2,17
2021-05-26T12:54:14,23.8,20.8,48,51,600,6,1.8,242
2021-05-26T13:06:45,23.8,21.3,47,46,600,6,1.4,204
2021-05-26T13:22:30,23.8,22.2,47,49,600,6,2.9,281
2021-05-26T13:38:18,23.8,22.3,47,46,600,6,1.0,224
2021-05-26T13:54:01,23.9,23.2,46,44,600,6,1.1,209
2021-05-26T14:09:53,23.9,22.4,46,44,600,6,1.8,222
2021-05-26T14:25:37,23.9,22.6,46,43,600,6,1.0,298
2021-05-26T14:41:20,23.9,23.4,46,40,600,6,1.6,234
2021-05-26T14:57:03,23.8,23.0,51,40,600,6,1.6,188
2021-05-26T15:12:54,23.4,24.1,51,38,600,6,0.7,280
2021-05-26T15:28:43,23.5,24.3,53,39,700,6,1.8,104
2021-05-26T15:44:27,23.5,24.0,53,39,700,7,1.4,243
2021-05-26T16:00:10,23.5,23.5,53,40,700,7,2.1,221
2021-05-26T16:16:02,23.5,23.5,53,43,700,7,0.4,198
2021-05-26T16:31:46,23.6,23.6,54,41,700,6,0.3,268
2021-05-26T16:47:30,23.6,24.2,55,41,700,7,1.3,282
2021-05-26T17:03:22,23.8,25.8,56,38,700,7,0.2,267
2021-05-26T17:19:06,23.9,25.3,57,40,700,8,1.1,203
2021-05-26T17:34:55,24.0,26.1,57,37,700,7,0.5,253
2021-05-26T17:50:38,24.0,25.0,56,40,600,6,1.4,283
2021-05-26T18:06:30,24.0,25.1,56,42,700,7,1.2,254
2021-05-26T18:22:13,24.0,23.7,55,45,600,6,0.9,247
2021-05-26T18:37:56,24.0,23.2,57,48,700,6,0.8,295
2021-05-26T18:53:41,23.8,22.5,57,49,700,7,0.9,281
2021-05-26T19:09:38,23.8,22.5,58,50,700,7,1.5,142
2021-05-26T19:25:28,23.8,22.1,59,51,700,7,0.4,147
2021-05-26T19:41:11,23.8,22.1,58,52,700,7,0.2,220
2021-05-26T19:56:55,23.8,22.1,59,52,700,6,1.2,278
2021-05-26T20:12:46,23.8,21.6,62,60,700,6,1.1,257
2021-05-26T20:28:30,23.8,20.4,63,66,700,7,1.9,299
2021-05-26T20:44:13,23.8,20.2,62,67,700,6,0.8,243
2021-05-26T20:59:56,23.7,19.3,63,69,700,6,1.0,216
2021-05-26T21:15:49,23.4,18.9,63,71,700,6,1.2,258
2021-05-26T21:31:32,23.3,18.8,63,71,700,6,0.6,243
2021-05-26T21:47:16,23.3,18.6,63,72,700,7,1.5,279
2021-05-26T22:03:07,23.2,18.4,63,73,700,7,1.0,281
2021-05-26T22:18:50,23.2,18.0,63,73,700,7,1.0,251
2021-05-26T22:34:34,23.2,17.7,62,74,700,7,0.2,223
2021-05-26T22:50:17,23.2,17.5,63,75,800,7,0.3,322
2021-05-26T23:06:09,23.2,17.1,62,74,800,7,0.4,137
2021-05-26T23:21:52,23.2,16.6,62,76,800,7,0.2,39
2021-05-26T23:37:36,23.2,16.5,62,77,800,8,0.3,303
2021-05-26T23:53:19,23.2,16.3,61,77,800,7,0.1,302
2021-05-27T00:09:11,23.1,16.0,62,78,900,7,0.2,35
2021-05-27T00:24:55,23.1,15.9,62,79,800,7,0.2,306
2021-05-27T00:40:45,22.9,15.5,61,80,900,7,0.2,35
2021-05-27T00:56:27,22.8,15.5,61,80,900,7,0.1,233
2021-05-27T01:12:19,22.9,15.2,60,80,900,7,0.2,298
2021-05-27T01:28:02,22.9,14.9,60,81,800,7,0.3,285
2021-05-27T01:43:45,22.8,14.1,61,84,800,7,0.3,178
2021-05-27T01:59:28,22.8,14.0,60,85,900,8,0.5,315
2021-05-27T02:15:20,23.0,13.5,60,85,1000,8,0.1,267
2021-05-27T02:31:03,22.8,13.5,61,85,1000,8,0.0,5
2021-05-27T02:46:46,22.9,13.5,60,86,900,8,0.0,0
2021-05-27T03:02:37,23.0,12.7,60,86,1000,9,0.4,32
2021-05-27T03:18:20,23.0,12.6,59,87,1100,10,0.2,329
2021-05-27T03:34:03,23.0,12.4,59,86,1100,13,0.7,89
2021-05-27T03:49:47,23.0,12.3,59,87,1200,12,0.2,226
2021-05-27T04:05:39,23.0,12.1,59,87,1000,11,0.3,331
2021-05-27T04:21:35,23.0,12.0,59,88,1000,11,0.9,97
2021-05-27T04:37:19,22.8,12.3,59,87,1000,11,0.7,144
2021-05-27T04:53:02,23.0,12.1,59,89,1100,11,0.5,295
2021-05-27T05:08:53,23.0,11.7,58,86,1200,12,0.2,214
2021-05-27T05:24:37,22.9,10.7,57,88,1200,11,0.2,328
2021-05-27T05:40:27,22.9,10.7,58,89,1300,13,0.2,302
2021-05-27T05:56:10,22.9,10.9,57,89,1300,13,0.2,305
2021-05-27T06:12:01,22.9,11.0,57,89,1200,12,0.3,251
2021-05-27T06:27:45,22.8,11.2,58,90,1200,13,0.2,308
2021-05-27T06:43:29,22.9,11.0,58,89,1200,12,0.4,339
2021-05-27T06:59:19,22.9,10.8,59,90,1200,13,0.3,339
2021-05-27T07:15:11,23.0,11.0,60,90,1200,13,0.4,327
2021-05-27T07:30:55,23.0,11.6,60,90,1200,13,0.9,30
2021-05-27T07:46:39,23.0,11.8,60,90,1200,12,0.3,206
2021-05-27T08:02:31,22.9,12.3,61,89,1200,13,0.4,29
2021-05-27T08:18:15,23.0,14.2,62,85,1100,12,0.2,266
2021-05-27T08:34:00,22.8,15.1,62,83,900,8,0.5,282
2021-05-27T08:49:49,22.8,16.4,62,79,800,9,0.3,132
2021-05-27T09:05:48,22.8,17.2,62,76,800,8,0.2,267
2021-05-27T09:21:28,22.9,18.5,62,73,800,8,0.1,267
2021-05-27T09:37:10,23.1,19.2,61,71,700,9,0.5,223
2021-05-27T09:52:51,23.1,19.7,62,69,700,7,0.3,242
2021-05-27T10:08:36,23.2,20.0,62,68,800,7,0.8,227
2021-05-27T10:24:11,23.2,21.1,62,66,700,6,1.0,268
2021-05-27T10:39:51,23.2,21.8,62,65,600,5,0.1,90
2021-05-27T10:55:31,23.5,22.0,64,62,800,6,0.0,4
2021-05-27T11:11:13,23.4,22.8,63,60,700,6,0.2,316
2021-05-27T11:26:54,23.5,22.8,61,59,700,6,1.0,237
2021-05-27T11:42:34,23.8,24.2,60,56,700,6,0.1,251
2021-05-27T11:58:13,24.0,25.0,61,52,600,6,0.7,207
2021-05-27T12:01:05,23.8,25.5,61,52,600,6,0.7,277
2021-05-27T12:16:38,23.7,25.7,60,50,600,5,0.8,268
2021-05-27T12:32:14,23.7,25.4,60,49,600,6,0.4,97
2021-05-27T12:33:39,23.7,25.8,59,49,600,5,0.8,246
2021-05-27T12:36:12,23.7,25.8,60,46,600,5,1.3,83
2021-05-27T12:51:48,23.7,26.0,58,48,600,5,0.8,288
2021-05-27T13:07:32,23.8,26.7,58,47,600,5,0.1,265
2021-05-27T13:23:10,23.9,25.9,60,47,600,5,1.1,226
2021-05-27T13:38:51,23.9,26.6,58,46,600,5,1.7,272
2021-05-27T13:54:26,24.1,26.8,59,45,500,4,0.6,238
2021-05-27T14:10:14,24.3,27.6,60,44,600,6,1.4,192
2021-05-27T14:25:54,24.4,28.5,60,41,600,6,0.8,320
2021-05-27T14:41:33,24.4,29.2,60,38,600,7,0.8,64
2021-05-27T14:57:13,24.8,30.0,60,36,700,7,0.3,108
2021-05-27T15:13:01,24.8,28.5,60,40,600,7,2.7,230
2021-05-27T15:28:40,25.1,28.9,61,38,700,7,1.0,112
2021-05-27T15:44:26,25.3,29.5,61,37,700,7,1.4,195
2021-05-27T16:00:06,25.3,29.5,59,35,700,7,0.4,277
2021-05-27T16:15:54,25.4,29.3,61,36,800,8,0.9,276
2021-05-27T16:31:33,25.4,28.9,61,37,800,8,0.8,267
2021-05-27T16:47:13,25.5,28.7,63,36,800,8,2.1,175
2021-05-27T17:03:01,25.5,27.9,62,35,800,8,1.1,257
2021-05-27T17:18:41,25.5,28.4,63,35,800,8,0.4,157
2021-05-27T17:34:19,25.6,28.5,62,35,900,9,3.1,239
2021-05-27T17:49:59,25.8,29.5,63,33,900,9,1.0,218
2021-05-27T18:05:47,25.8,29.1,62,34,1000,8,1.0,252
2021-05-27T18:21:27,25.8,28.6,62,36,800,8,1.5,247
2021-05-27T18:37:12,25.8,28.1,61,33,1000,9,0.5,194
2021-05-27T18:52:51,25.8,28.2,59,29,900,8,0.3,228
2021-05-27T19:08:40,25.7,28.6,58,29,900,8,1.7,263
2021-05-27T19:24:20,25.8,27.4,60,39,800,8,0.6,191
2021-05-27T19:39:59,25.8,27.4,62,38,900,8,0.7,240
2021-05-27T19:55:38,25.9,26.9,63,42,800,8,1.8,230
2021-05-27T20:11:27,25.9,26.9,61,41,900,8,0.9,223
2021-05-27T20:27:07,25.8,25.3,67,48,900,8,0.3,283
2021-05-27T20:42:47,25.6,23.6,63,58,900,8,1.2,199
2021-05-27T20:58:27,25.5,23.0,64,59,900,9,1.9,211
2021-05-27T21:14:15,25.3,22.1,63,62,700,8,0.7,209
2021-05-27T21:29:54,25.3,21.8,65,63,800,8,1.1,150
2021-05-27T21:45:40,25.1,21.1,64,64,800,8,0.6,204
2021-05-27T22:01:28,25.0,20.9,63,65,800,8,1.4,201
2021-05-27T22:17:08,24.5,20.1,64,67,700,7,0.8,156
2021-05-27T22:32:48,24.2,19.9,61,67,700,7,1.9,118
2021-05-27T22:48:28,24.0,19.5,61,67,600,7,0.6,156
2021-05-27T23:04:15,23.9,19.1,61,67,700,7,0.8,135
2021-05-27T23:19:55,23.8,19.2,61,67,700,7,1.6,116
2021-05-27T23:35:34,23.8,19.2,61,67,600,6,0.4,135
2021-05-27T23:51:14,23.8,18.8,60,68,600,6,0.7,251
2021-05-28T00:07:02,23.7,18.5,61,69,600,6,2.9,121
2021-05-28T00:22:42,23.4,18.4,60,69,600,7,0.9,114
2021-05-28T00:38:23,23.6,18.1,60,69,700,7,1.4,123
2021-05-28T00:54:02,23.5,18.0,60,69,600,7,2.1,96
2021-05-28T01:09:51,23.4,17.7,59,69,700,7,1.4,96
2021-05-28T01:25:30,23.4,17.6,59,69,700,7,0.7,105
2021-05-28T01:41:11,23.3,17.4,60,69,700,7,0.2,81
2021-05-28T01:56:51,23.3,17.3,59,70,700,7,0.2,213
2021-05-28T02:12:39,23.3,17.3,60,70,700,7,0.5,160
2021-05-28T02:28:19,23.3,16.9,59,71,700,7,0.9,126
2021-05-28T02:43:58,23.4,16.7,59,72,700,7,0.3,160
2021-05-28T02:59:38,23.3,16.5,59,73,700,7,0.3,269
2021-05-28T03:15:26,23.3,16.2,60,73,700,7,0.4,32
2021-05-28T03:31:06,23.3,16.0,59,74,800,6,0.5,212
2021-05-28T03:46:46,23.3,15.9,60,74,800,6,0.8,107
2021-05-28T04:02:35,23.0,15.7,59,76,700,7,0.4,90
2021-05-28T04:18:15,23.0,15.6,60,75,800,7,0.1,267
2021-05-28T04:33:54,22.9,15.3,59,76,800,7,0.1,267
2021-05-28T04:49:33,22.9,15.0,59,77,800,8,0.3,340
2021-05-28T05:05:23,22.8,14.7,59,77,800,7,0.0,1
2021-05-28T05:21:02,22.9,14.9,58,76,800,8,0.2,0
2021-05-28T05:36:42,22.8,14.9,59,76,800,8,0.2,50
2021-05-28T05:52:22,22.8,15.1,59,76,800,8,0.3,14
2021-05-28T06:08:16,22.9,14.7,58,77,900,8,0.5,337
2021-05-28T06:23:56,22.8,15.0,58,75,800,8,0.6,295
2021-05-28T06:39:36,22.8,14.7,58,76,800,8,0.2,21
2021-05-28T06:55:16,22.8,14.7,59,77,800,8,0.0,45
2021-05-28T07:11:10,22.8,14.9,59,78,800,8,0.6,73
2021-05-28T07:26:50,22.8,14.7,59,79,800,7,0.2,253
2021-05-28T07:42:30,22.8,14.9,60,80,800,7,0.5,2
2021-05-28T07:58:09,23.0,15.8,60,77,800,7,0.7,196
2021-05-28T08:09:32,23.2,16.4,60,75,800,8,0.4,25
2021-05-28T08:25:16,23.2,16.7,61,74,700,7,0.4,206
2021-05-28T08:41:00,23.2,17.1,61,74,800,8,0.7,150
2021-05-28T08:56:44,23.2,17.4,62,73,800,7,0.7,182
2021-05-28T09:12:27,23.5,18.7,62,70,800,7,0.8,153
2021-05-28T09:28:11,23.5,19.2,62,69,700,6,0.8,115
2021-05-28T09:43:55,23.6,20.5,62,66,700,6,0.3,205
2021-05-28T09:59:37,23.8,21.3,62,64,700,6,0.9,202
2021-05-28T10:15:21,24.0,22.6,61,60,700,6,0.1,90
2021-05-28T10:31:05,24.0,23.2,63,58,600,6,0.4,193
2021-05-28T10:46:43,24.0,24.5,63,56,600,6,0.4,111
2021-05-28T11:02:29,24.0,25.5,63,52,600,5,0.8,203
2021-05-28T11:18:03,24.3,26.3,61,50,600,6,0.6,172
2021-05-28T11:33:37,24.8,27.5,62,43,600,7,0.5,218
2021-05-28T11:49:18,25.1,27.6,53,40,700,7,1.2,197
2021-05-28T12:05:06,25.4,29.2,54,32,800,8,0.7,163
2021-05-28T12:20:39,25.4,29.6,60,34,800,8,1.4,225
2021-05-28T12:36:13,25.3,29.6,60,29,900,9,0.6,179
2021-05-28T12:51:48,25.3,29.9,56,29,800,8,1.8,124
2021-05-28T13:07:30,25.3,30.1,55,30,800,8,0.1,183
2021-05-28T13:23:06,25.2,30.4,58,28,800,8,0.6,129
2021-05-28T13:38:46,25.3,31.0,55,27,800,8,0.4,129
2021-05-28T13:54:26,25.4,31.3,56,25,800,8,0.6,208
2021-05-28T14:10:10,25.4,30.7,55,26,800,8,1.2,226
2021-05-28T14:25:47,25.4,31.3,56,28,800,8,0.7,200
2021-05-28T14:41:26,25.7,30.5,54,27,800,8,0.4,219
2021-05-28T14:57:06,25.8,31.4,57,26,800,8,1.4,263
2021-05-28T15:12:54,25.8,31.1,55,27,700,8,1.4,230
2021-05-28T15:28:33,25.8,31.0,55,26,800,8,0.8,202
2021-05-28T15:44:13,26.1,30.8,57,26,800,8,1.2,190
2021-05-28T15:59:52,26.1,31.2,58,27,800,8,0.7,216
2021-05-28T16:15:39,26.1,31.5,54,27,800,8,0.9,1
2021-05-28T16:31:25,26.1,31.6,59,27,800,8,1.5,240
2021-05-28T16:47:04,26.2,29.9,59,31,800,8,2.3,233
2021-05-28T17:02:53,26.2,30.1,59,32,800,8,3.6,213
2021-05-28T17:18:32,26.2,29.7,59,32,800,8,0.5,153
2021-05-28T17:34:11,26.2,29.5,56,31,800,8,4.2,229
2021-05-28T17:49:50,26.2,29.0,61,34,900,8,1.2,255
2021-05-28T18:05:45,26.2,28.8,59,32,900,10,1.8,258
2021-05-28T18:21:24,26.2,28.5,61,34,900,9,1.4,226
2021-05-28T18:37:09,26.2,27.8,61,34,900,9,1.3,262
2021-05-28T18:52:47,26.2,27.7,62,34,1000,9,1.5,197
2021-05-28T19:08:34,26.1,26.1,59,35,900,9,3.0,218
2021-05-28T19:24:13,25.9,25.5,59,36,900,9,2.1,196
2021-05-28T19:39:53,25.6,25.1,58,39,900,8,0.5,233
2021-05-28T19:55:33,25.5,24.9,57,39,900,8,1.8,233
2021-05-28T20:11:21,25.3,24.3,57,38,900,8,0.4,264
2021-05-28T20:27:01,25.3,24.1,59,39,900,8,0.9,257
2021-05-28T20:42:40,25.3,23.8,56,41,900,8,0.5,131
2021-05-28T20:58:20,25.3,23.8,59,43,900,8,0.6,167
2021-05-28T21:14:07,25.3,23.0,60,48,900,9,1.1,228
2021-05-28T21:29:47,25.1,22.2,59,48,900,8,0.8,177
2021-05-28T21:45:27,25.1,21.9,59,49,900,8,0.9,121
2021-05-28T22:01:15,25.0,21.3,59,51,800,8,0.8,238
2021-05-28T22:16:55,24.9,21.1,59,51,800,8,1.1,242
2021-05-28T22:32:34,24.9,20.8,57,52,900,8,0.8,134
2021-05-28T22:48:15,24.4,20.7,57,52,700,8,0.9,89
2021-05-28T23:04:02,24.1,20.4,55,54,700,7,0.5,145
2021-05-28T23:19:42,24.0,20.1,56,55,700,6,0.2,179
2021-05-28T23:35:21,24.0,20.2,56,55,700,6,1.1,147
2021-05-28T23:51:07,24.0,20.1,56,56,700,6,0.7,94
2021-05-29T00:06:55,24.0,20.1,56,56,700,6,0.8,111
2021-05-29T00:22:35,23.8,19.8,56,56,700,6,0.1,120
2021-05-29T00:38:15,23.8,19.7,56,57,600,6,0.3,223
2021-05-29T00:53:56,23.7,19.5,56,57,600,6,0.2,140
2021-05-29T01:09:45,23.7,19.5,56,58,700,6,0.7,338
2021-05-29T01:25:25,23.5,19.1,58,61,700,6,0.4,25
2021-05-29T01:41:04,23.5,18.8,58,63,700,6,0.2,308
2021-05-29T01:56:50,23.4,18.6,57,61,700,6,0.6,156
2021-05-29T02:12:44,23.4,18.8,56,60,700,7,0.3,157
2021-05-29T02:28:24,23.4,17.9,56,64,700,7,0.2,90
2021-05-29T02:44:04,23.4,17.4,56,64,700,7,0.1,85
2021-05-29T02:59:44,23.4,17.4,56,64,700,7,0.2,267
2021-05-29T03:15:32,23.3,16.9,56,66,800,6,0.3,55
2021-05-29T03:31:12,23.3,17.0,56,66,700,6,0.4,321
2021-05-29T03:46:52,23.1,16.6,57,69,800,7,0.2,220
2021-05-29T04:02:40,23.1,16.2,57,70,800,7,0.5,0
2021-05-29T04:18:20,23.0,15.9,57,70,800,7,0.8,332
2021-05-29T04:34:00,23.0,15.4,56,70,800,6,0.2,14
2021-05-29T04:49:40,22.8,14.6,57,75,900,7,0.8,325
2021-05-29T05:05:28,22.8,14.6,56,74,800,6,0.2,292
2021-05-29T05:21:07,22.8,14.9,56,73,800,7,0.3,336
2021-05-29T05:36:47,22.8,14.3,55,74,800,8,0.5,327
2021-05-29T05:52:27,22.9,14.3,56,73,800,8,0.3,336
2021-05-29T06:08:17,22.9,14.2,55,73,800,7,0.5,96
2021-05-29T06:23:58,22.8,14.2,56,73,800,8,0.3,18
2021-05-29T06:39:36,22.8,14.4,56,73,900,8,0.2,90
2021-05-29T06:55:17,22.9,14.5,56,74,900,8,0.4,140
2021-05-29T07:11:05,22.8,14.1,56,76,900,8,0.2,275
2021-05-29T07:26:44,22.9,14.5,57,76,900,8,0.2,281
2021-05-29T07:42:25,22.8,14.5,58,76,900,7,0.2,213
2021-05-29T07:58:05,22.9,15.0,57,74,900,8,1.0,152
2021-05-29T08:13:54,23.0,15.8,56,71,900,8,0.1,228
2021-05-29T08:29:34,23.0,16.9,57,72,800,7,0.8,87
2021-05-29T08:45:15,23.1,17.9,57,69,800,7,0.2,306
2021-05-29T09:01:03,23.2,20.1,56,61,800,7,0.1,267
2021-05-29T09:16:44,23.3,21.1,52,52,700,7,0.4,240
2021-05-29T09:32:24,23.4,20.9,54,54,800,7,0.6,104
2021-05-29T09:48:01,23.5,21.8,53,53,700,8,0.0,90
2021-05-29T10:03:43,23.6,22.6,54,51,700,7,0.8,204
2021-05-29T10:19:19,23.8,22.8,54,52,800,7,0.3,237
2021-05-29T10:34:58,23.9,24.2,54,47,700,7,0.1,173
2021-05-29T10:50:40,23.8,23.7,59,48,700,8,1.0,202
2021-05-29T11:06:31,23.8,24.2,60,50,700,7,1.3,186
2021-05-29T11:22:15,23.9,25.3,60,46,700,8,1.8,226
2021-05-29T11:38:03,24.0,26.0,60,45,700,6,1.8,174
2021-05-29T11:53:45,24.1,26.7,58,40,600,6,0.4,162
2021-05-29T12:09:37,24.2,26.5,56,40,600,6,1.3,95
2021-05-29T12:25:20,24.3,27.5,55,38,600,6,1.4,275
2021-05-29T12:41:02,24.3,27.7,54,36,600,6,1.3,261
2021-05-29T12:56:45,24.6,28.6,56,35,700,6,1.1,243
2021-05-29T13:12:36,24.8,29.1,57,34,700,7,0.9,256
2021-05-29T13:28:18,24.9,29.7,58,32,700,8,1.4,222
2021-05-29T13:44:01,25.3,29.5,59,31,800,8,0.7,203
2021-05-29T13:59:44,25.3,30.9,58,31,700,8,0.9,265
2021-05-29T14:15:34,25.3,31.2,56,26,800,8,0.2,195
2021-05-29T14:31:16,25.4,31.1,54,26,800,8,1.4,235
2021-05-29T14:46:58,25.5,31.7,55,24,800,8,0.1,183
2021-05-29T15:02:48,25.8,31.6,54,25,800,8,0.4,287
2021-05-29T15:18:30,26.0,31.9,55,25,900,8,0.6,253
2021-05-29T15:34:12,26.0,31.9,57,25,800,8,0.2,288
2021-05-29T15:49:55,26.1,32.2,55,23,800,8,0.7,258
2021-05-29T16:05:51,26.1,32.1,53,24,800,8,0.2,140
2021-05-29T16:21:34,26.2,33.1,54,24,800,8,1.3,288
2021-05-29T16:37:15,26.3,32.1,57,26,800,8,0.6,268
2021-05-29T16:52:57,26.3,32.6,59,25,800,8,0.2,293
2021-05-29T17:08:54,26.5,32.2,59,26,800,8,1.0,225
2021-05-29T17:24:37,26.6,32.8,60,26,900,8,1.5,275
2021-05-29T17:40:19,26.8,33.1,59,28,900,8,0.2,139
2021-05-29T17:56:01,26.8,32.8,56,25,800,8,1.4,117
2021-05-29T18:11:51,27.0,32.4,59,28,900,8,0.7,319
2021-05-29T18:27:45,27.1,32.7,60,26,900,8,0.3,41
2021-05-29T18:43:34,27.1,31.9,58,29,900,8,0.5,235
2021-05-29T18:59:15,27.1,31.8,59,27,900,9,0.8,218
2021-05-29T19:15:06,27.1,31.4,58,27,1000,8,1.1,246
2021-05-29T19:30:48,27.1,31.1,60,30,900,8,0.2,267
2021-05-29T19:46:29,26.8,30.0,62,32,900,9,3.7,112
2021-05-29T20:02:19,26.5,26.2,61,42,900,8,1.7,90
2021-05-29T20:18:01,26.3,25.8,60,43,900,8,1.4,108
2021-05-29T20:33:42,26.1,24.9,62,48,900,8,3.5,105
2021-05-29T20:49:25,26.0,24.3,61,51,900,8,2.4,129
2021-05-29T21:05:15,25.9,23.3,62,54,800,8,0.8,333
2021-05-29T21:20:58,25.9,23.5,62,52,800,8,1.1,97
2021-05-29T21:36:40,25.6,22.7,62,56,800,8,1.5,140
2021-05-29T21:52:29,25.5,21.3,63,61,700,8,2.0,106
2021-05-29T22:08:20,25.3,20.9,61,63,700,8,1.7,90
2021-05-29T22:24:03,25.2,20.5,63,65,700,7,1.9,40
2021-05-29T22:39:45,25.1,20.4,62,66,700,7,4.2,121
2021-05-29T22:55:28,25.1,20.4,62,66,700,8,2.1,110
2021-05-29T23:11:19,25.1,20.4,63,66,700,8,0.8,107
2021-05-29T23:27:02,25.0,20.2,63,67,700,7,1.6,130
2021-05-29T23:42:45,25.0,20.1,62,68,700,7,0.5,72
2021-05-29T23:58:27,24.9,19.6,65,71,700,7,0.9,200
2021-05-30T00:14:17,24.6,19.5,63,70,700,7,0.9,131
2021-05-30T00:30:01,24.5,19.5,63,70,700,7,0.4,268
2021-05-30T00:45:42,24.2,19.4,62,69,600,7,0.3,238
2021-05-30T01:01:39,24.1,19.4,62,69,600,6,0.3,92
2021-05-30T01:17:20,24.0,19.6,62,69,600,6,0.2,218
2021-05-30T01:33:02,24.0,19.3,62,70,600,6,0.2,268
2021-05-30T01:48:44,24.0,19.2,62,69,600,6,0.1,101
2021-05-30T02:04:36,24.0,19.3,62,70,600,6,0.2,209
2021-05-30T02:20:18,24.0,18.9,63,72,700,6,0.4,249
2021-05-30T02:36:00,24.0,18.7,63,73,600,6,0.5,159
2021-05-30T02:51:47,23.9,18.3,63,74,600,6,0.5,191
2021-05-30T03:07:44,23.8,18.0,63,75,600,6,0.6,229
2021-05-30T03:23:24,23.8,17.9,63,75,700,7,0.2,119
2021-05-30T03:39:06,23.7,17.9,63,75,600,7,0.5,129
2021-05-30T03:54:49,23.7,17.9,64,76,600,6,0.5,14
2021-05-30T04:10:39,23.5,17.4,63,77,600,6,0.5,328
2021-05-30T04:26:22,23.5,17.2,64,78,600,6,0.3,289
2021-05-30T04:42:11,23.5,16.8,63,78,700,6,0.4,18
2021-05-30T04:57:54,23.4,17.0,63,77,700,6,0.3,21
2021-05-30T05:13:45,23.5,16.9,63,78,700,6,0.4,322
2021-05-30T05:29:28,23.4,17.0,64,78,700,6,0.9,31
2021-05-30T05:45:10,23.3,16.9,64,79,700,6,0.2,272
2021-05-30T06:01:02,23.3,17.1,64,78,700,7,0.2,299
2021-05-30T06:16:46,23.3,17.2,64,77,700,7,0.1,300
2021-05-30T06:32:27,23.3,17.2,64,77,700,7,0.2,318
2021-05-30T06:48:09,23.3,17.3,64,77,700,7,0.2,268
2021-05-30T07:04:00,23.3,17.1,64,79,700,6,0.4,17
2021-05-30T07:19:42,23.3,17.2,65,78,700,6,0.4,260
2021-05-30T07:35:25,23.3,17.3,65,78,700,7,0.2,300
2021-05-30T07:51:07,23.3,17.3,65,78,700,7,0.1,28
2021-05-30T08:06:59,23.3,17.6,65,77,600,7,0.4,228
2021-05-30T08:22:48,23.3,18.1,66,77,700,7,0.2,243
2021-05-30T08:38:31,23.3,18.6,66,75,700,7,0.2,294
2021-05-30T08:54:13,23.3,20.2,66,68,700,7,0.7,267
2021-05-30T09:10:03,23.6,20.1,66,69,700,7,0.2,202
2021-05-30T09:25:51,23.6,21.9,65,62,700,7,1.2,216
2021-05-30T09:41:33,23.7,22.3,64,62,700,7,1.2,259
2021-05-30T09:57:16,23.8,23.2,63,58,700,7,1.0,290
2021-05-30T10:13:06,23.9,23.0,64,60,700,7,1.4,184
2021-05-30T10:28:49,23.9,24.2,63,55,700,8,0.4,195
2021-05-30T10:44:32,24.0,25.0,63,52,700,8,0.2,50
2021-05-30T11:00:19,24.1,25.2,60,50,600,7,1.3,189
2021-05-30T11:16:10,24.2,25.5,61,49,600,7,1.4,197
2021-05-30T11:31:53,24.5,26.3,62,47,700,7,0.4,111
2021-05-30T11:47:35,24.5,26.7,62,46,700,8,0.5,163
2021-05-30T12:03:26,24.8,26.6,62,47,700,8,0.7,320
2021-05-30T12:19:08,24.8,26.9,61,45,700,8,0.5,288
2021-05-30T12:34:56,25.2,27.1,61,44,800,8,0.3,111
2021-05-30T12:50:45,25.3,27.5,64,45,700,8,0.8,291
2021-05-30T13:06:36,25.4,27.7,62,44,800,8,0.6,268
2021-05-30T13:22:18,25.4,28.2,60,39,700,8,1.6,198
2021-05-30T13:38:00,25.8,28.8,61,40,800,8,0.9,117
2021-05-30T13:53:42,25.9,29.2,60,40,700,8,0.5,276
2021-05-30T14:09:33,26.0,29.0,59,39,800,8,0.8,172
2021-05-30T14:25:14,26.1,30.5,61,38,800,8,1.3,319
2021-05-30T14:40:56,26.2,29.8,62,39,800,8,1.2,200
2021-05-30T14:56:37,26.4,29.5,62,41,800,8,0.2,289
2021-05-30T15:12:28,26.6,29.7,63,41,800,8,3.0,127
2021-05-30T15:28:10,26.8,29.9,62,40,800,8,0.4,32
2021-05-30T15:43:52,26.9,29.8,61,40,800,8,1.2,319
2021-05-30T15:59:34,26.8,29.9,63,39,800,8,0.4,296
2021-05-30T16:15:24,27.0,29.8,64,43,800,8,1.9,236
2021-05-30T16:31:05,27.0,31.0,62,38,800,8,1.1,233
2021-05-30T16:46:47,27.1,30.8,63,39,800,7,1.3,266
2021-05-30T17:02:38,27.1,30.3,61,38,800,8,0.7,267
2021-05-30T17:18:20,27.1,30.2,64,38,800,8,0.8,202
2021-05-30T17:34:02,27.1,29.2,64,42,800,8,2.3,239
2021-05-30T17:49:44,27.1,28.4,64,43,800,8,2.2,258
2021-05-30T18:05:35,27.0,27.5,62,44,800,9,3.1,243
2021-05-30T18:21:16,26.8,26.9,61,44,800,9,2.1,271
2021-05-30T18:36:58,26.4,26.0,61,42,800,8,1.6,175
2021-05-30T18:52:39,26.3,25.8,60,41,900,8,1.8,205
2021-05-30T19:08:29,26.0,25.4,61,40,800,8,1.0,214
2021-05-30T19:24:10,25.9,25.1,57,39,800,7,3.0,245
2021-05-30T19:39:52,25.8,24.9,59,40,800,8,1.1,222
2021-05-30T19:55:34,25.8,24.5,56,41,800,8,1.6,153
2021-05-30T20:11:24,25.6,24.5,56,43,800,7,0.6,287
2021-05-30T20:27:06,25.7,24.5,57,40,900,8,0.8,181
2021-05-30T20:42:54,25.6,24.0,61,43,1000,8,0.9,133
2021-05-30T20:58:35,25.6,23.2,63,54,900,8,1.6,119
2021-05-30T21:14:24,25.6,22.5,63,57,800,8,1.5,134
2021-05-30T21:30:06,25.4,21.3,65,61,800,8,1.4,67
2021-05-30T21:45:49,25.1,19.9,62,67,800,8,3.7,119
2021-05-30T22:01:41,25.0,19.4,62,68,700,8,0.8,45
2021-05-30T22:17:24,24.6,19.0,61,68,800,8,3.5,99
2021-05-30T22:33:06,24.5,19.0,61,68,700,7,2.2,143
2021-05-30T22:48:49,24.4,19.1,61,69,700,7,2.0,93
2021-05-30T23:04:39,24.2,19.1,60,69,700,7,0.3,179
2021-05-30T23:20:29,24.0,19.1,61,69,600,7,1.3,133
2021-05-30T23:36:12,24.0,19.1,61,69,700,7,4.1,115
2021-05-30T23:51:54,24.0,19.0,61,70,600,6,2.2,113
2021-05-31T00:07:44,24.0,18.8,61,70,700,6,1.1,125
2021-05-31T00:23:26,24.0,18.6,61,70,700,7,0.2,150
2021-05-31T00:39:07,23.8,18.4,61,70,600,6,0.9,135
2021-05-31T00:54:55,23.9,18.4,60,70,600,6,2.3,102
2021-05-31T01:10:46,23.9,18.5,60,69,600,6,1.0,79
2021-05-31T01:26:25,23.9,18.1,64,74,700,6,0.7,249
2021-05-31T01:42:02,23.8,16.9,65,78,700,6,0.4,256
2021-05-31T01:57:39,23.7,16.7,65,80,600,6,2.2,104
2021-05-31T02:13:23,23.5,16.5,65,82,600,6,1.1,134
2021-05-31T02:28:59,23.4,16.4,64,80,700,6,1.0,106
2021-05-31T02:44:36,23.4,16.2,64,81,600,6,1.1,138
2021-05-31T03:00:12,23.5,16.4,64,81,700,7,0.6,51
2021-05-31T03:15:57,23.4,16.4,64,81,700,6,0.1,220
2021-05-31T03:31:34,23.4,16.3,64,82,600,6,0.7,130
2021-05-31T03:47:16,23.3,16.2,64,82,700,6,0.1,0
2021-05-31T04:03:02,23.3,15.9,63,82,700,7,0.4,194
2021-05-31T04:18:38,23.3,15.8,63,83,700,7,1.0,132
2021-05-31T04:34:14,23.3,15.8,63,83,700,7,0.5,78
2021-05-31T04:49:51,23.3,15.8,63,83,700,7,0.6,115
2021-05-31T05:05:42,23.3,15.6,62,83,700,7,0.9,101
2021-05-31T05:21:18,23.3,15.4,63,83,700,7,0.4,194
2021-05-31T05:36:55,23.4,15.5,61,82,700,7,0.7,64
2021-05-31T05:52:31,23.3,15.2,63,84,700,7,0.5,207
2021-05-31T06:08:16,23.3,14.9,62,85,700,7,0.4,119
2021-05-31T06:23:52,23.3,14.9,62,84,700,7,0.5,234
2021-05-31T06:39:27,23.3,14.9,61,84,800,7,0.2,12
2021-05-31T06:55:04,23.3,15.1,62,83,700,7,0.7,98
2021-05-31T07:10:50,23.3,15.4,62,82,700,6,0.4,306
2021-05-31T07:26:32,23.3,15.0,62,85,700,7,0.2,311
2021-05-31T07:42:09,23.3,15.2,63,84,800,7,0.2,211
2021-05-31T07:57:48,23.3,16.0,64,82,700,7,0.3,65
2021-05-31T08:13:31,23.2,16.3,65,81,800,6,0.4,87
2021-05-31T08:29:12,23.5,17.2,66,77,800,7,0.7,61
2021-05-31T08:44:54,23.4,18.3,64,74,700,7,0.3,201
2021-05-31T09:00:45,23.5,18.6,65,74,800,7,1.0,96
2021-05-31T09:16:31,23.6,19.6,64,70,700,7,1.1,185
2021-05-31T09:31:48,23.8,20.7,63,69,700,7,0.2,179
2021-05-31T09:47:25,24.0,21.0,64,68,700,6,0.4,225
2021-05-31T10:03:13,24.0,21.8,65,64,700,6,0.2,28
2021-05-31T10:18:56,24.2,22.5,62,62,600,4,0.7,160
2021-05-31T10:34:39,24.5,23.0,65,59,700,5,0.1,255
2021-05-31T10:50:26,24.8,22.8,66,61,700,8,1.8,233
2021-05-31T11:06:10,24.8,24.2,60,57,600,4,1.1,201
2021-05-31T11:21:47,24.8,24.1,59,57,500,3,0.4,126
2021-05-31T11:37:25,25.1,25.1,65,53,800,8,1.0,74
2021-05-31T11:53:01,25.1,25.1,64,52,700,8,1.8,196
2021-05-31T11:54:14,25.1,25.2,65,52,700,8,1.4,192
2021-05-31T12:09:57,25.2,25.7,61,51,600,8,0.6,248
2021-05-31T12:25:34,25.2,26.2,62,49,700,8,0.4,163
2021-05-31T12:41:09,25.3,26.1,60,49,700,7,0.4,153
2021-05-31T12:56:42,25.4,27.3,59,45,700,8,0.1,256
2021-05-31T13:12:24,25.4,27.6,62,45,700,8,0.2,214
2021-05-31T13:27:56,25.4,27.5,60,43,700,8,1.6,237
2021-05-31T13:43:33,25.7,28.3,61,41,700,8,1.2,228
2021-05-31T13:59:08,26.0,29.3,60,40,700,8,0.9,230
2021-05-31T14:14:54,26.1,28.6,59,40,700,8,0.9,226
2021-05-31T14:30:32,26.2,29.2,60,40,800,8,2.1,235
2021-05-31T14:46:14,26.2,29.6,61,38,700,8,1.4,215
2021-05-31T15:02:05,26.2,29.1,60,40,700,8,1.0,223
2021-05-31T15:17:48,26.3,30.4,58,36,700,8,0.8,195
2021-05-31T15:33:31,26.6,30.3,59,37,800,8,0.2,224
2021-05-31T15:49:14,26.7,30.2,59,37,800,8,2.3,197
2021-05-31T16:05:06,26.7,29.5,58,39,700,8,2.2,258
2021-05-31T16:20:49,26.9,29.5,57,37,700,8,2.0,228
2021-05-31T16:36:33,27.1,30.4,58,37,800,8,0.9,241
2021-05-31T16:52:16,27.1,30.1,61,37,800,8,1.5,214
2021-05-31T17:08:09,27.1,30.5,58,36,800,8,1.3,208
2021-05-31T17:23:52,27.1,29.5,60,37,800,8,0.8,177
2021-05-31T17:39:34,27.1,28.0,57,38,800,8,0.9,234
2021-05-31T17:55:17,27.0,27.8,58,39,900,9,0.8,141
2021-05-31T18:11:15,26.8,27.1,60,40,800,9,0.7,178
2021-05-31T18:27:00,26.7,27.5,58,39,800,10,0.4,248
2021-05-31T18:42:43,26.4,26.6,57,39,800,9,0.5,243
2021-05-31T18:58:27,26.4,26.9,57,40,800,8,0.9,226
2021-05-31T19:14:19,26.4,26.5,59,37,900,10,0.7,191
2021-05-31T19:30:08,26.2,25.5,55,38,900,8,0.7,138
2021-05-31T19:45:52,26.0,24.8,56,39,900,8,0.4,144
2021-05-31T20:01:43,25.9,24.3,62,47,900,8,1.3,82
2021-05-31T20:17:27,25.6,23.7,64,48,800,8,0.7,83
2021-05-31T20:33:16,25.8,23.4,59,47,900,8,0.9,170
2021-05-31T20:49:00,25.6,23.0,58,44,900,8,0.2,134
2021-05-31T21:04:52,25.3,22.0,54,45,800,8,2.5,93
2021-05-31T21:20:36,25.0,21.5,55,46,800,9,0.4,93
2021-05-31T21:36:20,24.6,20.6,53,50,800,8,1.4,129
2021-05-31T21:52:03,24.5,20.2,55,51,800,7,0.8,268
2021-05-31T22:07:56,24.5,19.8,53,50,700,7,1.0,82
2021-05-31T22:23:40,24.0,19.7,53,50,700,7,0.9,112
2021-05-31T22:39:23,23.8,18.9,53,54,700,7,0.8,100
2021-05-31T22:55:14,23.7,18.0,53,57,700,6,0.6,121
2021-05-31T23:11:06,23.5,17.9,53,58,600,6,0.2,74
2021-05-31T23:26:50,23.4,17.5,53,58,700,7,0.7,115
2021-05-31T23:42:35,23.3,17.5,54,59,700,7,1.6,114
2021-05-31T23:58:19,23.3,17.6,55,62,700,6,0.9,124
2021-06-01T00:14:11,23.3,17.4,56,64,700,6,0.5,171
2021-06-01T00:29:54,23.3,17.2,56,65,600,7,0.7,145
2021-06-01T00:45:38,23.2,17.0,55,65,600,6,1.8,108
2021-06-01T01:01:31,23.2,16.9,54,66,600,6,0.3,23
2021-06-01T01:17:15,23.2,16.7,55,67,600,6,1.0,177
2021-06-01T01:32:59,23.1,16.7,56,68,700,6,0.8,90
2021-06-01T01:48:43,23.1,16.6,55,68,700,6,0.4,302
2021-06-01T02:04:37,23.1,16.7,55,68,600,6,0.2,90
2021-06-01T02:20:20,23.1,16.8,55,68,600,6,1.7,111
2021-06-01T02:36:04,23.1,16.6,55,68,600,6,0.4,132
2021-06-01T02:51:50,23.1,16.7,54,67,600,6,0.5,106
2021-06-01T03:07:43,23.1,16.5,54,67,600,5,0.4,89
2021-06-01T03:23:27,23.1,16.3,55,68,600,5,0.1,179
2021-06-01T03:39:11,23.1,16.2,54,68,600,5,0.3,113
2021-06-01T03:54:55,23.0,16.3,54,67,600,5,1.5,262
2021-06-01T04:10:47,23.0,16.5,54,67,600,5,0.8,321
2021-06-01T04:26:31,22.9,16.8,55,67,600,6,0.8,330
2021-06-01T04:42:15,23.0,16.7,55,67,600,6,0.2,239
2021-06-01T04:57:59,22.8,16.7,55,66,600,6,0.7,330
2021-06-01T05:13:52,22.9,17.1,54,65,600,6,0.6,339
2021-06-01T05:29:37,22.9,16.8,54,66,600,6,1.3,106
2021-06-01T05:45:22,22.9,16.5,53,68,600,6,0.6,49
2021-06-01T06:01:14,23.0,16.5,53,68,600,6,1.6,121
2021-06-01T06:16:58,23.0,16.4,53,69,600,5,0.2,184
2021-06-01T06:32:43,23.0,16.5,54,69,600,5,1.7,118
2021-06-01T06:48:28,23.0,16.0,55,71,600,6,1.0,154
2021-06-01T07:04:19,22.9,15.5,58,74,700,6,0.0,0
2021-06-01T07:20:03,22.9,15.4,59,75,700,6,0.2,93
2021-06-01T07:35:48,23.0,15.8,58,73,700,7,1.2,121
2021-06-01T07:51:31,22.9,15.8,58,73,700,7,0.3,331
2021-06-01T08:07:24,23.0,16.7,57,71,700,6,0.4,280
2021-06-01T08:15:19,23.0,17.7,59,70,700,6,0.9,335
2021-06-01T08:30:55,23.1,18.5,59,65,700,6,0.8,296
2021-06-01T08:46:31,23.4,20.1,56,59,700,7,0.3,169
2021-06-01T09:02:19,23.2,20.6,55,57,500,2,1.0,140
2021-06-01T09:18:01,23.2,21.4,54,55,500,3,0.7,202
2021-06-01T09:33:40,23.6,21.9,54,54,500,3,0.7,110
2021-06-01T09:49:31,23.7,22.2,53,53,500,3,0.3,76
2021-06-01T10:05:26,24.1,23.1,52,52,500,3,1.1,164
2021-06-01T10:21:07,24.1,22.8,57,52,500,2,0.9,137
2021-06-01T10:36:45,24.3,23.2,61,52,800,6,1.4,234
2021-06-01T10:52:30,24.8,24.3,62,47,900,7,1.0,188
2021-06-01T11:08:22,24.5,23.3,63,51,800,8,0.7,139
2021-06-01T11:24:07,24.8,24.4,59,49,800,7,0.5,237
2021-06-01T11:39:51,25.1,26.0,63,45,800,7,1.4,237
2021-06-01T11:55:35,25.1,25.8,64,45,700,6,1.9,235
2021-06-01T12:11:25,25.1,25.9,59,44,700,0,1.1,158
2021-06-01T12:27:03,25.1,26.7,57,42,600,7,1.1,222
2021-06-01T12:42:36,25.2,27.8,57,40,600,7,0.4,233
2021-06-01T12:58:07,25.2,27.8,56,38,600,7,1.1,177
2021-06-01T13:13:50,25.4,28.6,58,37,600,7,0.4,160
2021-06-01T13:29:31,25.4,28.9,57,38,600,7,1.3,117
2021-06-01T13:45:05,25.7,29.5,57,37,600,7,1.1,172
2021-06-01T14:00:54,25.8,30.1,60,37,600,6,1.4,97
2021-06-01T14:16:33,26.1,29.6,59,38,600,7,0.7,327
2021-06-01T14:32:10,26.2,29.5,60,40,700,7,0.6,120
2021-06-01T14:47:51,26.3,30.0,61,40,700,7,0.4,247
2021-06-01T15:03:39,26.4,29.4,61,42,700,7,0.7,216
2021-06-01T15:19:19,26.4,29.1,61,43,700,7,1.4,126
2021-06-01T15:35:05,26.3,27.0,59,45,700,7,1.5,196
2021-06-01T15:50:46,25.9,25.6,61,49,700,7,3.6,238
2021-06-01T16:06:35,25.6,20.3,68,75,700,7,2.5,207
2021-06-01T16:22:15,25.6,21.8,69,75,700,7,0.8,223
2021-06-01T16:37:55,25.6,22.9,69,68,700,8,1.6,204
2021-06-01T16:53:35,25.8,23.1,68,65,700,8,2.6,288
2021-06-01T17:09:24,25.6,22.6,67,65,700,8,3.6,262
2021-06-01T17:25:04,25.6,22.5,66,65,700,8,1.4,285
2021-06-01T17:40:45,25.5,23.2,65,66,700,7,0.9,293
2021-06-01T17:56:25,25.5,22.8,70,66,700,7,0.8,245
2021-06-01T18:12:14,25.5,23.3,70,65,800,8,1.6,218
2021-06-01T18:27:54,25.5,23.3,69,64,800,8,0.8,337
2021-06-01T18:43:36,25.5,22.9,68,66,800,8,0.6,230
2021-06-01T18:59:28,25.5,22.5,67,65,800,8,2.2,256
2021-06-01T19:15:18,25.4,22.5,69,67,800,8,0.3,302
2021-06-01T19:31:03,25.4,22.2,69,70,800,8,0.2,179
2021-06-01T19:46:44,25.4,21.8,69,72,800,8,0.3,306
2021-06-01T20:02:33,24.9,20.5,66,73,700,8,4.3,97
2021-06-01T20:18:13,24.1,-40.0,68,0,800,0,0.0,0
2021-06-01T20:33:53,23.4,15.4,68,86,700,8,2.3,108
2021-06-01T20:49:34,23.3,15.7,69,87,700,7,1.4,305
2021-06-01T21:05:24,23.3,15.7,69,88,700,7,1.0,50
2021-06-01T21:21:05,23.3,16.0,68,86,600,6,2.4,104
2021-06-01T21:36:52,23.2,16.4,68,84,600,6,0.3,179
2021-06-01T21:52:32,23.2,16.1,67,85,600,6,0.9,261
2021-06-01T22:08:22,23.2,15.7,66,85,600,6,1.5,194
2021-06-01T22:24:09,23.2,15.5,67,87,700,6,1.2,157
2021-06-01T22:39:51,23.1,15.1,67,87,700,7,0.4,200
2021-06-01T22:55:32,23.1,15.1,66,88,700,7,0.7,293
2021-06-01T23:11:23,23.0,15.1,65,88,700,7,0.5,14
2021-06-01T23:27:03,22.9,14.9,65,88,700,6,0.9,318
2021-06-01T23:42:44,22.9,14.5,64,89,800,7,0.3,98
2021-06-01T23:58:25,22.9,14.4,65,89,800,7,0.1,269
2021-06-02T00:14:15,23.0,14.3,64,89,800,7,0.2,267
2021-06-02T00:29:55,23.0,14.3,63,89,800,7,0.7,242
2021-06-02T00:45:36,23.0,14.1,63,89,800,7,0.8,81
2021-06-02T01:01:25,23.0,14.2,64,89,800,6,0.5,70
2021-06-02T01:17:11,23.0,14.2,64,89,800,6,0.7,11
2021-06-02T01:32:52,22.8,14.2,64,88,800,6,0.5,223
2021-06-02T01:48:32,22.7,14.1,64,88,800,7,0.1,183
2021-06-02T02:04:23,22.6,13.5,64,89,800,7,0.2,221
2021-06-02T02:20:03,22.6,13.1,64,90,900,7,0.4,72
2021-06-02T02:35:45,22.6,12.9,63,91,800,7,1.1,100
2021-06-02T02:51:26,22.6,12.8,63,92,800,7,0.5,113
2021-06-02T03:07:15,22.6,12.9,63,92,800,7,1.0,145
2021-06-02T03:22:57,22.7,12.8,63,92,900,8,0.8,78
2021-06-02T03:38:38,22.7,12.9,63,92,900,7,0.5,158
2021-06-02T03:54:19,22.7,12.6,63,92,1000,8,0.2,210
2021-06-02T04:10:09,22.7,12.5,62,92,1000,8,0.7,48
2021-06-02T04:25:50,22.7,12.2,62,92,1000,8,0.6,319
2021-06-02T04:41:31,22.7,12.3,62,93,1000,8,0.2,267
2021-06-02T04:57:12,22.7,12.4,63,92,1100,12,0.3,291
2021-06-02T05:13:00,22.6,12.2,62,92,1000,9,0.3,312
2021-06-02T05:28:47,22.7,12.2,62,93,1000,8,0.2,204
2021-06-02T05:44:28,22.7,12.2,62,93,1000,9,0.4,1
2021-06-02T06:00:09,22.7,12.3,62,93,1100,9,0.4,116
2021-06-02T06:16:11,22.7,12.5,62,92,900,8,0.5,321
2021-06-02T06:31:52,22.7,12.7,62,92,900,8,0.3,316
2021-06-02T06:47:34,22.7,12.6,62,91,900,7,0.2,0
2021-06-02T07:03:23,22.6,12.7,63,91,900,7,0.3,113
2021-06-02T07:19:11,22.5,12.9,64,91,900,8,1.0,338
2021-06-02T07:34:52,22.6,13.0,64,91,900,8,0.5,282
2021-06-02T07:50:33,22.6,13.5,64,90,1000,8,0.0,0
2021-06-02T08:06:21,22.7,14.4,64,89,800,8,0.4,271
2021-06-02T08:22:00,22.7,15.2,66,86,800,8,0.4,104
2021-06-02T08:37:39,23.0,16.1,67,82,900,8,0.3,179
2021-06-02T08:53:30,22.9,16.9,68,79,800,8,0.2,291
2021-06-02T09:09:25,23.0,18.1,66,77,800,7,0.4,181
2021-06-02T09:25:11,23.0,18.5,66,75,800,8,1.6,215
2021-06-02T09:40:57,23.0,19.8,65,70,800,7,0.2,131
2021-06-02T09:56:47,23.3,19.9,67,71,800,7,0.4,118
2021-06-02T10:12:47,23.6,21.0,66,67,800,7,1.3,211
2021-06-02T10:28:31,23.8,22.7,66,63,700,7,0.3,227
2021-06-02T10:44:22,24.1,22.5,67,62,800,7,0.2,203
2021-06-02T11:00:05,24.2,22.6,70,64,900,8,0.3,165
2021-06-02T11:15:59,24.2,23.7,71,62,800,8,0.1,1
2021-06-02T11:31:43,24.3,24.8,68,59,800,8,0.4,193
2021-06-02T11:47:27,24.8,24.4,68,59,900,9,1.9,243
2021-06-02T12:03:19,24.8,24.6,65,57,800,8,1.8,237
2021-06-02T12:19:03,24.8,24.8,67,53,800,7,1.5,271
2021-06-02T12:34:48,24.8,25.7,63,52,800,7,1.1,199
2021-06-02T12:50:32,24.8,26.3,63,50,700,7,0.3,226
2021-06-02T13:06:25,24.9,26.9,62,47,700,7,0.4,286
2021-06-02T13:22:15,24.9,27.5,63,46,700,7,1.1,210
2021-06-02T13:38:00,25.2,27.0,63,48,700,7,1.4,217
2021-06-02T13:53:44,25.3,27.3,62,48,700,8,0.7,157
2021-06-02T14:09:36,25.4,27.1,61,49,700,8,1.7,226
2021-06-02T14:25:21,25.4,28.8,63,44,700,8,0.3,324
2021-06-02T14:41:12,25.4,27.8,61,46,700,8,0.2,231
2021-06-02T14:56:56,25.8,28.8,60,44,700,7,1.2,297
2021-06-02T15:12:47,26.0,28.6,61,47,700,7,1.1,235
2021-06-02T15:28:32,26.1,29.2,62,45,700,7,0.7,241
2021-06-02T15:44:16,26.2,28.8,63,45,700,7,1.6,213
2021-06-02T16:00:00,26.3,29.7,60,43,700,7,0.6,218
2021-06-02T16:15:52,26.4,29.6,61,42,700,7,1.0,226
2021-06-02T16:31:37,26.4,28.6,61,45,700,7,0.5,239
2021-06-02T16:47:27,26.7,30.0,61,42,700,7,1.4,222
2021-06-02T17:03:19,26.7,29.8,61,41,700,7,1.1,221
2021-06-02T17:19:02,26.8,30.2,59,39,800,7,0.8,299
2021-06-02T17:34:45,27.1,29.8,58,40,800,7,1.1,157
2021-06-02T17:50:30,26.8,27.9,63,44,800,8,0.6,216
2021-06-02T18:06:22,26.8,27.2,65,49,800,8,1.3,245
2021-06-02T18:22:07,26.8,26.2,63,54,800,8,1.4,217
2021-06-02T18:37:51,26.7,26.4,62,50,800,9,0.8,205
2021-06-02T18:53:34,26.7,27.7,60,46,800,8,0.5,162
2021-06-02T19:09:26,26.9,28.7,61,44,800,8,0.6,77
2021-06-02T19:25:10,26.9,28.4,59,45,800,8,0.9,213
2021-06-02T19:40:54,27.1,27.9,63,48,800,8,0.7,170
2021-06-02T19:56:37,27.1,27.7,60,51,800,9,0.7,195
2021-06-02T20:12:30,26.8,26.1,60,46,800,8,0.5,236
2021-06-02T20:28:14,26.6,25.7,60,47,700,9,1.1,172
2021-06-02T20:43:58,26.4,25.0,58,48,800,8,0.7,276
2021-06-02T20:59:41,26.2,24.7,60,50,800,8,0.9,207
2021-06-02T21:15:34,26.0,23.8,58,51,800,8,2.6,215
2021-06-02T21:31:18,25.8,23.1,59,54,800,8,0.4,198
2021-06-02T21:47:02,25.7,22.5,62,62,800,8,0.4,152
2021-06-02T22:03:00,25.6,21.2,62,67,800,8,1.2,134
2021-06-02T22:18:44,25.5,20.9,62,68,800,8,2.0,120
2021-06-02T22:34:28,25.3,19.8,62,70,800,8,0.3,159
2021-06-02T22:50:12,25.0,19.6,63,71,700,7,2.5,141
2021-06-02T23:06:05,25.0,19.3,63,72,800,7,0.2,159
2021-06-02T23:21:49,25.0,19.1,65,73,800,7,1.1,154
2021-06-02T23:37:40,25.0,18.7,66,75,800,7,0.5,112
2021-06-02T23:53:24,24.7,18.6,65,74,800,7,1.3,98
2021-06-03T00:09:16,24.8,18.4,64,75,800,7,1.4,117
2021-06-03T00:25:00,24.6,18.3,64,75,800,7,1.4,108
2021-06-03T00:40:44,24.5,18.0,64,75,800,7,1.0,109
2021-06-03T00:56:33,24.4,17.6,64,77,700,8,0.4,167
2021-06-03T01:12:27,24.2,17.3,64,78,800,8,0.1,0
2021-06-03T01:28:11,24.2,17.3,65,78,800,8,1.8,116
2021-06-03T01:43:56,24.1,17.3,65,77,800,8,0.5,101
2021-06-03T01:59:40,24.1,17.1,66,78,800,8,1.4,109
2021-06-03T02:15:33,24.0,17.1,65,78,800,8,1.6,114
2021-06-03T02:31:18,24.0,17.1,65,78,800,8,1.6,107
2021-06-03T02:47:02,24.0,17.0,65,78,800,8,1.6,123
2021-06-03T03:02:55,24.0,17.1,65,78,800,9,2.2,116
2021-06-03T03:18:45,23.8,17.2,66,78,800,8,1.8,93
2021-06-03T03:34:29,23.8,17.3,65,78,700,8,0.9,90
2021-06-03T03:50:13,23.7,17.1,65,79,700,8,0.7,136
2021-06-03T04:06:06,23.4,17.0,65,79,600,7,0.7,130
2021-06-03T04:21:50,23.3,17.1,65,79,600,6,0.7,86
2021-06-03T04:37:34,23.2,17.1,65,78,600,6,0.4,95
2021-06-03T04:53:18,23.2,16.8,64,79,700,7,1.1,116
2021-06-03T05:09:09,23.2,16.0,65,82,700,7,1.6,121
2021-06-03T05:24:59,23.2,15.8,64,82,600,6,0.2,175
2021-06-03T05:40:42,23.0,15.7,65,83,700,6,1.4,126
2021-06-03T05:56:26,23.1,15.7,65,83,700,7,0.4,73
2021-06-03T06:12:19,23.1,15.5,65,84,700,7,0.6,159
2021-06-03T06:28:03,23.1,15.3,64,84,700,7,0.5,157
2021-06-03T06:43:46,22.9,15.2,65,85,700,6,0.3,65
2021-06-03T06:59:29,23.1,15.3,65,85,800,7,0.3,313
2021-06-03T07:15:20,23.1,15.5,65,85,700,6,0.7,41
2021-06-03T07:31:04,23.1,15.8,66,84,700,6,0.3,177
2021-06-03T07:46:48,23.0,16.0,68,84,700,6,0.3,199
2021-06-03T08:02:45,23.1,16.9,68,82,700,7,0.4,90
2021-06-03T08:18:25,23.1,17.9,68,79,700,7,0.2,123
2021-06-03T08:34:07,23.2,19.1,68,75,700,7,0.4,108
2021-06-03T08:49:49,23.6,19.5,66,71,700,7,0.4,68
2021-06-03T09:05:43,23.9,20.6,65,67,700,7,0.7,108
2021-06-03T09:21:29,24.2,20.8,69,66,800,8,0.4,157
2021-06-03T09:37:11,24.3,21.7,68,65,900,8,0.1,268
2021-06-03T09:52:51,24.3,22.5,68,62,800,9,0.5,91
2021-06-03T10:08:39,24.5,23.2,68,58,800,9,0.5,245
2021-06-03T10:24:18,24.6,23.9,67,57,800,9,0.4,305
2021-06-03T10:39:57,24.8,24.3,64,55,800,8,0.4,70
2021-06-03T10:55:36,25.0,25.2,67,52,900,8,0.7,71
2021-06-03T11:11:23,25.0,25.6,63,51,700,8,0.9,69
2021-06-03T11:27:03,24.9,25.7,62,50,700,7,1.4,274
2021-06-03T11:42:43,25.0,26.3,62,49,700,7,0.7,59
2021-06-03T11:58:20,25.2,27.1,62,48,700,7,1.1,223
2021-06-03T12:14:07,25.3,27.6,62,47,700,7,0.5,335
2021-06-03T12:29:46,25.4,27.8,61,45,700,8,1.2,169
2021-06-03T12:34:13,25.4,28.1,60,46,700,8,0.8,159
2021-06-03T12:39:49,25.5,28.4,60,43,700,8,0.3,230
2021-06-03T12:55:33,25.7,28.4,59,43,700,8,0.4,152
2021-06-03T13:11:31,25.8,29.5,58,38,600,8,1.3,158
2021-06-03T13:27:12,26.1,29.9,57,38,700,8,1.2,197
2021-06-03T13:42:50,26.3,30.1,57,38,700,9,0.2,226
2021-06-03T13:58:34,26.7,30.3,58,37,700,8,0.4,151
2021-06-03T14:14:26,26.9,30.9,58,36,700,7,0.8,281
2021-06-03T14:30:05,26.9,29.9,56,35,700,7,1.0,96
2021-06-03T14:45:43,27.0,29.6,55,37,700,7,0.2,141
2021-06-03T15:01:31,27.1,30.3,55,36,700,7,0.9,221
2021-06-03T15:17:09,27.1,30.0,57,36,700,8,1.2,140
2021-06-03T15:32:48,27.1,30.8,55,35,700,8,1.6,131
2021-06-03T15:48:26,27.2,30.6,56,36,700,7,1.5,187
2021-06-03T16:04:13,27.4,30.9,56,37,700,8,2.5,231
2021-06-03T16:19:51,27.4,30.8,57,38,700,7,1.7,229
2021-06-03T16:35:30,27.4,30.1,57,40,700,8,0.9,219
2021-06-03T16:51:11,27.6,30.0,59,39,700,8,1.1,218
2021-06-03T17:07:03,27.7,29.8,59,42,700,8,1.1,167
2021-06-03T17:22:45,27.7,29.5,58,42,700,8,1.0,173
2021-06-03T17:38:32,27.6,28.7,59,43,700,8,0.3,73
2021-06-03T17:54:14,27.8,28.3,61,43,700,8,1.6,236
2021-06-03T18:10:05,27.6,27.0,61,49,700,8,2.1,190
2021-06-03T18:25:47,27.3,25.7,60,50,800,8,1.4,111
2021-06-03T18:41:28,27.2,25.3,59,52,800,9,1.1,170
2021-06-03T18:57:10,27.1,25.2,60,51,800,9,1.8,89
2021-06-03T19:13:01,26.8,24.8,60,51,800,9,1.8,179
2021-06-03T19:28:44,26.7,24.2,62,55,800,8,0.3,18
2021-06-03T19:44:27,26.5,24.1,60,53,800,9,1.8,236
2021-06-03T20:00:16,26.6,24.4,60,52,800,8,1.5,240
2021-06-03T20:16:14,26.4,24.0,63,55,800,8,0.4,301
2021-06-03T20:31:57,26.4,22.9,61,57,800,8,0.5,242
2021-06-03T20:47:39,26.1,22.4,61,60,800,8,0.6,157
2021-06-03T21:03:31,25.9,22.2,60,61,800,9,1.1,185
2021-06-03T21:19:14,25.6,21.4,61,63,800,8,0.2,214
2021-06-03T21:34:56,25.6,21.1,61,65,700,8,1.4,215
2021-06-03T21:50:39,25.6,20.7,62,66,800,8,1.0,140
2021-06-03T22:06:32,25.4,20.4,61,68,800,8,1.1,183
2021-06-03T22:22:15,25.3,19.9,61,69,700,9,1.3,129
2021-06-03T22:37:58,25.3,19.6,62,70,800,8,2.0,105
2021-06-03T22:53:41,25.0,19.2,64,72,800,8,0.9,115
2021-06-03T23:09:32,25.0,18.9,63,73,800,8,0.7,161
2021-06-03T23:25:15,25.0,18.7,64,74,800,8,0.2,34
2021-06-03T23:40:58,25.0,18.6,64,75,800,9,0.7,218
2021-06-03T23:56:40,24.7,18.3,65,76,800,8,1.5,210
2021-06-04T00:12:31,24.8,18.0,65,77,800,8,0.7,146
2021-06-04T00:28:16,24.7,18.1,64,77,800,8,0.2,212
2021-06-04T00:43:57,24.6,18.0,65,77,800,8,0.7,89
2021-06-04T00:59:40,24.6,17.6,65,78,700,8,0.5,132
2021-06-04T01:15:32,24.5,16.9,65,80,700,8,1.2,114
2021-06-04T01:31:14,24.4,16.7,65,82,700,8,0.3,116
2021-06-04T01:46:57,24.3,16.6,65,82,800,8,0.9,130
2021-06-04T02:02:48,24.3,16.6,65,82,800,9,0.2,56
2021-06-04T02:18:31,24.3,16.8,65,81,800,9,1.1,100
2021-06-04T02:34:15,24.3,17.1,65,79,800,8,1.4,136
2021-06-04T02:49:58,24.2,17.1,65,79,800,8,0.5,90
2021-06-04T03:05:49,24.0,16.8,65,80,800,8,0.1,265
2021-06-04T03:21:39,24.1,16.8,65,81,800,8,2.1,99
2021-06-04T03:37:35,24.1,17.0,65,81,800,8,0.4,26
2021-06-04T03:53:19,24.0,17.2,65,80,800,8,1.3,142
2021-06-04T04:09:09,24.0,17.3,65,79,800,8,0.1,223
2021-06-04T04:24:53,24.0,17.3,65,79,700,8,0.1,177
2021-06-04T04:40:36,24.0,17.5,65,79,700,8,1.4,102
2021-06-04T04:56:25,24.0,17.3,65,79,800,8,0.7,113
2021-06-04T05:12:18,24.0,17.2,65,79,700,8,0.9,139
2021-06-04T05:28:01,24.0,16.8,65,81,700,8,0.9,35
2021-06-04T05:43:46,23.8,16.9,66,81,700,8,0.6,86
2021-06-04T05:59:29,23.7,17.0,66,80,700,8,1.4,102
2021-06-04T06:15:22,23.4,17.0,66,80,600,7,2.2,95
2021-06-04T06:31:06,23.4,17.0,66,80,600,6,1.6,100
2021-06-04T06:46:50,23.3,17.0,66,80,600,6,1.7,137
2021-06-04T07:02:43,23.2,17.0,67,80,600,7,1.3,107
2021-06-04T07:18:27,23.2,16.9,66,80,600,7,0.5,183
2021-06-04T07:34:11,23.2,17.1,67,80,600,7,0.6,83
2021-06-04T07:49:55,23.2,17.8,67,78,600,7,0.3,278
2021-06-04T08:05:53,23.3,18.1,67,77,700,8,0.2,287
2021-06-04T08:21:39,23.6,19.4,67,73,700,8,0.3,155
2021-06-04T08:37:30,23.6,19.7,65,72,600,5,1.6,110
2021-06-04T08:53:14,23.3,19.7,67,73,500,4,0.4,227
2021-06-04T09:09:07,23.3,20.0,66,72,500,3,0.3,70
2021-06-04T09:24:50,23.6,20.5,67,71,500,3,1.0,86
2021-06-04T09:40:40,23.6,21.2,65,68,500,3,0.6,126
2021-06-04T09:56:23,23.9,21.7,66,66,500,3,0.5,191
2021-06-04T10:12:12,24.0,22.5,65,65,500,3,0.3,166
2021-06-04T10:27:55,24.3,23.1,63,63,500,3,0.2,36
2021-06-04T10:43:35,24.8,22.5,68,65,700,5,0.9,275
2021-06-04T10:59:13,24.8,23.6,69,61,800,7,0.4,199
2021-06-04T11:14:55,25.0,23.0,66,62,800,8,1.4,267
2021-06-04T11:30:30,25.0,23.8,66,60,700,8,0.6,223
2021-06-04T11:46:05,24.9,23.6,66,61,700,7,0.3,228
2021-06-04T12:01:52,24.9,24.0,62,61,600,5,1.0,221
2021-06-04T12:17:26,25.0,24.2,66,60,500,3,0.3,320
2021-06-04T12:33:07,25.1,24.0,68,62,800,6,1.0,116
2021-06-04T12:48:41,25.2,25.8,67,56,700,7,0.3,156
2021-06-04T13:04:31,25.3,26.1,65,55,700,6,0.3,204
2021-06-04T13:20:13,25.3,25.3,65,56,700,6,0.6,197
2021-06-04T13:35:59,25.3,25.5,64,56,600,7,0.8,222
2021-06-04T13:51:40,25.3,26.0,64,55,600,6,1.5,226
2021-06-04T14:07:36,25.4,26.4,63,54,600,7,0.7,250
2021-06-04T14:23:18,25.5,25.9,63,54,700,7,0.2,232
2021-06-04T14:39:00,25.5,25.4,63,56,700,7,0.2,286
2021-06-04T14:54:42,25.5,24.9,63,58,700,7,1.3,234
2021-06-04T15:10:33,25.5,23.7,63,60,700,7,0.8,158
2021-06-04T15:26:16,25.5,23.9,63,59,700,7,0.5,209
2021-06-04T15:42:04,25.5,24.7,62,56,700,7,0.8,135
2021-06-04T15:57:47,25.8,27.5,62,49,700,7,0.8,238
2021-06-04T16:13:40,25.8,25.8,60,52,700,8,0.7,252
2021-06-04T16:29:23,26.0,26.8,60,49,700,7,1.3,210
2021-06-04T16:45:05,26.0,26.6,60,49,700,7,0.4,209
2021-06-04T17:00:57,26.0,26.4,58,49,700,7,0.7,168
2021-06-04T17:16:39,26.0,26.4,59,49,700,7,1.0,201
2021-06-04T17:32:22,26.1,27.1,59,47,700,7,0.2,177
2021-06-04T17:48:05,26.2,28.2,59,44,700,7,0.7,129
2021-06-04T18:03:56,26.4,28.0,58,45,700,8,0.7,166
2021-06-04T18:19:44,26.4,28.1,59,46,700,8,0.4,268
2021-06-04T18:35:26,26.6,27.7,61,46,700,8,1.6,205
2021-06-04T18:51:06,26.7,28.1,59,43,800,8,1.0,218
2021-06-04T19:06:56,26.7,27.9,58,43,700,8,0.9,220
2021-06-04T19:22:45,26.7,27.9,58,44,700,8,1.6,195
2021-06-04T19:38:28,26.7,27.2,59,45,700,8,1.0,238
2021-06-04T19:54:10,26.7,27.3,58,48,700,9,0.4,245
2021-06-04T20:10:00,26.7,27.2,58,48,800,9,0.4,254
2021-06-04T20:25:41,26.6,26.4,58,49,800,8,0.3,250
2021-06-04T20:41:23,26.4,26.3,59,51,800,8,0.4,248
2021-06-04T20:57:05,26.4,25.4,63,55,800,8,0.3,200
2021-06-04T21:13:02,26.0,24.3,63,58,800,8,0.2,45
2021-06-04T21:28:44,25.6,23.8,63,61,800,8,0.1,179
2021-06-04T21:44:27,25.7,23.1,62,63,800,8,0.4,267
2021-06-04T22:00:10,25.6,22.5,63,66,700,8,0.8,260
2021-06-04T22:16:01,25.4,21.9,63,68,700,8,0.9,247
2021-06-04T22:31:43,25.3,21.7,63,68,700,8,1.1,245
2021-06-04T22:47:26,25.3,21.3,64,70,700,8,1.1,267
2021-06-04T23:03:16,25.3,21.0,65,71,700,8,1.2,252
2021-06-04T23:18:58,25.2,20.8,65,72,700,8,1.2,248
2021-06-04T23:34:40,25.1,20.7,65,73,700,8,0.7,218
2021-06-04T23:50:22,25.0,20.1,65,74,700,8,0.8,299
2021-06-05T00:06:13,24.9,19.6,65,75,700,8,0.7,327
2021-06-05T00:21:56,24.7,19.2,64,75,700,8,1.2,300
2021-06-05T00:37:39,24.5,18.9,65,76,800,8,0.9,261
2021-06-05T00:53:20,24.5,18.8,65,76,800,8,0.3,308
2021-06-05T01:09:11,24.5,18.4,64,77,800,8,0.2,221
2021-06-05T01:24:54,24.3,17.9,65,77,800,8,0.3,237
2021-06-05T01:40:35,24.3,17.6,64,76,800,8,1.2,241
2021-06-05T01:56:19,24.2,17.6,63,76,800,8,0.8,266
2021-06-05T02:12:11,24.0,17.4,62,76,700,8,1.6,255
2021-06-05T02:27:53,24.0,17.2,62,76,700,8,1.7,263
2021-06-05T02:43:37,23.8,17.0,61,76,700,8,0.9,263
2021-06-05T02:59:19,23.8,16.8,61,76,700,7,1.0,311
2021-06-05T03:15:16,23.7,16.7,61,76,700,7,1.0,300
2021-06-05T03:30:58,23.5,16.5,62,76,700,7,0.2,324
2021-06-05T03:46:41,23.4,16.5,61,77,700,7,0.4,321
2021-06-05T04:02:32,23.3,16.6,63,77,600,6,0.0,22
2021-06-05T04:18:14,23.2,16.8,61,76,600,6,0.4,344
2021-06-05T04:33:57,23.2,16.8,61,75,600,6,0.6,314
2021-06-05T04:49:40,23.2,16.9,61,76,600,7,0.3,315
2021-06-05T05:05:31,23.2,16.7,62,77,600,6,0.1,305
2021-06-05T05:21:14,23.1,16.5,61,78,600,5,0.8,301
2021-06-05T05:36:56,23.1,16.5,61,78,600,5,0.3,241
2021-06-05T05:52:38,23.1,16.5,62,78,600,6,0.2,26
2021-06-05T06:08:28,23.1,16.5,61,78,600,7,0.2,63
2021-06-05T06:24:10,23.0,16.5,61,76,600,6,0.4,291
2021-06-05T06:39:51,23.0,16.5,60,74,600,6,0.9,247
2021-06-05T06:55:34,22.9,16.4,60,75,600,5,0.9,329
2021-06-05T07:11:25,22.9,16.3,60,75,700,6,0.8,281
2021-06-05T07:27:08,22.9,16.4,60,75,600,6,0.2,309
2021-06-05T07:42:50,23.0,16.5,60,74,700,6,1.2,306
2021-06-05T07:58:33,22.9,16.4,60,73,700,6,0.4,306
2021-06-05T08:14:24,23.0,16.6,60,73,700,6,0.5,288
2021-06-05T08:30:07,22.9,16.5,61,73,800,6,0.4,188
2021-06-05T08:45:50,23.0,16.7,60,73,800,7,0.3,246
2021-06-05T09:01:41,23.0,17.1,60,71,700,6,0.1,0
2021-06-05T09:17:25,23.1,18.4,60,69,800,8,0.3,212
2021-06-05T09:33:13,23.2,19.1,62,67,700,8,0.9,71
2021-06-05T09:48:57,23.6,20.4,64,65,900,7,0.7,249
2021-06-05T10:04:48,23.6,20.3,62,66,800,7,0.2,143
2021-06-05T10:20:31,23.8,20.6,60,63,800,8,1.0,286
2021-06-05T10:36:13,23.9,20.5,61,64,900,8,0.4,199
2021-06-05T10:51:55,24.0,21.2,62,62,900,8,1.2,217
2021-06-05T11:07:52,24.0,20.5,64,64,900,9,0.3,269
2021-06-05T11:23:36,23.9,21.2,63,62,800,8,0.6,228
2021-06-05T11:39:18,23.9,22.3,64,59,800,8,2.1,229
2021-06-05T11:55:01,23.9,22.5,63,60,800,8,1.6,236
2021-06-05T12:10:52,24.1,23.3,64,57,900,9,0.4,118
2021-06-05T12:26:34,24.1,24.0,63,56,800,9,1.2,245
2021-06-05T12:42:16,24.2,22.8,62,58,800,8,1.8,236
2021-06-05T12:58:06,24.3,22.9,63,58,700,8,0.6,249
2021-06-05T13:14:02,24.4,24.1,61,55,700,8,2.3,87
2021-06-05T13:29:45,24.7,25.1,61,52,700,7,2.6,146
2021-06-05T13:45:28,24.8,24.4,60,54,700,8,1.2,238
2021-06-05T14:01:20,24.8,25.3,60,52,700,8,0.8,297
2021-06-05T14:17:02,24.8,25.0,60,53,700,8,2.1,276
2021-06-05T14:32:51,25.1,24.9,60,53,700,8,1.5,276
2021-06-05T14:48:33,25.1,25.0,59,52,700,7,0.3,229
2021-06-05T15:04:24,25.1,26.0,60,50,700,8,1.1,274
2021-06-05T15:20:05,25.3,26.0,60,51,700,8,1.8,253
2021-06-05T15:35:47,25.3,25.6,59,51,700,7,0.3,311
2021-06-05T15:51:30,25.4,25.6,59,50,700,7,3.1,211
2021-06-05T16:07:26,25.4,25.8,57,49,700,8,1.3,282
2021-06-05T16:23:13,25.5,26.8,57,47,700,8,0.7,334
2021-06-05T16:38:54,25.8,26.8,59,48,700,8,1.0,244
2021-06-05T16:54:35,25.8,27.0,58,47,700,8,0.9,259
2021-06-05T17:10:25,25.8,26.8,59,46,700,8,0.8,227
2021-06-05T17:26:06,25.8,26.6,58,47,700,8,0.8,288
2021-06-05T17:41:48,25.8,26.4,58,48,700,8,2.8,220
2021-06-05T17:57:30,25.8,27.1,57,46,700,7,1.0,190
2021-06-05T18:13:20,26.1,26.7,58,46,700,8,1.2,284
2021-06-05T18:29:01,26.2,26.7,59,47,800,8,1.4,238
2021-06-05T18:44:43,26.1,26.0,60,47,800,8,1.0,235
2021-06-05T19:00:33,25.9,25.9,60,49,800,8,1.2,283
2021-06-05T19:16:24,25.9,25.3,60,52,800,8,0.6,255
2021-06-05T19:32:05,25.9,25.1,60,51,800,8,1.4,262
2021-06-05T19:47:45,25.6,24.8,62,54,800,8,0.9,261
2021-06-05T20:03:35,25.6,24.1,60,53,800,8,2.1,210
2021-06-05T20:19:22,25.7,23.2,62,54,800,8,1.0,258
2021-06-05T20:35:02,25.5,23.1,59,55,800,8,1.0,248
2021-06-05T20:50:43,25.3,22.7,59,57,800,8,0.6,190
2021-06-05T21:06:34,25.3,22.6,59,57,800,8,1.3,245
2021-06-05T21:22:14,25.1,22.0,59,57,800,8,1.5,215
2021-06-05T21:37:55,25.0,21.5,59,57,800,8,0.4,243
2021-06-05T21:53:42,25.0,21.4,58,59,700,8,0.7,268
2021-06-05T22:09:30,24.9,21.1,58,59,700,8,0.7,261
2021-06-05T22:25:11,24.6,20.9,58,58,800,8,0.6,244
2021-06-05T22:40:52,24.5,20.5,57,60,800,8,0.7,268
2021-06-05T22:56:33,24.7,20.4,57,58,800,8,0.7,228
2021-06-05T23:12:22,24.5,20.2,57,58,800,8,1.2,267
2021-06-05T23:28:04,24.7,20.2,57,59,700,8,0.4,328
2021-06-05T23:43:45,24.5,20.3,58,59,700,8,0.3,48
2021-06-05T23:59:26,24.5,20.1,58,61,800,8,0.2,322
2021-06-06T00:15:22,24.5,20.1,57,62,800,9,0.4,331
2021-06-06T00:31:04,24.5,19.8,58,63,800,8,0.4,27
2021-06-06T00:46:47,24.5,19.4,60,65,700,8,0.4,45
2021-06-06T01:02:38,24.3,19.3,61,66,800,8,0.4,318
2021-06-06T01:18:19,24.2,19.4,62,66,800,8,0.8,221
2021-06-06T01:34:01,24.2,18.3,61,72,800,8,0.4,338
2021-06-06T01:49:50,24.0,17.9,62,72,700,8,0.4,302
2021-06-06T02:05:40,24.1,18.0,60,70,800,9,0.5,336
2021-06-06T02:21:22,24.1,18.0,60,71,800,8,0.4,327
2021-06-06T02:37:05,24.1,17.8,62,74,800,8,0.4,67
2021-06-06T02:52:47,24.0,17.5,63,75,800,8,0.4,337
2021-06-06T03:08:39,23.9,17.4,63,75,800,8,0.7,43
2021-06-06T03:24:21,23.9,17.2,63,78,800,8,0.7,306
2021-06-06T03:40:03,23.9,17.3,63,77,800,8,0.4,101
2021-06-06T03:55:51,23.9,17.2,64,80,800,8,0.4,17
2021-06-06T04:11:41,23.8,17.3,64,79,800,8,0.3,314
2021-06-06T04:27:23,23.8,17.4,64,79,800,8,0.8,287
2021-06-06T04:43:06,23.8,17.4,64,77,800,8,0.2,49
2021-06-06T04:58:48,23.8,17.5,65,79,800,8,0.5,320
2021-06-06T05:14:38,23.7,17.3,65,79,800,8,0.6,72
2021-06-06T05:30:20,23.4,17.2,66,81,800,8,0.3,37
2021-06-06T05:46:02,23.5,17.1,67,83,800,8,0.4,331
2021-06-06T06:01:53,23.4,16.9,66,83,800,8,0.7,339
2021-06-06T06:17:36,23.3,17.0,67,81,700,6,0.4,77
2021-06-06T06:33:18,23.3,17.0,66,82,700,6,0.3,294
2021-06-06T06:49:00,23.2,17.2,67,82,700,7,0.2,300
2021-06-06T07:04:50,23.2,17.3,68,82,700,7,0.7,302
2021-06-06T07:20:32,23.2,17.0,66,82,700,7,0.4,334
2021-06-06T07:36:14,23.4,17.2,67,82,700,7,0.7,316
2021-06-06T07:51:56,23.3,17.4,69,80,700,7,0.8,290
2021-06-06T08:07:46,23.3,17.6,66,78,700,8,0.9,245
2021-06-06T08:23:28,23.3,17.7,66,77,700,8,0.9,259
2021-06-06T08:39:10,23.4,17.9,67,77,700,7,0.7,264
2021-06-06T08:54:58,23.3,18.1,68,76,800,7,0.6,257
2021-06-06T09:10:50,23.6,18.4,68,73,800,7,0.1,89
2021-06-06T09:26:32,23.6,18.9,65,72,800,7,1.6,284
2021-06-06T09:42:15,23.6,19.1,66,71,700,7,0.5,202
2021-06-06T09:57:58,23.6,19.2,66,72,800,7,1.4,298
2021-06-06T10:13:49,23.6,19.4,67,71,800,8,1.0,250
2021-06-06T10:29:33,23.7,19.9,67,71,800,9,2.7,319
2021-06-06T10:45:15,23.9,20.1,67,71,900,9,1.1,246
2021-06-06T11:01:07,23.9,20.3,69,71,800,9,0.7,225
2021-06-06T11:16:50,24.1,20.0,69,72,900,9,2.7,233
2021-06-06T11:32:33,24.1,19.6,69,74,800,9,0.9,109
2021-06-06T11:48:16,24.1,19.5,67,73,800,9,2.7,270
2021-06-06T12:04:06,24.1,20.6,67,69,800,9,1.4,317
2021-06-06T12:19:49,24.1,20.9,66,68,800,9,0.6,283
2021-06-06T12:35:31,24.2,22.4,65,63,800,9,1.3,287
2021-06-06T12:51:15,24.3,22.3,66,64,700,8,2.6,196
2021-06-06T13:07:06,24.5,21.4,66,67,700,8,1.1,296
2021-06-06T13:22:49,24.5,24.0,65,59,700,7,2.3,238
2021-06-06T13:38:32,24.6,23.7,64,59,700,8,0.7,228
2021-06-06T13:54:15,24.8,23.5,63,59,700,8,2.1,213
2021-06-06T14:10:07,24.8,25.1,62,56,700,8,1.8,258
2021-06-06T14:25:49,24.8,25.3,62,53,700,8,1.0,295
2021-06-06T14:41:32,24.9,25.6,60,52,700,8,1.0,217
2021-06-06T14:57:14,25.1,26.5,61,52,700,7,1.1,225
2021-06-06T15:13:05,25.1,26.7,61,51,700,8,0.6,284
2021-06-06T15:28:48,25.3,26.7,59,48,700,8,0.9,216
2021-06-06T15:44:30,25.4,26.8,57,45,600,8,0.5,80
2021-06-06T16:00:11,25.4,27.6,55,39,700,7,1.4,334
2021-06-06T16:16:02,25.4,27.6,54,37,600,7,0.9,271
2021-06-06T16:31:49,25.4,27.5,52,34,600,7,2.1,232
2021-06-06T16:47:37,25.4,28.3,51,31,600,7,1.4,280
2021-06-06T17:03:26,25.7,28.7,50,31,700,7,1.1,286
2021-06-06T17:19:07,25.8,28.8,51,33,700,8,0.8,255
2021-06-06T17:34:49,25.9,29.1,51,31,700,8,1.0,286
2021-06-06T17:50:30,26.1,28.4,52,32,700,8,0.8,306
2021-06-06T18:06:19,26.1,29.1,52,31,700,8,0.6,220
2021-06-06T18:22:01,26.1,28.7,53,34,700,8,1.8,248
2021-06-06T18:37:42,26.1,28.7,54,34,700,8,1.5,109
2021-06-06T18:53:30,26.1,28.4,53,33,700,8,0.7,99
2021-06-06T19:09:20,26.2,28.2,52,32,800,8,0.3,288
2021-06-06T19:25:02,26.3,27.9,51,33,800,8,1.6,288
2021-06-06T19:40:43,26.2,28.0,51,34,700,8,0.2,268
2021-06-06T19:56:31,26.1,27.6,51,32,700,8,0.4,299
2021-06-06T20:12:22,26.1,26.9,51,34,800,8,0.9,232
2021-06-06T20:28:04,26.0,26.7,50,35,800,8,0.7,223
2021-06-06T20:43:52,26.0,26.6,48,33,700,8,0.6,260
2021-06-06T20:59:33,26.0,26.3,50,34,800,8,0.4,286
2021-06-06T21:15:24,25.9,25.0,52,39,800,9,0.3,223
2021-06-06T21:31:05,25.5,24.0,52,39,800,9,0.3,156
2021-06-06T21:46:46,25.3,23.3,52,44,800,8,0.2,215
2021-06-06T22:02:36,25.2,22.8,52,46,800,9,0.2,223
2021-06-06T22:18:18,25.1,22.5,51,40,800,8,0.4,113
2021-06-06T22:33:59,25.0,21.8,52,45,800,8,0.4,140
2021-06-06T22:49:42,25.0,21.3,56,53,800,8,0.1,268
2021-06-06T23:05:33,24.9,19.5,59,64,800,7,1.0,110
2021-06-06T23:21:16,24.5,19.0,59,67,800,8,1.1,138
2021-06-06T23:36:59,24.4,18.7,59,68,800,8,0.7,93
2021-06-06T23:52:41,24.5,18.6,58,68,800,8,0.7,110
2021-06-07T00:08:32,24.5,18.2,59,69,800,8,0.5,65
2021-06-07T00:24:15,24.3,17.9,60,70,800,8,1.4,132
2021-06-07T00:39:57,24.3,17.7,61,71,800,8,0.9,81
2021-06-07T00:55:45,24.2,17.4,61,72,800,8,1.3,119
2021-06-07T01:11:37,24.1,17.3,60,72,700,8,1.1,131
2021-06-07T01:27:20,24.0,16.9,60,73,800,9,1.5,105
2021-06-07T01:43:08,24.0,16.7,61,74,800,8,1.4,103
2021-06-07T01:58:52,24.0,16.5,61,75,800,8,1.9,116
2021-06-07T02:14:42,23.9,16.4,61,75,800,9,1.2,127
2021-06-07T02:30:24,23.8,16.2,62,76,800,9,1.4,111
2021-06-07T02:46:07,23.8,15.9,61,77,800,8,1.3,129
2021-06-07T03:01:58,23.7,15.7,61,77,800,8,1.3,84
2021-06-07T03:17:46,23.5,15.5,60,78,700,8,1.1,143
2021-06-07T03:33:28,23.3,15.4,60,78,600,7,0.8,117
2021-06-07T03:49:10,23.3,15.1,60,79,700,6,0.6,124
2021-06-07T04:05:00,23.2,14.9,59,79,700,6,1.1,120
2021-06-07T04:20:43,23.1,14.7,59,80,600,6,1.1,101
2021-06-07T04:36:26,23.0,14.5,60,81,700,5,0.2,237
2021-06-07T04:52:09,23.0,14.4,59,82,700,7,0.5,300
2021-06-07T05:08:00,23.0,14.2,59,82,700,7,0.2,177
2021-06-07T05:23:43,22.9,14.0,59,82,700,7,0.3,226
2021-06-07T05:39:27,23.0,13.5,59,83,700,7,0.4,179
2021-06-07T05:55:09,22.9,13.4,59,83,700,7,0.3,179
2021-06-07T06:11:06,22.9,13.0,59,84,700,7,0.0,90
2021-06-07T06:26:49,22.9,13.3,59,86,800,8,0.3,308
2021-06-07T06:42:33,22.9,13.6,60,83,800,8,0.4,280
2021-06-07T06:58:15,22.9,13.7,60,82,800,8,0.2,303
2021-06-07T07:14:06,22.8,13.3,60,81,800,8,0.4,239
2021-06-07T07:29:49,22.9,13.5,60,82,800,8,0.2,146
2021-06-07T07:45:32,22.9,13.8,60,80,800,7,0.7,299
2021-06-07T08:01:24,22.9,14.3,62,79,900,8,0.4,175
2021-06-07T08:17:07,22.9,15.2,61,78,900,8,0.6,330
2021-06-07T08:32:51,23.0,16.1,61,72,800,7,0.9,29
2021-06-07T08:48:35,22.8,16.6,57,70,700,5,1.1,263
2021-06-07T09:04:26,23.0,17.0,59,68,800,6,2.3,274
2021-06-07T09:20:04,23.1,17.1,58,69,800,6,0.4,297
2021-06-07T09:35:43,23.1,18.3,57,64,700,6,1.0,271
2021-06-07T09:51:20,23.1,18.7,56,65,700,6,1.8,275
2021-06-07T10:07:09,23.2,19.0,56,65,700,7,1.3,309
2021-06-07T10:22:50,23.3,19.4,57,63,700,7,0.9,262
2021-06-07T10:38:29,23.6,20.1,58,61,800,7,1.0,229
2021-06-07T10:54:07,23.6,20.7,56,56,800,7,1.2,205
2021-06-07T11:09:56,23.9,20.8,57,57,800,8,1.1,93
2021-06-07T11:25:42,24.0,22.1,60,55,800,7,1.2,243
2021-06-07T11:41:24,23.8,22.0,58,55,700,7,1.0,255
2021-06-07T11:57:02,23.9,22.6,58,52,800,7,2.1,265
2021-06-07T12:12:50,23.9,23.6,59,50,700,7,1.2,267
2021-06-07T12:28:30,24.1,23.8,59,50,700,7,1.4,257
2021-06-07T12:44:09,24.2,23.8,57,49,700,8,0.2,46
2021-06-07T12:59:48,24.2,24.2,56,48,700,7,0.5,196
2021-06-07T13:15:37,24.3,25.6,57,45,700,7,1.9,96
2021-06-07T13:31:15,24.4,25.7,56,45,700,7,0.4,289
2021-06-07T13:46:54,24.7,26.5,56,43,700,7,0.4,293
2021-06-07T14:02:44,24.8,27.0,56,42,600,6,1.9,271
2021-06-07T14:18:27,24.8,26.9,56,42,600,6,1.6,284
2021-06-07T14:34:10,24.8,27.3,56,42,600,6,0.8,290
2021-06-07T14:49:53,25.1,27.8,55,39,600,5,1.7,249
2021-06-07T15:05:45,25.1,28.1,55,38,600,5,0.3,176
2021-06-07T15:21:28,25.3,29.4,55,36,600,6,2.3,225
2021-06-07T15:37:10,25.4,29.5,53,36,600,5,1.8,268
2021-06-07T15:52:53,25.7,30.0,52,33,600,6,0.8,157
2021-06-07T16:08:43,25.8,29.7,53,32,600,6,0.9,250
2021-06-07T16:24:24,26.1,30.1,50,29,600,6,1.0,330
2021-06-07T16:40:06,26.2,30.3,50,30,600,7,1.5,245
2021-06-07T16:55:47,26.3,30.8,48,29,600,7,0.8,297
2021-06-07T17:11:44,26.3,30.5,47,26,600,6,0.9,239
2021-06-07T17:27:30,26.6,30.9,46,26,600,7,1.3,267
2021-06-07T17:43:11,26.7,30.5,46,22,600,7,2.5,245
2021-06-07T17:58:52,26.7,30.8,44,23,700,7,0.7,327
2021-06-07T18:14:41,27.0,30.5,46,23,700,8,0.8,291
2021-06-07T18:30:29,26.9,30.6,44,22,700,8,2.2,278
2021-06-07T18:46:10,26.9,30.8,43,19,700,8,1.0,107
2021-06-07T19:02:00,26.9,30.5,44,21,700,8,1.5,273
2021-06-07T19:17:40,27.1,30.4,45,20,800,8,0.4,286
2021-06-07T19:33:21,26.9,30.0,43,21,700,8,1.2,118
2021-06-07T19:49:01,26.9,29.8,44,21,700,7,1.6,202
2021-06-07T20:04:50,26.8,29.5,44,21,700,7,2.0,279
2021-06-07T20:20:31,26.8,29.3,45,23,700,8,0.3,283
2021-06-07T20:36:12,26.8,28.5,46,26,700,7,0.8,209
2021-06-07T20:51:54,26.5,28.1,46,30,700,7,0.7,62
2021-06-07T21:07:43,26.3,26.8,48,31,700,8,0.8,238
2021-06-07T21:23:25,26.0,25.3,47,37,700,7,0.6,245
2021-06-07T21:39:07,25.6,24.8,46,39,700,7,0.0,179
2021-06-07T21:54:54,25.4,23.8,47,37,700,8,0.2,283
2021-06-07T22:10:43,25.4,23.8,48,35,700,8,0.2,293
2021-06-07T22:26:30,25.3,22.5,55,53,700,7,2.1,62
2021-06-07T22:42:12,25.3,22.3,59,60,700,7,0.4,77
2021-06-07T22:57:55,25.3,21.1,60,66,700,7,2.2,89
2021-06-07T23:13:50,25.2,20.9,59,65,700,7,2.3,105
2021-06-07T23:29:33,25.0,20.5,57,60,700,7,1.8,105
2021-06-07T23:45:21,24.9,20.1,57,63,700,7,3.6,96
2021-06-08T00:01:12,24.7,20.0,59,65,700,7,1.7,85
2021-06-08T00:16:54,24.6,19.7,60,69,700,8,1.5,105
2021-06-08T00:32:37,24.6,19.6,59,68,700,8,0.6,221
2021-06-08T00:48:19,24.5,19.1,58,67,700,8,1.0,100
2021-06-08T01:04:11,24.6,18.9,60,67,800,8,2.5,114
2021-06-08T01:19:53,24.5,18.5,59,69,800,8,2.4,104
2021-06-08T01:35:35,24.5,18.3,59,69,800,8,1.6,90
2021-06-08T01:51:18,24.5,18.2,59,69,800,7,0.9,77
2021-06-08T02:07:10,24.3,18.2,59,70,700,7,1.6,104
2021-06-08T02:22:53,24.3,17.8,59,71,700,7,2.1,126
2021-06-08T02:38:35,24.2,17.5,60,72,800,8,0.9,90
2021-06-08T02:54:18,24.1,17.4,60,72,700,8,1.4,133
2021-06-08T03:10:09,24.0,17.3,60,73,700,8,1.6,93
2021-06-08T03:25:52,24.0,17.1,60,73,700,8,0.8,113
2021-06-08T03:41:35,24.0,16.9,60,74,700,7,0.2,153
2021-06-08T03:57:18,23.8,16.8,60,74,700,7,1.5,119
2021-06-08T04:13:11,23.8,16.4,60,75,700,7,0.5,74
2021-06-08T04:28:54,23.7,16.3,60,76,700,7,0.7,123
2021-06-08T04:44:36,23.4,16.0,59,76,700,7,0.3,89
2021-06-08T05:00:19,23.4,15.9,59,77,600,5,0.6,107
2021-06-08T05:16:10,23.4,15.8,59,77,700,5,0.3,236
2021-06-08T05:31:53,23.3,15.5,60,78,600,5,0.5,84
2021-06-08T05:47:35,23.2,15.5,60,78,600,5,0.5,50
2021-06-08T06:03:27,23.2,15.3,60,78,600,6,1.3,118
2021-06-08T06:19:10,23.2,15.1,60,79,600,5,1.1,134
2021-06-08T06:34:53,23.0,15.0,60,79,600,5,0.3,124
2021-06-08T06:50:35,23.0,14.9,61,79,700,5,0.7,131
2021-06-08T07:06:26,23.0,15.1,61,79,700,6,0.6,111
2021-06-08T07:22:09,23.0,15.3,61,78,700,6,0.4,332
2021-06-08T07:37:52,22.9,15.1,62,80,700,6,0.4,308
2021-06-08T07:53:35,22.9,15.5,63,81,700,6,0.2,325
2021-06-08T08:09:29,23.0,16.6,63,78,800,6,0.4,254
2021-06-08T08:25:13,23.0,18.8,61,68,600,4,0.6,120
2021-06-08T08:40:57,23.1,19.6,64,66,700,5,0.7,155
2021-06-08T08:56:42,23.1,20.8,63,64,600,4,0.4,201
2021-06-08T09:12:29,22.9,20.8,62,67,500,3,0.7,278
2021-06-08T09:28:09,23.1,21.0,62,66,600,3,0.2,196
2021-06-08T09:43:46,23.1,21.2,63,66,500,4,0.7,138
2021-06-08T09:59:24,23.3,21.8,63,66,600,3,0.2,151
2021-06-08T10:03:02,23.5,22.0,64,65,600,3,0.9,259
2021-06-08T10:18:42,23.7,22.8,63,63,500,3,0.5,133
2021-06-08T10:34:21,24.2,23.2,66,60,700,4,0.1,313
2021-06-08T10:50:01,24.5,23.6,67,60,800,6,0.9,233
2021-06-08T11:05:49,24.6,24.7,67,57,900,8,0.7,220
2021-06-08T11:21:39,24.7,25.0,67,56,800,8,0.2,118
2021-06-08T11:37:21,24.8,25.5,65,54,800,8,1.3,278
2021-06-08T11:53:04,25.0,25.7,63,52,700,7,0.6,169
2021-06-08T12:08:54,25.0,27.0,62,47,700,7,0.9,201
2021-06-08T12:24:36,25.1,27.5,62,46,700,7,1.1,257
2021-06-08T12:40:21,25.2,27.7,61,45,700,7,0.9,75
2021-06-08T12:56:38,25.3,27.9,59,43,600,7,0.2,146
2021-06-08T13:12:26,25.4,28.1,59,43,600,7,0.1,178
2021-06-08T13:28:08,25.5,29.0,57,37,600,7,0.7,197
2021-06-08T13:43:47,25.8,28.6,55,39,600,7,1.5,195
2021-06-08T13:59:28,25.8,29.6,54,41,600,6,0.8,227
2021-06-08T14:15:17,26.0,29.9,54,36,700,6,0.9,236
2021-06-08T14:30:55,26.2,30.4,53,33,600,6,0.9,144
2021-06-08T14:46:32,26.3,29.9,52,34,600,7,2.2,249
2021-06-08T15:02:19,26.6,30.3,50,30,600,7,1.1,250
2021-06-08T15:17:58,26.8,30.9,50,31,600,6,0.6,214
2021-06-08T15:33:36,27.0,31.4,50,31,700,7,1.0,246
2021-06-08T15:49:14,27.2,31.5,51,31,700,7,0.7,206
2021-06-08T16:05:01,27.3,32.1,49,29,600,6,1.7,241
2021-06-08T16:20:40,27.4,32.0,49,29,600,6,1.0,151
2021-06-08T16:36:23,27.4,31.8,48,31,600,7,0.9,246
2021-06-08T16:52:01,27.4,31.8,50,28,600,7,0.7,230
2021-06-08T17:07:47,27.8,32.1,49,28,600,7,1.1,186
2021-06-08T17:23:25,27.9,32.2,48,29,700,7,1.0,259
2021-06-08T17:39:03,28.0,32.2,44,28,700,8,1.2,144
2021-06-08T17:54:42,28.0,33.1,46,23,700,8,0.9,281
2021-06-08T18:10:28,28.1,33.0,44,24,700,8,1.2,274
2021-06-08T18:26:07,28.1,32.3,44,26,700,8,0.6,298
2021-06-08T18:41:45,28.1,32.4,45,25,700,8,1.0,277
2021-06-08T18:57:23,28.1,32.7,44,23,700,7,0.2,267
2021-06-08T19:13:10,28.3,32.3,44,25,700,8,0.3,284
2021-06-08T19:28:48,28.3,32.1,45,24,700,8,0.4,280
2021-06-08T19:44:26,28.3,32.3,46,25,700,8,0.2,226
2021-06-08T20:00:04,28.3,32.0,48,24,700,8,0.7,222
2021-06-08T20:15:52,28.3,30.5,49,30,800,8,1.3,242
2021-06-08T20:31:30,28.1,29.8,56,37,800,8,1.0,240
2021-06-08T20:47:09,27.9,27.9,57,47,700,8,1.3,258
2021-06-08T21:02:55,27.6,26.9,60,53,800,8,1.8,240
2021-06-08T21:18:33,27.3,26.6,60,53,700,8,1.2,219
2021-06-08T21:34:11,27.2,25.4,60,56,700,8,1.1,223
2021-06-08T21:49:49,26.9,25.0,60,57,700,8,1.4,225
2021-06-08T22:05:36,26.8,24.5,60,58,800,9,0.2,117
2021-06-08T22:21:20,26.8,24.3,60,60,700,8,1.3,123
2021-06-08T22:36:59,26.4,23.2,61,64,700,8,1.5,95
2021-06-08T22:52:38,26.3,22.3,60,66,700,9,1.0,138
2021-06-08T23:08:26,26.2,21.8,61,67,700,8,0.8,131
2021-06-08T23:24:04,26.1,21.6,61,68,700,10,0.4,31
2021-06-08T23:39:43,25.9,21.5,61,68,700,9,1.4,106
2021-06-08T23:55:22,25.8,21.3,62,70,700,9,0.3,2
2021-06-09T00:11:09,25.8,21.1,63,71,700,10,2.1,112
2021-06-09T00:26:48,25.7,20.9,63,70,700,9,1.3,98
2021-06-09T00:42:26,25.6,20.9,64,70,800,8,1.7,113
2021-06-09T00:58:11,25.6,20.8,63,71,700,8,0.5,120
2021-06-09T01:14:00,25.5,20.8,63,70,700,8,1.4,113
2021-06-09T01:29:39,25.5,20.8,62,70,700,8,1.4,226
2021-06-09T01:45:19,25.5,20.8,61,69,700,8,0.9,170
2021-06-09T02:01:07,25.5,20.5,60,69,700,8,0.6,140
2021-06-09T02:16:46,25.3,20.2,60,69,700,8,0.4,282
2021-06-09T02:32:31,25.2,20.1,61,69,700,8,0.3,210
2021-06-09T02:48:16,25.2,19.4,61,72,700,8,0.7,236
2021-06-09T03:04:04,25.1,19.4,61,72,700,7,0.2,222
2021-06-09T03:19:43,25.0,19.2,60,72,700,8,0.1,179
2021-06-09T03:35:23,25.0,19.0,61,71,700,8,0.2,175
2021-06-09T03:51:02,24.7,18.9,60,72,600,8,0.3,311
2021-06-09T04:06:50,24.7,18.7,60,71,600,7,0.4,10
2021-06-09T04:22:29,24.6,18.6,61,72,700,7,0.1,268
2021-06-09T04:38:08,24.5,18.4,61,72,700,8,0.3,109
2021-06-09T04:53:48,24.5,18.3,60,73,700,8,0.4,215
2021-06-09T05:09:35,24.3,17.9,60,74,700,8,0.6,299
2021-06-09T05:25:15,24.3,17.9,61,73,700,8,0.3,203
2021-06-09T05:40:54,24.1,17.6,61,74,700,8,0.2,1
2021-06-09T05:56:33,24.0,17.6,60,75,700,8,0.3,239
2021-06-09T06:12:20,24.0,17.2,62,76,700,8,0.5,322
2021-06-09T06:27:58,24.0,16.8,63,77,800,8,0.2,268
2021-06-09T06:43:37,24.1,17.4,62,75,700,8,0.5,313
2021-06-09T06:59:15,24.0,17.7,61,74,800,8,0.3,283
2021-06-09T07:15:02,24.1,18.0,62,74,800,8,0.7,34
2021-06-09T07:30:41,24.1,17.6,63,75,800,10,0.7,72
2021-06-09T07:46:21,24.0,17.3,64,77,800,9,0.7,28
2021-06-09T08:02:07,24.1,17.9,65,76,800,9,0.2,318
2021-06-09T08:17:58,24.2,19.4,67,72,800,10,0.6,90
2021-06-09T08:33:48,24.4,20.9,68,69,800,9,0.6,102
2021-06-09T08:38:49,24.4,21.4,68,69,800,10,0.4,281
2021-06-09T08:54:28,24.8,21.7,67,69,800,10,0.6,71
2021-06-09T09:10:15,24.6,22.6,68,68,700,9,0.4,220
2021-06-09T09:25:52,24.5,23.5,67,65,700,8,0.5,118
2021-06-09T09:41:32,24.8,24.4,66,62,700,9,0.3,250
2021-06-09T09:57:10,24.8,24.9,65,59,800,8,0.4,317
2021-06-09T10:13:00,24.8,24.5,65,59,800,8,0.2,190
2021-06-09T10:28:39,25.0,24.7,64,58,700,8,0.6,219
2021-06-09T10:44:18,25.1,26.0,61,51,700,8,0.2,123
2021-06-09T10:59:58,25.1,26.3,61,48,700,8,0.4,159
2021-06-09T11:15:46,25.3,26.9,59,44,700,8,0.1,165
2021-06-09T11:31:25,25.4,27.2,60,45,800,8,1.2,212
2021-06-09T11:47:02,25.5,27.9,58,41,700,8,0.8,226
2021-06-09T12:02:48,25.6,28.1,57,43,700,8,0.8,136
2021-06-09T12:18:25,25.7,28.9,56,41,600,7,0.7,194
2021-06-09T12:34:03,25.7,28.8,55,40,600,7,1.3,179
2021-06-09T12:49:45,25.8,29.8,55,36,600,7,0.4,246
2021-06-09T13:05:34,26.1,30.6,55,37,700,7,0.1,267
2021-06-09T13:21:11,26.3,30.6,56,38,600,7,0.4,230
2021-06-09T13:36:54,26.7,30.7,55,37,600,8,0.8,179
2021-06-09T13:52:33,26.7,30.9,55,36,600,8,0.5,196
2021-06-09T14:08:19,27.1,31.6,55,36,600,7,1.4,218
2021-06-09T14:23:58,27.1,31.3,54,43,600,7,2.8,214
2021-06-09T14:39:43,27.1,31.5,55,37,600,7,0.2,179
2021-06-09T14:55:21,27.4,31.7,56,39,600,7,1.1,289
2021-06-09T15:11:08,27.4,32.6,54,38,600,7,0.4,171
2021-06-09T15:26:46,27.8,33.2,55,37,600,7,0.3,248
2021-06-09T15:42:24,27.9,33.4,55,37,600,8,0.8,256
2021-06-09T15:58:03,28.0,33.0,54,40,600,8,1.4,254
2021-06-09T16:13:50,28.3,33.0,51,34,600,8,2.0,106
2021-06-09T16:29:29,28.3,33.8,49,26,600,7,0.1,89
2021-06-09T16:45:12,28.3,32.7,50,31,700,7,0.5,169
2021-06-09T17:01:00,28.3,31.4,50,35,600,8,0.3,267
2021-06-09T17:16:42,28.1,31.5,50,34,600,8,0.5,286
2021-06-09T17:32:20,28.1,31.1,50,34,700,8,0.5,267
2021-06-09T17:47:59,28.2,30.6,50,34,700,8,0.2,306
2021-06-09T18:03:45,28.1,30.3,50,36,600,8,0.2,302
2021-06-09T18:19:30,28.0,29.6,54,41,600,8,0.5,215
2021-06-09T18:35:09,27.9,29.3,53,40,700,8,0.4,305
2021-06-09T18:50:50,27.8,29.2,53,41,600,8,0.2,316
2021-06-09T19:06:44,27.6,28.9,51,39,600,8,0.1,236
2021-06-09T19:22:22,27.6,28.9,55,36,700,8,1.0,261
2021-06-09T19:38:01,27.6,27.1,58,49,700,8,0.8,240
2021-06-09T19:53:39,27.3,26.7,59,50,700,9,0.4,104
2021-06-09T20:09:32,27.3,26.3,58,50,700,9,0.9,76
2021-06-09T20:25:11,27.2,26.1,58,50,700,9,1.6,96
2021-06-09T20:40:49,26.9,25.5,57,49,700,9,1.3,159
2021-06-09T20:56:28,26.7,24.9,57,50,700,11,2.5,104
2021-06-09T21:12:15,26.6,24.5,56,50,700,9,2.9,109
2021-06-09T21:27:54,26.4,24.2,56,51,700,10,0.8,193
2021-06-09T21:43:32,26.3,23.7,57,54,700,9,0.6,157
2021-06-09T21:59:10,26.2,22.7,57,57,700,10,0.5,192
2021-06-09T22:14:57,26.0,22.5,58,59,700,9,1.9,91
2021-06-09T22:30:35,25.7,21.8,58,62,700,9,0.5,121
2021-06-09T22:46:13,25.6,21.3,59,63,700,10,0.6,60
2021-06-09T23:01:59,25.5,21.1,59,64,700,9,0.5,115
2021-06-09T23:17:38,25.4,20.8,59,66,700,9,0.9,130
2021-06-09T23:33:21,25.3,20.3,60,67,700,8,0.1,296
2021-06-09T23:48:59,25.2,20.2,60,67,700,8,0.5,130
2021-06-10T00:04:51,25.1,20.1,60,67,700,8,0.5,103
2021-06-10T00:20:30,25.1,20.0,59,67,700,9,0.5,245
2021-06-10T00:36:07,25.1,20.1,59,66,700,8,1.1,99
2021-06-10T00:51:45,25.1,20.0,59,67,700,8,0.1,64
2021-06-10T01:07:33,25.1,19.8,59,67,700,10,0.3,157
2021-06-10T01:23:11,25.0,19.2,60,70,700,8,0.2,314
2021-06-10T01:38:49,24.9,18.9,61,70,700,8,0.1,90
2021-06-10T01:54:27,24.7,18.6,60,71,700,8,0.0,0
2021-06-10T02:10:13,24.5,18.4,60,72,700,8,0.2,222
2021-06-10T02:25:52,24.5,18.1,61,73,700,8,0.2,172
2021-06-10T02:41:30,24.5,18.0,61,73,700,8,0.3,223
2021-06-10T02:57:08,24.5,17.7,60,74,700,8,0.4,219
2021-06-10T03:12:54,24.4,17.5,61,76,700,8,0.5,305
2021-06-10T03:28:32,24.3,17.8,60,74,700,8,0.3,126
2021-06-10T03:44:11,24.3,17.6,60,73,700,8,0.5,54
2021-06-10T03:59:49,24.3,17.6,60,73,700,8,0.2,67
2021-06-10T04:15:37,24.3,17.8,59,72,700,8,0.3,332
2021-06-10T04:31:15,24.2,17.7,60,73,700,8,0.1,1
2021-06-10T04:46:53,24.2,17.4,60,75,700,8,0.5,106
2021-06-10T05:02:40,24.1,17.4,60,75,700,8,0.3,309
2021-06-10T05:18:18,24.0,16.8,60,77,700,8,0.8,319
2021-06-10T05:33:56,23.8,16.2,61,78,700,8,0.6,292
2021-06-10T05:49:35,23.7,15.9,61,81,800,8,0.7,338
2021-06-10T06:05:23,23.4,15.9,61,79,700,8,0.7,304
2021-06-10T06:21:01,23.2,15.5,61,80,700,8,0.4,292
2021-06-10T06:36:39,23.2,15.5,61,80,700,8,0.0,106
2021-06-10T06:52:18,23.1,15.2,61,81,700,7,0.2,42
2021-06-10T07:08:04,23.1,14.9,61,82,700,7,0.2,216
2021-06-10T07:23:43,23.1,15.4,62,82,700,7,0.6,17
2021-06-10T07:39:22,23.2,15.9,64,81,700,7,0.0,69
2021-06-10T07:55:00,23.4,16.4,65,79,700,7,0.3,228
2021-06-10T08:10:47,23.4,16.4,65,82,700,7,0.2,268
2021-06-10T08:26:30,23.6,17.5,66,78,800,8,0.3,178
2021-06-10T08:42:13,23.9,19.7,65,69,900,9,0.1,90
2021-06-10T08:57:53,24.1,20.2,67,68,900,10,0.5,218
2021-06-10T09:13:43,24.2,20.4,69,69,1000,10,0.8,215
2021-06-10T09:29:25,24.3,21.3,69,67,900,9,1.3,212
2021-06-10T09:45:09,24.4,22.0,68,66,800,9,0.5,291
2021-06-10T10:00:58,24.8,22.4,67,65,900,9,0.8,137
2021-06-10T10:16:36,24.8,23.1,68,62,800,9,0.2,213
2021-06-10T10:32:15,24.8,23.3,69,62,900,9,0.9,200
2021-06-10T10:47:54,24.8,24.0,68,61,800,9,1.8,216
2021-06-10T11:03:43,25.0,24.0,68,63,800,9,0.3,141
2021-06-10T11:19:38,25.4,24.7,68,62,700,8,1.6,281
2021-06-10T11:35:20,25.4,25.3,68,61,700,8,0.5,261
2021-06-10T11:51:06,25.4,26.3,68,59,700,8,0.4,136
2021-06-10T12:06:55,25.4,26.5,66,58,700,8,0.9,266
2021-06-10T12:23:14,25.4,27.8,65,53,600,8,1.5,286
2021-06-10T12:38:55,25.5,27.9,63,53,600,7,0.5,288
2021-06-10T12:54:36,25.8,28.9,64,50,600,8,1.8,233
2021-06-10T13:10:25,26.1,28.9,61,49,600,8,0.7,304
2021-06-10T13:26:04,26.3,29.3,60,48,600,7,1.9,147
2021-06-10T13:41:43,26.3,28.8,59,46,600,8,0.6,262
2021-06-10T13:57:31,26.7,29.5,58,45,600,8,0.2,262
2021-06-10T14:13:19,26.5,30.4,57,52,600,7,0.9,281
2021-06-10T14:29:02,26.7,29.7,56,43,600,7,0.4,204
2021-06-10T14:44:41,27.1,30.8,56,40,600,8,0.7,36
2021-06-10T15:00:19,28.0,30.8,48,41,500,3,1.3,169
2021-06-10T15:16:07,28.0,32.0,49,42,500,3,0.4,286
2021-06-10T15:31:52,28.1,32.3,56,38,600,8,0.2,264
2021-06-10T15:47:31,27.9,32.4,57,37,600,9,0.4,247
2021-06-10T16:03:22,27.6,31.4,58,37,600,9,0.8,206
2021-06-10T16:19:00,27.8,32.3,57,38,600,8,0.2,302
2021-06-10T16:34:39,27.9,32.0,58,37,600,8,0.0,3
2021-06-10T16:50:18,27.9,32.2,57,36,600,8,1.9,233
2021-06-10T17:06:10,27.9,32.3,57,36,600,8,0.4,233
2021-06-10T17:21:49,27.9,32.3,56,37,600,8,1.4,252
2021-06-10T17:37:27,28.0,31.9,56,37,600,8,0.2,220
2021-06-10T17:53:06,28.0,32.7,58,35,600,8,0.2,138
2021-06-10T18:08:54,28.0,31.9,55,34,600,9,1.6,241
2021-06-10T18:24:32,28.0,31.4,57,35,700,8,0.4,318
2021-06-10T18:40:11,28.0,30.5,56,36,700,9,1.8,246
2021-06-10T18:55:49,27.6,30.4,55,36,600,8,1.6,222
2021-06-10T19:11:37,27.6,29.9,56,36,600,9,1.6,261
2021-06-10T19:27:15,27.6,29.7,55,37,700,10,1.4,230
2021-06-10T19:42:53,27.6,29.2,56,37,700,9,1.2,157
2021-06-10T19:58:31,27.5,28.5,56,39,600,9,1.7,226
2021-06-10T20:14:19,27.5,28.8,56,38,700,10,0.8,235
2021-06-10T20:30:02,27.5,28.1,57,40,600,10,0.8,252
2021-06-10T20:45:40,27.3,27.7,54,40,700,10,1.0,235
2021-06-10T21:01:28,27.3,26.7,57,42,700,10,0.5,197
2021-06-10T21:17:12,27.3,26.2,58,46,600,10,0.4,117
2021-06-10T21:32:50,26.9,24.8,56,48,600,10,1.6,92
2021-06-10T21:48:29,26.4,24.3,56,50,600,10,1.8,114
2021-06-10T22:04:18,26.3,23.6,56,51,600,10,1.5,130
2021-06-10T22:19:57,25.9,23.1,57,53,700,8,0.8,85
2021-06-10T22:35:38,25.6,23.1,57,51,600,8,0.6,102
2021-06-10T22:51:17,25.6,22.4,57,54,700,8,0.8,96
2021-06-10T23:07:05,25.4,22.1,57,56,600,8,0.2,47
2021-06-10T23:22:44,25.3,21.4,57,58,600,8,0.6,194
2021-06-10T23:38:22,25.3,21.3,57,58,600,8,0.3,164
2021-06-10T23:54:01,25.3,20.9,57,58,600,8,0.2,0
2021-06-11T00:09:48,25.0,20.9,58,59,600,8,0.9,111
2021-06-11T00:25:27,25.0,20.8,60,62,700,8,0.2,91
2021-06-11T00:41:06,25.1,20.6,60,63,700,8,0.5,250
2021-06-11T00:56:44,25.1,20.3,59,65,600,8,0.1,170
2021-06-11T01:12:32,25.0,19.8,60,67,600,8,1.8,109
2021-06-11T01:28:10,25.0,19.8,60,69,600,8,0.9,141
2021-06-11T01:43:49,25.0,19.7,61,69,700,8,0.2,131
2021-06-11T01:59:28,25.0,19.6,60,69,600,8,0.8,102
2021-06-11T02:15:14,24.5,19.2,61,69,600,8,0.1,265
2021-06-11T02:30:53,24.5,19.1,60,69,700,7,0.5,230
2021-06-11T02:46:31,24.5,18.8,60,68,700,8,1.6,110
2021-06-11T03:02:19,24.5,18.8,60,69,600,8,1.0,108
2021-06-11T03:17:57,24.5,18.6,61,70,700,7,0.3,150
2021-06-11T03:33:34,24.3,18.5,60,71,700,7,0.4,336
2021-06-11T03:49:13,24.0,17.8,62,73,700,8,0.6,21
2021-06-11T04:05:01,24.0,17.3,63,76,700,8,0.2,288
2021-06-11T04:20:39,24.1,17.1,62,76,700,8,0.2,315
2021-06-11T04:36:18,24.0,17.4,61,75,700,7,0.2,284
2021-06-11T04:51:57,24.0,17.6,62,74,700,8,0.5,186
2021-06-11T05:07:44,24.0,17.9,62,74,700,7,0.5,309
2021-06-11T05:23:23,24.0,17.5,63,74,700,8,0.2,39
2021-06-11T05:39:02,23.9,17.1,62,73,700,8,0.4,107
2021-06-11T05:54:40,23.8,17.4,63,73,700,8,0.3,285
2021-06-11T06:10:27,23.8,16.5,63,77,700,8,0.4,335
2021-06-11T06:26:07,23.7,16.1,63,79,800,8,0.2,9
2021-06-11T06:41:45,23.7,16.1,65,79,700,8,0.5,38
2021-06-11T06:57:24,23.7,16.2,65,82,800,8,0.3,331
2021-06-11T07:13:11,23.7,16.4,66,81,800,9,0.2,3
2021-06-11T07:28:56,23.7,16.4,67,81,900,9,0.3,47
2021-06-11T07:44:35,23.7,16.7,68,80,900,9,0.6,13
2021-06-11T08:00:27,23.9,18.5,68,75,800,9,0.3,330
2021-06-11T08:17:00,24.1,19.7,67,70,800,9,0.6,115
2021-06-11T08:18:39,24.1,21.0,67,66,800,8,0.8,123
2021-06-11T08:34:21,24.3,22.1,67,64,700,10,0.3,149
2021-06-11T08:50:00,24.4,22.2,68,64,700,10,0.2,148
2021-06-11T09:05:47,24.8,22.6,62,62,700,8,0.4,107
2021-06-11T09:21:26,24.3,22.9,62,60,600,5,0.7,104
2021-06-11T09:37:06,24.4,23.5,68,60,800,7,0.5,243
2021-06-11T09:52:53,24.8,24.0,67,60,700,9,0.4,179
2021-06-11T10:08:41,24.8,24.1,67,60,700,9,0.4,203
2021-06-11T10:24:26,24.8,25.0,67,58,700,9,0.1,220
2021-06-11T10:40:03,24.8,24.5,68,58,700,8,0.6,234
2021-06-11T10:55:48,25.1,24.3,65,61,700,9,1.6,207
2021-06-11T11:11:35,25.1,24.1,64,58,700,10,2.1,249
2021-06-11T11:27:13,25.0,24.1,62,52,700,10,2.7,248
2021-06-11T11:42:52,25.0,24.6,61,51,700,9,0.7,261
2021-06-11T11:58:29,25.1,25.1,61,54,600,8,1.4,277
2021-06-11T12:14:16,25.0,24.0,60,54,600,8,0.4,230
2021-06-11T12:29:55,25.0,24.6,60,54,600,8,1.5,240
2021-06-11T12:45:38,25.1,26.1,61,53,600,9,1.4,222
2021-06-11T13:01:27,25.2,26.5,63,52,600,8,0.8,293
2021-06-11T13:17:09,25.3,26.6,62,53,600,7,1.3,244
2021-06-11T13:32:50,25.4,25.5,62,57,600,8,0.9,256
2021-06-11T13:48:29,25.4,25.2,62,58,600,8,1.2,239
2021-06-11T14:04:16,25.4,25.5,62,56,600,8,0.3,245
2021-06-11T14:19:55,25.4,25.1,63,56,600,7,1.9,264
2021-06-11T14:35:34,25.3,23.9,64,61,600,7,1.2,277
2021-06-11T14:51:13,25.1,23.6,64,63,600,7,1.4,315
2021-06-11T15:06:59,25.0,23.0,64,64,600,7,1.6,244
2021-06-11T15:22:38,25.0,22.8,64,66,600,7,1.3,318
2021-06-11T15:38:17,25.0,22.3,64,67,600,6,1.4,227
2021-06-11T15:53:56,25.0,22.3,65,67,600,7,0.1,180
2021-06-11T16:09:44,25.0,24.0,64,61,600,7,0.4,246
2021-06-11T16:25:23,25.2,24.5,63,56,600,7,0.6,179
2021-06-11T16:41:08,25.4,24.4,63,59,600,7,1.4,99
2021-06-11T16:56:47,25.5,25.1,62,57,600,8,0.0,1
2021-06-11T17:12:35,25.8,26.6,61,53,600,7,0.8,154
2021-06-11T17:28:14,26.0,26.5,59,46,600,8,0.9,134
2021-06-11T17:43:53,26.0,26.1,67,57,600,8,0.7,117
2021-06-11T17:59:32,26.0,24.4,71,71,700,8,0.5,189
2021-06-11T18:15:18,26.1,24.5,71,73,700,9,0.9,188
2021-06-11T18:30:57,25.7,23.0,69,70,700,9,0.6,117
2021-06-11T18:46:35,25.3,21.9,67,67,700,8,0.9,276
2021-06-11T19:02:21,25.2,21.6,65,65,700,8,1.1,98
2021-06-11T19:18:00,25.3,23.4,65,59,700,8,3.4,91
2021-06-11T19:33:37,25.4,23.8,62,59,700,9,0.7,203
2021-06-11T19:49:22,25.4,23.5,61,56,700,9,1.1,114
2021-06-11T20:05:08,25.4,23.6,62,55,700,9,0.3,143
2021-06-11T20:20:53,25.4,22.6,64,63,700,9,1.0,129
2021-06-11T20:36:31,25.3,21.7,64,68,700,10,1.1,133
2021-06-11T20:52:10,25.1,20.8,64,70,700,9,0.6,113
2021-06-11T21:07:58,25.0,20.6,65,70,700,10,0.1,6
2021-06-11T21:23:36,24.6,20.4,65,68,700,9,0.9,293
2021-06-11T21:39:15,24.5,19.8,64,71,700,9,0.2,269
2021-06-11T21:54:53,24.5,19.6,64,72,700,10,0.7,319
2021-06-11T22:10:40,24.3,19.6,63,68,700,9,0.3,71
2021-06-11T22:26:18,24.1,19.5,65,72,700,8,0.1,5
2021-06-11T22:42:03,24.0,19.1,65,72,700,8,0.4,74
2021-06-11T22:57:43,24.1,19.2,64,72,700,8,0.2,304
2021-06-11T23:13:29,23.8,19.4,63,69,700,7,0.9,36
2021-06-11T23:29:13,23.9,18.9,63,70,700,8,0.9,31
2021-06-11T23:44:53,24.0,17.4,64,76,700,8,1.4,84
2021-06-12T00:00:40,24.0,17.1,66,79,800,7,0.7,302
2021-06-12T00:16:26,24.0,16.9,65,79,800,8,0.9,118
2021-06-12T00:32:05,24.0,16.9,65,80,800,8,0.2,330
2021-06-12T00:47:43,24.0,16.8,67,80,800,8,0.4,18
2021-06-12T01:03:31,23.8,16.8,65,81,800,8,0.1,12
2021-06-12T01:19:09,23.6,16.5,65,82,800,8,0.2,270
2021-06-12T01:34:47,23.6,16.2,65,82,800,8,0.3,289
2021-06-12T01:50:26,23.6,16.3,65,81,800,8,0.3,322
2021-06-12T02:06:12,23.6,16.5,64,79,700,8,0.4,312
2021-06-12T02:21:50,23.4,16.4,63,78,700,8,0.4,341
2021-06-12T02:37:28,23.2,16.0,63,80,700,7,0.3,71
2021-06-12T02:53:07,23.0,15.7,64,82,700,7,1.0,313
2021-06-12T03:08:54,22.8,15.4,64,82,700,7,0.1,13
2021-06-12T03:24:32,22.8,15.3,63,84,700,7,0.4,32
2021-06-12T03:40:11,22.8,15.3,63,83,700,6,0.1,0
2021-06-12T03:55:55,22.7,15.3,64,82,700,6,0.2,309
2021-06-12T04:11:42,22.7,15.3,63,83,700,6,0.3,0
2021-06-12T04:27:20,22.8,14.9,62,83,700,7,0.5,73
2021-06-12T04:42:58,22.8,14.8,63,84,700,6,0.3,288
2021-06-12T04:58:37,22.8,14.8,62,86,700,6,0.6,215
2021-06-12T05:14:25,22.8,14.2,62,86,700,5,0.8,311
2021-06-12T05:30:03,22.6,13.8,63,86,700,6,0.6,288
2021-06-12T05:45:42,22.7,13.4,62,87,800,7,0.4,32
2021-06-12T06:01:29,22.7,13.4,62,87,700,7,0.5,26
2021-06-12T06:17:07,22.7,13.9,62,86,700,7,0.1,267
2021-06-12T06:32:52,22.9,13.8,62,86,800,7,0.9,123
2021-06-12T06:48:32,22.6,13.6,64,86,800,7,0.3,65
2021-06-12T07:04:19,22.7,13.5,63,87,800,8,0.2,90
2021-06-12T07:19:59,22.8,13.9,63,86,800,7,0.5,57
2021-06-12T07:35:38,22.8,13.9,64,86,800,7,1.1,110
2021-06-12T07:51:17,22.8,14.5,64,83,800,7,1.5,83
2021-06-12T08:07:04,22.8,16.1,63,78,700,7,0.0,264
2021-06-12T08:22:43,23.0,16.8,61,73,800,8,0.5,23
2021-06-12T08:38:23,23.2,17.6,64,72,800,7,0.4,122
2021-06-12T08:54:03,23.6,18.3,63,71,900,9,1.4,134
2021-06-12T09:09:50,23.8,20.0,64,66,900,8,0.5,156
2021-06-12T09:25:30,23.9,20.5,63,65,900,8,0.1,265
2021-06-12T09:41:09,24.0,21.5,63,61,800,8,0.3,127
2021-06-12T09:56:49,24.0,22.2,66,63,800,9,0.6,207
2021-06-12T10:12:43,24.0,22.9,64,59,800,8,0.8,189
2021-06-12T10:28:23,23.9,23.0,68,60,900,8,0.1,90
2021-06-12T10:44:03,23.9,24.6,68,56,800,8,0.2,306
2021-06-12T10:59:44,24.1,25.3,67,53,800,8,0.2,268
2021-06-12T11:15:33,24.3,26.4,67,47,800,9,0.3,211
2021-06-12T11:31:11,24.3,27.0,66,46,800,8,0.2,178
2021-06-12T11:46:49,24.3,27.6,66,45,800,8,0.9,97
2021-06-12T12:02:36,24.3,27.7,67,45,800,8,0.5,266
2021-06-12T12:18:13,24.3,28.2,64,42,700,8,0.7,245
2021-06-12T12:33:56,24.3,29.5,64,38,700,8,1.4,230
2021-06-12T12:49:34,24.8,29.6,64,39,700,7,0.9,164
2021-06-12T13:05:20,24.8,30.4,65,38,700,7,0.6,276
2021-06-12T13:21:04,24.9,30.7,63,35,600,7,0.2,178
2021-06-12T13:36:41,25.1,30.9,62,35,700,7,0.2,236
2021-06-12T13:52:19,25.1,31.6,61,33,700,8,0.5,139
2021-06-12T14:08:06,25.2,31.8,61,34,600,7,0.5,330
2021-06-12T14:23:44,25.2,32.6,61,33,600,6,0.9,244
2021-06-12T14:39:21,25.4,33.1,61,32,600,6,1.6,212
2021-06-12T14:54:58,25.5,33.0,60,30,600,6,0.4,239
2021-06-12T15:10:51,25.8,32.9,60,32,600,7,1.0,301
2021-06-12T15:26:34,26.0,33.7,60,30,600,6,0.3,106
2021-06-12T15:42:12,26.1,34.1,59,29,600,6,0.1,267
2021-06-12T15:57:50,26.2,34.6,59,30,600,6,0.4,202
2021-06-12T16:13:35,26.3,33.4,59,29,600,6,0.2,212
2021-06-12T16:29:13,26.4,33.9,58,29,600,6,0.9,201
2021-06-12T16:44:51,26.7,33.3,58,28,600,6,1.0,232
2021-06-12T17:00:56,26.7,34.0,59,26,600,6,0.0,265
2021-06-12T17:16:34,26.8,34.6,58,28,600,6,0.4,195
2021-06-12T17:32:11,27.1,34.9,58,26,600,6,0.1,268
2021-06-12T17:47:48,27.1,34.8,57,27,600,6,0.3,253
2021-06-12T18:03:34,27.1,34.4,56,26,700,6,0.2,230
2021-06-12T18:19:11,27.1,33.7,57,28,700,7,0.8,241
2021-06-12T18:34:55,27.2,33.8,59,29,700,7,0.6,256
2021-06-12T18:50:31,27.2,33.7,57,28,600,6,0.7,318
2021-06-12T19:06:18,27.2,33.9,57,28,700,7,0.6,135
2021-06-12T19:21:55,27.2,33.7,58,28,700,8,0.3,283
2021-06-12T19:37:31,27.2,32.8,57,29,700,8,0.4,241
2021-06-12T19:53:08,27.3,32.4,59,33,700,8,0.9,284
2021-06-12T20:08:54,27.3,31.6,59,33,700,8,0.6,276
2021-06-12T20:24:31,27.3,31.1,60,35,700,8,0.6,193
2021-06-12T20:40:08,27.3,30.0,60,39,700,8,0.7,211
2021-06-12T20:55:45,27.3,29.5,60,40,700,9,0.6,220
2021-06-12T21:11:31,27.2,28.4,60,44,700,9,1.7,260
2021-06-12T21:27:09,26.8,27.4,60,47,700,9,0.4,213
2021-06-12T21:42:46,26.4,27.0,60,47,600,8,0.4,294
2021-06-12T21:58:23,26.3,26.2,60,50,600,8,0.4,206
2021-06-12T22:14:09,26.3,26.0,62,53,700,8,0.4,178
2021-06-12T22:29:46,26.1,25.1,62,52,700,8,0.2,167
2021-06-12T22:45:24,26.0,25.0,63,53,700,8,0.4,112
2021-06-12T23:01:11,25.9,24.3,62,56,700,7,1.4,124
2021-06-12T23:16:48,25.6,23.9,62,56,700,7,0.6,161
2021-06-12T23:32:26,25.6,23.1,62,59,700,7,0.2,131
2021-06-12T23:48:09,25.5,22.8,62,59,700,7,0.9,157
2021-06-13T00:03:55,25.5,22.6,62,59,700,7,1.0,110
2021-06-13T00:19:33,25.4,22.3,62,60,600,7,1.5,102
2021-06-13T00:35:10,25.3,22.2,61,60,600,7,0.4,329
2021-06-13T00:50:48,25.1,21.5,61,63,700,7,0.4,321
2021-06-13T01:06:40,25.0,21.0,61,64,700,7,0.2,264
2021-06-13T01:22:18,25.0,21.1,61,63,700,7,0.4,245
2021-06-13T01:37:55,24.5,20.3,62,66,700,7,0.2,299
2021-06-13T01:53:32,24.5,20.3,62,65,700,7,0.5,322
2021-06-13T02:09:19,24.2,19.7,62,67,700,7,0.2,68
2021-06-13T02:24:57,24.2,19.1,62,71,700,7,0.2,267
2021-06-13T02:40:35,24.1,18.7,63,70,800,7,0.2,2
2021-06-13T02:56:12,24.0,18.7,62,70,700,7,0.0,267
2021-06-13T03:11:59,24.0,18.7,62,70,700,7,0.0,1
2021-06-13T03:27:36,23.8,18.4,63,71,700,7,0.7,2
2021-06-13T03:43:14,23.9,17.9,62,73,700,7,0.0,1
2021-06-13T03:58:52,23.9,17.8,63,73,700,7,1.2,19
2021-06-13T04:14:38,23.9,17.6,64,74,700,7,0.9,337
2021-06-13T04:30:15,23.9,17.5,63,74,700,7,0.9,333
2021-06-13T04:45:53,23.8,17.7,65,74,700,8,0.5,301
2021-06-13T05:01:40,23.7,17.8,64,74,800,8,0.4,314
2021-06-13T05:17:18,23.8,17.6,63,74,700,8,0.2,315
2021-06-13T05:32:55,23.7,17.5,64,74,800,8,0.4,36
2021-06-13T05:48:38,23.5,17.0,64,76,700,8,0.1,268
2021-06-13T06:04:25,23.3,16.5,64,77,700,8,0.1,91
2021-06-13T06:20:07,23.3,16.7,64,76,700,8,0.4,335
2021-06-13T06:35:45,23.3,17.1,64,75,700,9,0.2,40
2021-06-13T06:51:23,23.2,16.8,65,76,700,8,0.0,0
2021-06-13T07:07:10,23.2,16.4,66,78,700,7,0.3,291
2021-06-13T07:22:48,23.2,16.3,67,79,800,8,0.7,40
2021-06-13T07:38:26,23.2,16.7,67,79,900,8,0.4,338
2021-06-13T07:54:03,23.8,18.4,66,70,900,10,0.2,148
2021-06-13T08:09:49,23.8,19.1,67,68,900,9,1.1,96
2021-06-13T08:25:26,23.9,20.9,67,62,900,8,0.3,129
2021-06-13T08:41:03,23.9,21.8,69,60,900,9,0.9,100
2021-06-13T08:56:40,24.1,23.0,66,57,800,8,0.1,177
2021-06-13T09:12:26,24.1,23.2,68,57,800,8,0.6,152
2021-06-13T09:28:04,24.3,24.7,68,56,800,8,0.7,194
2021-06-13T09:43:42,24.6,25.3,67,54,800,8,0.6,107
2021-06-13T09:59:20,24.8,26.3,68,52,700,8,0.6,87
2021-06-13T10:15:06,25.0,27.2,66,49,800,9,0.2,125
2021-06-13T10:30:44,25.0,27.3,66,49,800,8,0.4,158
2021-06-13T10:46:21,25.1,28.4,66,45,700,8,0.4,117
2021-06-13T11:02:07,25.1,28.9,64,43,700,8,0.7,239
2021-06-13T11:17:44,25.1,29.3,66,44,600,7,1.5,241
2021-06-13T11:33:22,25.3,29.5,65,43,600,6,0.9,234
2021-06-13T11:48:59,25.7,30.1,65,43,700,7,0.4,267
2021-06-13T12:04:51,25.8,30.3,63,40,700,7,0.2,113
2021-06-13T12:20:28,26.1,31.5,65,40,700,8,1.0,295
2021-06-13T12:36:06,26.2,32.3,64,37,600,8,0.9,222
2021-06-13T12:51:43,26.2,32.3,64,36,600,8,0.5,244
2021-06-13T13:07:29,26.5,32.7,61,34,600,8,0.9,229
2021-06-13T13:23:06,26.7,33.1,60,36,600,7,1.2,265
2021-06-13T13:38:45,26.7,33.1,60,31,600,8,2.2,243
2021-06-13T13:54:22,26.7,33.8,59,31,600,8,1.4,250
2021-06-13T14:10:09,26.8,33.7,59,31,600,8,1.4,311
2021-06-13T14:25:47,27.1,33.9,59,32,600,7,0.9,269
2021-06-13T14:41:30,27.1,34.3,58,29,600,7,0.9,259
2021-06-13T14:57:13,27.2,34.7,58,28,700,7,1.1,112
2021-06-13T15:12:59,27.2,34.7,57,28,600,7,1.6,268
2021-06-13T15:28:35,27.2,34.5,58,28,600,6,0.7,185
2021-06-13T15:44:12,27.4,34.6,57,29,600,7,0.9,259
2021-06-13T15:59:49,27.3,34.7,56,26,600,6,1.0,295
2021-06-13T16:15:36,27.4,34.9,58,26,700,7,1.6,305
2021-06-13T16:31:12,27.5,35.3,57,26,700,7,1.1,257
2021-06-13T16:46:55,27.7,35.6,56,24,700,7,0.3,287
2021-06-13T17:02:41,27.8,35.5,55,22,700,7,0.7,252
2021-06-13T17:18:18,27.9,35.6,53,24,600,7,0.4,292
2021-06-13T17:33:56,27.8,35.7,53,19,600,6,0.9,244
2021-06-13T17:49:39,27.9,36.1,53,25,700,6,0.6,267
2021-06-13T18:05:24,27.9,35.9,52,21,700,7,0.7,234
2021-06-13T18:21:01,27.9,35.5,54,21,700,7,0.7,244
2021-06-13T18:36:38,27.9,35.1,55,22,700,7,0.3,106
2021-06-13T18:52:16,28.0,33.2,57,32,700,7,1.9,268
2021-06-13T19:08:01,28.3,33.1,57,33,700,7,2.3,235
2021-06-13T19:23:38,28.3,32.8,59,32,700,8,0.5,282
2021-06-13T19:39:15,28.1,32.6,58,34,700,8,1.0,211
2021-06-13T19:54:52,28.3,32.4,59,34,700,8,0.8,227
2021-06-13T20:10:37,28.3,32.0,60,35,700,10,0.7,221
2021-06-13T20:26:14,28.1,30.6,60,38,700,9,1.6,246
2021-06-13T20:41:57,28.0,30.1,61,40,700,10,0.3,227
2021-06-13T20:57:40,27.7,29.4,60,41,700,9,0.4,249
2021-06-13T21:13:26,27.6,28.7,59,42,700,9,0.4,239
2021-06-13T21:29:03,27.3,28.3,58,46,700,9,0.9,227
2021-06-13T21:44:40,27.3,27.6,57,46,600,9,0.2,220
2021-06-13T22:00:16,27.3,27.3,60,47,600,9,0.3,268
2021-06-13T22:16:02,27.2,27.0,58,47,700,9,0.4,289
2021-06-13T22:31:45,27.1,26.8,58,48,700,8,0.2,217
2021-06-13T22:47:22,26.8,25.8,58,49,700,8,0.8,137
2021-06-13T23:03:07,26.6,25.4,59,51,700,8,1.5,105
2021-06-13T23:18:44,26.5,25.1,60,53,600,7,0.9,111
2021-06-13T23:34:33,26.4,24.6,60,55,600,7,0.8,200
2021-06-13T23:50:09,26.4,24.1,60,56,700,8,0.9,109
2021-06-14T00:05:56,26.3,23.7,60,56,700,8,0.6,106
2021-06-14T00:21:33,26.0,23.5,60,56,700,8,0.4,38
2021-06-14T00:37:10,25.9,22.0,60,61,700,8,0.1,256
2021-06-14T00:52:47,25.6,22.1,60,62,700,8,0.4,334
2021-06-14T01:08:33,25.5,21.1,60,65,700,7,0.1,265
2021-06-14T01:24:10,25.4,21.1,61,65,700,7,0.3,234
2021-06-14T01:39:46,25.2,20.7,61,68,700,7,0.3,131
2021-06-14T01:55:23,25.1,20.6,62,66,700,7,0.1,267
2021-06-14T02:11:09,25.0,20.3,61,68,700,7,0.2,57
2021-06-14T02:26:46,24.9,19.8,61,70,700,7,0.5,341
2021-06-14T02:42:24,24.5,19.1,62,72,700,7,0.3,340
2021-06-14T02:58:01,24.3,18.6,62,73,700,7,0.3,154
2021-06-14T03:13:45,24.3,18.4,62,73,700,7,0.2,302
2021-06-14T03:29:22,24.3,18.5,62,72,700,6,0.3,30
2021-06-14T03:44:59,24.2,18.5,62,72,700,7,0.7,344
2021-06-14T04:00:44,24.2,18.8,61,71,700,7,0.3,291
2021-06-14T04:16:31,24.2,18.9,63,71,700,7,0.1,312
2021-06-14T04:32:07,24.1,18.4,62,73,700,7,0.1,2
2021-06-14T04:47:45,24.0,17.8,62,74,800,8,0.1,268
2021-06-14T05:03:31,23.8,17.4,62,75,700,8,0.3,45
2021-06-14T05:19:07,23.7,17.3,62,76,700,8,0.3,323
2021-06-14T05:34:51,23.6,17.2,62,75,700,8,0.1,0
2021-06-14T05:50:34,23.6,17.4,64,74,800,9,0.4,335
2021-06-14T06:06:19,23.4,17.2,63,76,700,9,0.3,323
2021-06-14T06:21:55,23.4,16.8,62,76,700,8,0.4,325
2021-06-14T06:37:39,23.6,16.8,65,77,800,9,0.2,84
2021-06-14T06:53:22,23.6,17.1,65,76,800,9,0.2,320
2021-06-14T07:09:07,23.6,16.9,66,76,800,8,0.2,28
2021-06-14T07:24:45,23.9,18.4,67,73,800,8,0.3,304
2021-06-14T07:40:22,23.9,19.0,68,71,800,8,0.3,57
2021-06-14T07:56:00,23.9,19.6,67,69,800,8,0.3,60
2021-06-14T08:11:49,24.3,21.2,65,65,800,8,1.1,103
2021-06-14T08:27:30,24.5,21.9,68,63,900,8,0.6,166
2021-06-14T08:43:09,24.8,22.8,68,65,800,10,0.7,237
2021-06-14T08:58:52,24.8,23.3,66,62,800,10,0.1,184
2021-06-14T09:14:41,25.1,24.1,65,58,800,10,0.7,195
2021-06-14T09:30:18,25.1,24.8,65,54,800,10,0.8,209
2021-06-14T09:46:00,25.3,25.2,66,57,800,9,0.7,215
2021-06-14T10:01:48,25.4,25.9,66,58,800,10,0.4,315
2021-06-14T10:17:29,25.7,27.7,65,52,700,10,0.4,294
2021-06-14T10:33:10,25.8,28.4,65,52,700,9,0.6,320
2021-06-14T10:48:51,26.1,28.7,62,51,700,10,0.7,268
2021-06-14T11:04:40,26.3,29.8,63,45,700,9,0.8,121
2021-06-14T11:20:15,26.7,30.1,61,45,700,10,0.6,282
2021-06-14T11:35:52,27.0,30.9,62,42,800,10,0.2,237
2021-06-14T11:51:30,26.9,31.7,58,39,700,9,0.3,267
2021-06-14T12:07:18,27.0,32.5,55,32,700,10,0.6,260
2021-06-14T12:23:00,27.1,33.4,56,28,700,8,1.8,253
2021-06-14T12:38:37,27.1,33.3,55,30,600,8,1.1,286
2021-06-14T12:54:18,27.1,33.7,55,29,600,8,0.2,282
2021-06-14T13:10:15,27.2,34.9,50,26,600,8,0.3,158
2021-06-14T13:25:53,27.9,35.8,52,22,600,6,1.2,284
2021-06-14T13:41:35,27.6,36.2,55,21,700,8,0.4,336
2021-06-14T13:57:12,27.6,36.2,51,21,600,7,0.4,295
2021-06-14T14:12:59,27.5,36.7,51,20,600,7,0.6,259
2021-06-14T14:28:37,27.8,36.2,50,17,600,7,1.8,108
2021-06-14T14:44:14,27.7,37.0,49,18,600,6,1.6,253
2021-06-14T14:59:53,27.9,36.2,50,19,600,7,0.4,188
2021-06-14T15:15:39,27.9,36.8,51,19,700,7,1.3,274
2021-06-14T15:31:18,27.9,37.2,48,18,700,8,0.5,21
2021-06-14T15:46:56,27.9,37.8,48,16,700,6,0.7,85
2021-06-14T16:02:49,27.9,37.6,49,17,600,6,0.3,268
2021-06-14T16:18:27,27.9,37.7,48,18,600,6,0.3,156
2021-06-14T16:34:05,27.9,37.6,50,15,700,7,0.4,249
2021-06-14T16:49:44,27.9,38.0,50,16,700,7,0.4,308
2021-06-14T17:05:30,28.0,37.9,50,16,700,8,0.2,215
2021-06-14T17:21:08,28.2,38.2,50,16,700,7,0.2,311
2021-06-14T17:36:46,28.3,38.2,50,14,700,7,0.5,146
2021-06-14T17:52:24,28.3,38.0,47,15,700,7,0.4,267
2021-06-14T18:08:11,28.3,38.1,50,16,700,8,0.8,255
2021-06-14T18:23:49,28.3,37.6,48,16,700,8,0.3,200
2021-06-14T18:39:28,28.5,37.8,49,16,800,8,0.9,119
2021-06-14T18:55:06,28.7,37.5,53,15,800,8,0.1,57
2021-06-14T19:10:53,28.7,37.2,46,18,700,8,0.1,84
2021-06-14T19:26:31,29.0,37.0,47,19,700,9,0.5,268
2021-06-14T19:42:09,29.0,35.8,47,23,700,8,0.4,305
2021-06-14T19:57:48,29.0,34.2,48,24,700,8,1.4,247
2021-06-14T20:13:35,28.9,33.2,46,25,700,8,1.3,221
2021-06-14T20:29:13,28.9,32.5,47,26,700,9,0.7,270
2021-06-14T20:44:52,28.8,31.5,49,30,700,9,0.4,242
2021-06-14T21:00:39,28.5,30.8,49,31,700,8,0.9,222
2021-06-14T21:16:26,28.3,29.9,48,32,600,9,0.7,243
2021-06-14T21:32:17,28.1,29.2,46,32,600,8,0.6,259
2021-06-14T21:47:54,28.0,28.8,46,31,600,8,0.1,241
2021-06-14T22:03:41,28.0,28.1,47,33,700,8,0.5,260
2021-06-14T22:19:19,27.8,28.2,47,31,600,8,0.7,195
2021-06-14T22:35:03,27.6,25.8,50,41,700,8,0.5,127
2021-06-14T22:50:40,27.3,25.5,48,40,600,8,1.4,126
2021-06-14T23:06:27,27.3,25.4,47,37,600,8,0.2,211
2021-06-14T23:22:04,27.3,25.6,47,36,700,7,0.6,133
2021-06-14T23:37:42,26.9,25.3,49,41,700,7,0.4,104
2021-06-14T23:53:20,26.7,23.9,49,44,700,7,0.3,309
2021-06-15T00:09:06,26.4,23.1,51,45,700,8,0.8,309
2021-06-15T00:24:44,26.4,22.7,50,48,700,9,0.5,340
2021-06-15T00:40:22,26.2,22.5,50,45,700,8,0.2,315
2021-06-15T00:56:06,25.6,21.0,53,55,700,8,0.3,88
2021-06-15T01:11:51,25.6,20.5,52,57,700,8,0.3,6
2021-06-15T01:27:29,25.5,20.0,52,59,700,8,0.3,298
2021-06-15T01:43:06,25.5,20.0,53,61,700,8,0.1,224
2021-06-15T01:58:50,25.5,20.4,51,57,700,7,0.5,306
2021-06-15T02:14:36,25.3,20.6,51,55,700,7,0.3,316
2021-06-15T02:30:14,25.2,21.1,52,52,700,7,0.7,325
2021-06-15T02:45:51,25.0,19.6,52,58,600,7,0.9,35
2021-06-15T03:01:38,25.0,19.3,53,61,700,7,0.2,311
2021-06-15T03:17:21,24.6,19.2,53,58,700,6,0.6,341
2021-06-15T03:32:59,24.5,19.2,54,59,700,7,0.2,152
2021-06-15T03:48:37,24.7,18.4,53,62,700,7,0.7,203
2021-06-15T04:04:23,24.4,18.2,54,63,700,7,0.6,327
2021-06-15T04:20:01,24.2,18.1,54,63,700,7,0.7,312
2021-06-15T04:35:39,24.3,18.2,52,61,700,6,1.1,98
2021-06-15T04:51:17,24.3,18.7,52,59,600,6,2.7,132
2021-06-15T05:07:03,24.3,18.4,53,61,700,7,0.8,164
2021-06-15T05:22:41,24.1,17.3,55,66,700,7,0.2,44
2021-06-15T05:38:25,24.2,18.0,54,64,700,7,0.7,115
2021-06-15T05:54:02,24.3,18.0,54,64,700,7,0.7,103
2021-06-15T06:09:55,24.2,17.6,55,66,700,7,0.3,317
2021-06-15T06:25:33,24.2,17.9,54,63,700,7,1.1,99
2021-06-15T06:41:11,24.3,18.3,55,64,700,6,0.3,298
2021-06-15T06:56:49,24.4,18.0,55,65,800,7,0.3,290
2021-06-15T07:12:37,24.5,18.3,57,63,800,8,0.0,269
2021-06-15T07:28:15,24.5,18.8,59,65,800,8,0.4,17
2021-06-15T07:43:54,24.5,18.8,59,68,800,8,0.2,307
2021-06-15T07:59:32,24.3,19.2,56,60,800,8,0.6,202
2021-06-15T08:15:18,24.3,19.8,57,64,800,8,0.4,307
2021-06-15T08:30:57,24.3,20.2,59,61,800,9,0.8,54
2021-06-15T08:46:37,24.8,21.2,57,60,800,9,0.4,329
2021-06-15T09:02:26,24.2,22.7,54,55,600,4,0.7,11
2021-06-15T09:18:03,24.3,23.3,54,55,500,4,0.2,319
2021-06-15T09:33:42,24.8,24.9,53,51,500,3,0.2,319
2021-06-15T09:49:20,25.4,25.6,52,50,500,3,0.2,89
2021-06-15T10:05:07,25.8,27.3,56,48,600,3,0.8,239
2021-06-15T10:13:26,25.8,27.9,53,45,600,3,0.2,268
2021-06-15T10:29:06,26.2,28.0,60,47,700,5,0.5,197
2021-06-15T10:44:45,26.7,29.5,57,41,900,8,0.3,294
2021-06-15T11:00:34,26.9,30.0,56,39,700,8,0.7,97
2021-06-15T11:16:26,27.1,30.9,55,36,700,8,0.3,111
2021-06-15T11:32:06,27.2,31.3,52,32,800,8,0.9,107
2021-06-15T11:45:32,27.3,32.6,54,34,700,8,0.3,202
2021-06-15T12:01:21,27.4,32.0,51,34,700,8,0.2,232
2021-06-15T12:17:09,27.9,32.3,50,33,700,8,1.2,182
2021-06-15T12:32:49,27.9,32.6,49,31,600,8,1.4,190
2021-06-15T12:48:32,28.0,32.9,50,30,700,8,0.9,218
2021-06-15T13:04:21,27.6,33.3,53,30,600,7,0.2,106
2021-06-15T13:20:00,27.6,33.5,54,31,600,7,0.4,193
2021-06-15T13:35:39,27.5,33.0,53,32,600,8,1.4,250
2021-06-15T13:51:15,27.5,33.3,54,33,600,7,0.4,111
2021-06-15T14:07:01,27.5,33.4,55,33,600,7,1.3,265
2021-06-15T14:22:38,27.9,34.5,54,30,600,8,0.9,205
2021-06-15T14:38:15,27.9,34.6,54,28,700,7,1.8,182
2021-06-15T14:53:52,27.9,35.7,53,27,600,7,0.2,218
2021-06-15T15:09:36,28.3,35.5,50,23,600,7,0.5,338
2021-06-15T15:25:13,28.1,35.7,50,25,600,7,0.9,259
2021-06-15T15:40:50,28.1,36.3,48,20,600,7,0.9,244
2021-06-15T15:56:27,28.3,36.7,47,19,600,7,0.4,163
2021-06-15T16:12:13,28.3,36.6,47,17,600,6,0.5,164
2021-06-15T16:27:50,28.3,36.8,47,21,600,6,0.9,255
2021-06-15T16:43:33,28.6,36.8,47,19,600,7,0.5,265
2021-06-15T16:59:10,28.7,36.5,48,17,600,7,1.2,166
2021-06-15T17:14:55,28.7,36.7,47,18,600,7,1.6,189
2021-06-15T17:30:32,28.7,37.1,43,14,600,8,0.4,194
2021-06-15T17:46:09,28.7,37.0,43,16,600,7,0.6,233
2021-06-15T18:01:56,28.7,36.6,44,16,600,7,0.4,192
2021-06-15T18:17:32,28.7,36.5,45,18,600,8,0.2,267
2021-06-15T18:33:10,28.9,35.7,46,21,600,8,0.6,234
2021-06-15T18:48:47,28.9,34.9,55,21,600,7,0.8,216
2021-06-15T19:04:33,29.0,33.8,56,33,600,7,0.7,226
2021-06-15T19:20:10,28.9,32.7,55,37,700,8,1.3,266
2021-06-15T19:35:47,28.8,31.2,55,38,600,8,2.2,221
2021-06-15T19:51:24,28.5,30.0,55,39,600,8,1.4,209
2021-06-15T20:07:10,28.1,29.8,56,39,700,8,0.9,261
2021-06-15T20:22:47,28.1,29.3,57,40,700,8,2.0,239
2021-06-15T20:38:24,27.9,29.0,55,40,700,8,0.7,164
2021-06-15T20:54:01,27.6,28.8,56,40,700,8,0.7,126
2021-06-15T21:09:47,27.6,28.5,57,43,700,9,1.2,228
2021-06-15T21:25:23,27.6,27.4,58,46,700,8,0.4,106
2021-06-15T21:41:01,27.3,26.8,57,46,700,8,1.0,147
2021-06-15T21:56:38,27.3,26.1,56,47,700,9,1.0,128
2021-06-15T22:12:23,27.3,25.8,57,47,700,9,1.2,110
2021-06-15T22:28:01,27.2,25.1,57,50,700,9,0.7,134
2021-06-15T22:43:38,26.8,24.6,57,52,600,8,1.4,167
2021-06-15T22:59:15,26.8,24.3,57,54,600,8,0.4,114
2021-06-15T23:15:02,26.5,24.2,57,53,600,8,1.1,77
2021-06-15T23:30:39,26.4,24.0,58,54,600,7,1.7,151
2021-06-15T23:46:15,26.2,23.7,59,56,600,7,1.2,101
2021-06-16T00:02:02,26.2,23.3,60,58,700,7,1.4,135
2021-06-16T00:17:45,26.2,23.1,60,58,700,8,1.5,102
2021-06-16T00:33:22,26.2,23.1,58,57,600,8,1.1,144
2021-06-16T00:49:05,26.2,23.0,58,57,600,7,1.2,94
2021-06-16T01:04:51,26.1,22.6,58,58,600,7,0.2,149
2021-06-16T01:20:28,25.9,22.2,59,60,700,7,0.2,207
2021-06-16T01:36:05,25.9,21.7,59,61,700,7,0.2,220
2021-06-16T01:51:41,25.6,22.0,60,60,600,7,0.5,110
2021-06-16T02:07:27,25.5,21.9,60,61,600,7,0.3,77
2021-06-16T02:23:05,25.4,21.7,60,62,600,8,0.9,129
2021-06-16T02:38:48,25.4,21.5,60,63,600,7,0.4,154
2021-06-16T02:54:26,25.4,21.5,60,63,600,7,0.8,140
2021-06-16T03:10:11,25.4,21.3,60,65,600,7,0.9,108
2021-06-16T03:25:48,25.4,21.1,60,65,600,6,0.7,69
2021-06-16T03:41:25,25.4,21.0,60,65,600,7,0.2,144
2021-06-16T03:57:09,25.4,21.2,60,64,600,7,1.1,150
2021-06-16T04:13:01,25.3,21.3,60,64,600,6,0.4,87
2021-06-16T04:28:38,25.2,20.9,61,65,600,6,0.5,102
2021-06-16T04:44:15,25.0,20.8,61,66,600,6,1.1,115
2021-06-16T04:59:59,25.1,20.7,60,68,600,7,0.2,143
2021-06-16T05:15:45,25.0,20.5,62,67,600,6,0.1,40
2021-06-16T05:31:22,25.1,20.1,61,68,600,7,0.0,81
2021-06-16T05:46:59,25.0,20.2,61,68,600,6,0.3,222
2021-06-16T06:02:45,25.1,20.3,62,68,600,7,0.2,203
2021-06-16T06:18:22,25.1,20.5,62,68,600,8,0.3,319
2021-06-16T06:33:59,25.0,20.5,63,70,600,8,0.1,12
2021-06-16T06:49:48,25.0,20.1,64,72,700,8,0.5,321
2021-06-16T07:05:34,25.0,19.9,65,72,700,7,0.2,319
2021-06-16T07:21:11,25.0,20.0,65,71,700,8,0.0,0
2021-06-16T07:36:54,25.0,20.3,65,72,700,8,0.5,19
2021-06-16T07:52:31,25.0,20.4,65,71,700,8,0.4,339
2021-06-16T08:08:16,25.0,20.5,66,71,700,8,0.3,48
2021-06-16T08:23:55,25.1,22.0,67,68,700,8,0.2,286
2021-06-16T08:39:34,25.1,22.7,67,67,800,9,0.6,285
2021-06-16T08:55:13,25.4,25.1,65,56,800,10,0.7,78
2021-06-16T09:11:00,25.5,25.2,66,56,800,9,1.1,121
2021-06-16T09:26:37,25.7,26.0,65,54,800,9,0.5,191
2021-06-16T09:42:17,25.8,27.4,66,52,700,9,0.3,68
2021-06-16T09:57:57,26.2,28.0,65,50,700,9,0.4,127
2021-06-16T10:13:46,26.4,28.7,64,48,700,9,0.9,178
2021-06-16T10:29:23,26.7,29.5,63,45,700,8,0.4,140
2021-06-16T10:45:00,26.7,29.5,63,44,800,8,0.9,256
2021-06-16T11:00:51,27.0,30.2,60,40,700,8,0.2,133
2021-06-16T11:16:28,27.0,29.8,59,40,700,8,0.7,238
2021-06-16T11:32:05,27.1,31.9,57,35,700,8,0.3,296
2021-06-16T11:47:42,27.1,32.9,55,29,700,8,0.4,106
2021-06-16T12:03:27,27.2,33.3,54,29,700,8,0.6,111
2021-06-16T12:19:04,27.4,33.9,53,27,700,8,0.6,150
2021-06-16T12:34:40,27.6,33.5,53,28,700,8,1.1,195
2021-06-16T12:50:17,27.8,32.9,53,31,600,8,0.4,236
2021-06-16T13:06:02,27.8,32.3,52,30,600,8,1.3,106
2021-06-16T13:21:40,27.7,32.7,54,31,600,7,0.9,88
2021-06-16T13:37:15,27.9,33.7,54,28,700,7,1.0,154
2021-06-16T13:52:52,27.6,32.5,54,31,600,7,0.6,223
2021-06-16T14:08:37,27.6,30.8,56,37,600,7,0.2,285
2021-06-16T14:24:14,27.5,30.1,57,39,600,7,0.5,287
2021-06-16T14:39:50,27.3,30.2,60,43,600,7,0.1,205
2021-06-16T14:55:27,27.4,30.6,60,43,600,7,0.6,178
2021-06-16T15:11:13,27.4,30.5,60,42,600,7,0.3,267
2021-06-16T15:26:50,27.4,30.5,59,41,600,7,0.5,294
2021-06-16T15:42:27,27.4,30.9,57,40,600,7,0.1,268
2021-06-16T15:58:03,27.4,31.4,57,39,600,7,0.7,197
2021-06-16T16:13:49,27.4,30.8,56,38,600,7,0.7,220
2021-06-16T16:29:26,27.4,30.0,57,41,600,6,1.0,226
2021-06-16T16:45:02,27.4,29.5,58,44,600,7,0.9,178
2021-06-16T17:00:49,27.4,28.6,59,45,600,7,1.1,216
2021-06-16T17:16:25,27.4,28.1,59,46,600,7,0.4,196
2021-06-16T17:32:02,27.3,28.4,57,44,600,7,1.5,110
2021-06-16T17:47:39,27.3,28.6,57,42,600,7,1.0,266
2021-06-16T18:03:24,27.3,28.6,56,40,600,6,0.5,219
2021-06-16T18:19:01,27.2,28.6,57,43,600,7,1.7,228
2021-06-16T18:34:38,27.2,29.2,56,42,600,7,0.4,212
2021-06-16T18:50:15,27.2,29.4,56,39,600,7,1.1,185
2021-06-16T19:06:01,27.2,29.1,56,39,600,7,0.2,294
2021-06-16T19:21:38,27.2,28.4,58,41,600,7,0.9,199
2021-06-16T19:37:15,27.2,28.3,59,42,700,7,0.7,237
2021-06-16T19:52:52,27.2,27.9,59,44,700,8,1.0,193
2021-06-16T20:08:38,27.4,28.6,59,43,700,8,0.4,118
2021-06-16T20:24:15,27.3,28.6,57,41,700,8,0.7,0
2021-06-16T20:39:52,27.3,28.1,58,43,700,9,0.2,176
2021-06-16T20:55:29,27.3,27.4,59,44,700,8,0.9,205
2021-06-16T21:11:14,26.9,26.7,57,43,700,8,0.7,124
2021-06-16T21:26:51,26.8,26.6,57,44,700,8,0.9,166
2021-06-16T21:42:28,26.8,25.7,58,48,700,9,0.0,4
2021-06-16T21:58:06,26.7,25.3,58,49,700,9,0.6,141
2021-06-16T22:13:51,26.5,24.8,58,51,700,9,0.2,136
2021-06-16T22:29:28,26.5,24.5,57,52,600,9,0.7,122
2021-06-16T22:45:05,26.4,24.2,58,53,700,9,0.4,108
2021-06-16T23:00:50,26.4,24.3,58,53,700,8,1.6,111
2021-06-16T23:16:27,26.2,24.0,59,55,700,8,0.3,134
2021-06-16T23:32:04,26.2,24.1,58,54,700,8,0.1,91
2021-06-16T23:47:41,26.0,23.9,59,55,700,8,0.4,106
2021-06-17T00:03:25,26.0,23.5,59,60,700,8,0.3,221
2021-06-17T00:19:02,26.0,23.2,61,59,700,8,0.5,54
2021-06-17T00:34:39,26.0,23.1,60,58,700,8,0.7,169
2021-06-17T00:50:22,26.0,22.9,60,60,700,8,1.5,100
2021-06-17T01:06:08,25.6,22.8,59,58,600,7,2.2,114
2021-06-17T01:21:45,25.6,23.4,56,51,600,7,1.2,92
2021-06-17T01:37:23,25.6,23.2,56,51,600,8,1.7,109
2021-06-17T01:53:00,25.6,23.2,56,50,600,7,1.7,226
2021-06-17T02:08:46,25.4,23.2,58,50,600,6,0.2,210
2021-06-17T02:24:24,25.4,22.4,57,54,600,6,0.5,344
2021-06-17T02:40:01,25.4,22.2,57,55,600,7,0.7,117
2021-06-17T02:55:39,25.4,21.9,58,58,600,7,0.7,32
2021-06-17T03:11:25,25.4,21.8,58,58,600,7,0.4,110
2021-06-17T03:27:02,25.4,21.7,59,60,600,7,0.6,197
2021-06-17T03:42:46,25.3,21.5,62,64,600,7,0.1,255
2021-06-17T03:58:24,25.3,20.2,63,71,600,7,0.9,99
2021-06-17T04:14:10,25.1,19.6,64,73,600,7,1.4,121
2021-06-17T04:29:47,25.0,19.9,65,72,600,8,0.8,153
2021-06-17T04:45:31,24.9,19.5,65,73,600,7,2.3,106
2021-06-17T05:01:17,24.9,19.6,64,72,600,8,0.8,277
2021-06-17T05:16:55,24.9,19.8,64,73,600,8,0.8,342
2021-06-17T05:32:32,24.9,19.8,65,74,600,8,0.4,299
2021-06-17T05:48:09,24.9,19.3,65,77,600,8,0.4,308
2021-06-17T06:04:02,24.9,19.1,66,76,600,7,0.2,127
2021-06-17T06:19:40,24.9,19.3,66,76,600,7,0.2,201
2021-06-17T06:35:16,24.9,18.8,68,79,700,8,0.7,11
2021-06-17T06:50:53,24.9,18.9,69,80,700,8,0.2,307
2021-06-17T07:06:40,24.9,19.1,69,78,700,8,0.2,315
2021-06-17T07:22:18,24.9,19.2,69,76,700,8,0.4,129
2021-06-17T07:37:55,24.9,19.1,69,78,800,8,0.2,135
2021-06-17T07:53:32,24.9,19.1,68,77,700,9,0.4,191
2021-06-17T08:09:18,25.1,19.4,68,77,900,0,0.2,304
2021-06-17T08:24:56,25.0,19.5,71,79,800,9,0.1,281
2021-06-17T08:40:33,25.0,19.2,72,83,800,9,0.2,314
2021-06-17T08:56:11,24.7,19.3,74,82,800,8,0.2,26
2021-06-17T09:11:58,24.8,20.1,74,83,900,8,0.2,312
2021-06-17T09:27:38,24.9,20.0,75,83,900,9,0.8,273
2021-06-17T09:43:16,24.9,19.9,74,82,800,9,0.3,316
2021-06-17T09:58:58,24.5,20.1,73,80,800,8,0.2,329
2021-06-17T10:14:51,24.5,20.1,73,79,700,8,0.4,337
2021-06-17T10:30:31,24.8,20.0,74,81,800,8,0.4,205
2021-06-17T10:46:10,24.5,20.0,72,81,700,8,0.4,26
2021-06-17T11:02:10,24.0,20.9,74,80,700,5,0.5,147
2021-06-17T11:17:49,24.0,21.1,74,77,600,5,0.4,63
2021-06-17T11:33:28,24.0,21.1,73,79,600,5,0.3,120
2021-06-17T11:49:07,23.8,20.3,75,81,600,4,1.6,103
2021-06-17T12:04:55,24.8,19.7,75,83,900,8,1.4,119
2021-06-17T12:20:35,25.0,19.3,73,83,700,8,0.2,212
2021-06-17T12:36:18,25.0,20.0,74,85,700,8,0.5,192
2021-06-17T12:51:59,25.0,20.1,73,83,700,8,0.5,117
2021-06-17T13:07:49,25.0,19.7,73,86,700,8,1.0,149
2021-06-17T13:23:30,24.6,19.9,74,86,600,7,0.7,257
2021-06-17T13:39:11,24.5,19.5,72,86,600,7,0.7,342
2021-06-17T13:54:51,24.2,19.6,71,83,600,6,2.7,191
2021-06-17T14:10:40,23.8,16.1,68,80,700,7,3.0,96
2021-06-17T14:26:22,23.8,15.4,68,88,700,7,3.3,315
2021-06-17T14:42:04,23.8,16.1,69,88,700,7,2.0,129
2021-06-17T14:57:46,23.8,16.5,69,89,700,7,1.9,125
2021-06-17T15:13:36,24.1,18.5,70,86,700,7,1.3,53
2021-06-17T15:29:24,24.1,19.4,71,84,700,7,0.6,342
2021-06-17T15:45:06,24.1,19.7,71,80,600,7,0.7,296
2021-06-17T16:00:57,24.1,18.8,71,84,700,7,1.1,284
2021-06-17T16:16:38,24.1,17.9,72,87,700,7,1.7,118
2021-06-17T16:32:21,24.0,17.9,72,88,700,7,0.2,58
2021-06-17T16:48:02,24.1,18.0,71,88,700,7,2.8,83
2021-06-17T17:03:54,24.1,18.1,71,87,700,7,1.1,101
2021-06-17T17:19:36,24.1,18.8,73,85,700,7,1.4,96
2021-06-17T17:35:19,24.3,19.4,73,83,700,8,1.1,43
2021-06-17T17:51:01,24.3,19.6,73,83,700,7,1.8,97
2021-06-17T18:06:52,24.3,19.6,73,83,700,7,0.4,301
2021-06-17T18:22:35,24.3,19.5,73,83,700,8,0.7,181
2021-06-17T18:38:16,24.4,19.6,74,84,700,8,0.2,230
2021-06-17T18:53:59,24.5,19.7,75,84,800,8,0.4,198
2021-06-17T19:09:49,24.8,20.8,74,81,700,8,0.8,118
2021-06-17T19:25:31,24.8,20.7,76,81,800,8,1.1,137
2021-06-17T19:41:14,24.8,20.8,74,82,700,7,1.1,223
2021-06-17T19:56:56,24.5,20.2,74,82,700,8,1.1,119
2021-06-17T20:12:46,24.5,20.1,72,79,700,8,0.7,53
2021-06-17T20:28:28,24.5,20.4,71,79,700,8,0.4,268
2021-06-17T20:44:11,24.5,20.7,72,77,700,8,0.0,0
2021-06-17T20:59:52,24.7,20.8,71,75,800,8,0.3,288
2021-06-17T21:15:43,24.5,20.2,71,76,700,8,0.5,173
2021-06-17T21:31:25,24.2,19.1,70,80,700,8,0.7,45
2021-06-17T21:47:07,24.1,18.6,71,82,700,8,0.7,320
2021-06-17T22:02:58,24.0,17.8,70,84,800,8,0.5,49
2021-06-17T22:18:42,23.7,17.7,70,85,700,7,0.2,313
2021-06-17T22:34:24,23.8,17.3,70,86,800,8,0.7,18
2021-06-17T22:50:06,23.9,17.2,69,85,700,8,0.7,14
2021-06-17T23:05:57,23.8,17.1,69,86,800,7,0.4,332
2021-06-17T23:21:42,23.8,16.7,70,88,800,8,0.0,83
2021-06-17T23:37:23,23.7,16.7,69,88,800,8,0.5,40
2021-06-17T23:53:05,23.7,16.5,69,89,800,8,0.5,309
2021-06-18T00:08:56,23.5,16.3,69,89,800,8,0.2,1
2021-06-18T00:24:44,23.4,16.1,69,89,800,8,0.7,190
2021-06-18T00:40:26,23.4,15.7,69,90,900,8,0.3,19
2021-06-18T00:56:08,23.3,15.8,69,90,800,7,0.2,143
2021-06-18T01:11:58,23.3,15.9,69,90,800,7,0.5,32
2021-06-18T01:27:40,23.2,15.5,69,90,800,7,0.1,0
2021-06-18T01:43:28,23.1,15.2,68,91,800,7,0.4,25
2021-06-18T01:59:10,23.1,15.1,68,91,800,7,0.5,44
2021-06-18T02:15:01,23.0,14.8,68,91,800,7,0.5,28
2021-06-18T02:30:44,22.8,14.8,67,93,700,6,0.5,70
2021-06-18T02:46:31,22.8,15.0,67,92,700,6,0.5,326
2021-06-18T03:02:21,22.8,15.0,67,91,700,6,0.4,20
2021-06-18T03:18:03,22.8,14.7,67,92,800,6,0.6,346
2021-06-18T03:33:50,22.8,14.7,67,92,700,6,0.5,341
2021-06-18T03:49:32,22.8,14.7,67,92,700,6,0.5,34
2021-06-18T04:05:23,22.7,14.9,67,92,700,5,0.5,327
2021-06-18T04:21:05,22.9,14.4,66,91,800,6,0.5,332
2021-06-18T04:36:47,22.8,14.4,66,93,700,5,0.4,321
2021-06-18T04:52:35,22.8,14.5,66,93,800,6,0.2,321
2021-06-18T05:08:24,22.8,14.0,67,93,800,7,0.1,0
2021-06-18T05:24:06,22.8,14.1,66,94,800,6,0.4,229
2021-06-18T05:39:48,22.8,14.1,66,95,800,6,0.4,325
2021-06-18T05:55:30,22.8,14.0,68,96,800,6,0.4,293
2021-06-18T06:11:20,22.9,14.2,69,97,900,7,0.5,301
2021-06-18T06:27:02,22.8,14.4,70,97,800,6,0.5,54
2021-06-18T06:42:44,22.8,15.0,72,97,800,6,0.5,104
2021-06-18T06:58:27,22.8,15.2,72,97,800,6,0.5,166
2021-06-18T07:14:25,22.8,15.3,73,97,800,7,0.5,272
2021-06-18T07:30:07,22.9,15.6,73,98,800,7,0.2,331
2021-06-18T07:45:49,22.9,15.7,73,98,800,7,0.3,67
2021-06-18T08:01:39,23.0,16.2,74,98,800,8,0.6,341
2021-06-18T08:17:21,23.5,16.3,75,97,1000,7,0.5,73
2021-06-18T08:33:02,23.6,16.9,76,96,1000,9,0.7,232
2021-06-18T08:48:45,23.7,17.2,76,94,900,9,0.9,192
2021-06-18T09:04:35,23.8,17.9,76,92,900,9,0.5,54
2021-06-18T09:20:18,23.8,18.4,76,91,900,8,0.3,200
2021-06-18T09:36:00,23.8,20.3,76,84,900,8,0.4,245
2021-06-18T09:51:43,24.0,21.1,75,78,800,9,0.6,165
2021-06-18T10:07:33,24.1,21.3,75,79,800,9,1.4,174
2021-06-18T10:23:15,24.2,21.8,76,78,800,8,0.3,137
2021-06-18T10:38:58,24.2,22.5,75,76,800,8,0.2,242
2021-06-18T10:54:41,24.3,24.3,75,69,800,8,0.2,310
2021-06-18T11:10:31,24.4,24.3,74,69,800,8,0.6,110
2021-06-18T11:26:18,24.4,25.5,73,63,700,8,1.2,203
2021-06-18T11:41:58,24.8,25.9,75,61,700,7,0.6,42
2021-06-18T11:57:41,25.1,26.4,73,62,700,7,1.2,220
2021-06-18T12:13:34,25.1,26.6,72,61,700,8,1.7,207
2021-06-18T12:29:15,25.1,27.3,66,53,600,5,0.2,228
2021-06-18T12:44:56,25.1,27.9,64,54,600,4,0.3,299
2021-06-18T13:00:46,25.3,27.7,67,49,700,6,0.4,225
2021-06-18T13:16:34,25.3,28.2,68,52,700,6,0.6,230
2021-06-18T13:32:14,25.3,28.2,68,52,600,6,0.5,245
2021-06-18T13:47:55,25.4,29.0,66,48,700,7,0.4,74
2021-06-18T14:03:45,25.5,29.7,63,43,700,6,0.2,313
2021-06-18T14:19:26,25.5,29.5,62,39,600,7,0.4,146
2021-06-18T14:35:06,25.7,29.4,63,43,700,6,1.3,212
2021-06-18T14:50:47,25.7,29.3,62,41,600,6,0.5,330
2021-06-18T15:06:36,25.8,30.5,61,39,600,6,0.2,321
2021-06-18T15:22:16,26.0,31.2,58,35,700,7,0.3,263
2021-06-18T15:37:57,26.1,31.6,58,33,700,6,0.2,71
2021-06-18T15:53:41,26.1,31.1,58,32,700,6,0.4,207
2021-06-18T16:09:30,26.1,30.1,60,41,600,6,0.3,262
2021-06-18T16:25:11,26.1,29.6,62,43,600,6,0.4,22
2021-06-18T16:41:04,26.3,31.5,60,35,700,6,0.4,21
2021-06-18T16:56:44,26.6,32.2,59,33,700,6,0.8,270
2021-06-18T17:12:33,26.7,31.1,63,43,700,6,0.5,215
2021-06-18T17:28:14,26.7,30.3,62,40,700,7,0.4,179
2021-06-18T17:43:56,26.6,29.8,60,37,700,7,0.3,295
2021-06-18T17:59:37,26.6,28.5,63,46,700,7,1.3,227
2021-06-18T18:15:27,26.6,28.3,63,47,600,6,0.8,238
2021-06-18T18:31:08,26.5,28.1,62,46,700,7,1.1,169
2021-06-18T18:46:47,26.4,27.9,61,47,700,7,1.2,251
2021-06-18T19:02:37,26.4,27.6,62,50,700,7,0.5,202
2021-06-18T19:18:16,26.4,27.6,61,48,700,7,0.7,233
2021-06-18T19:33:57,26.6,27.5,66,57,700,7,0.3,207
2021-06-18T19:49:38,26.5,27.1,66,55,700,8,0.9,214
2021-06-18T20:05:33,26.5,26.6,65,53,800,8,0.4,204
2021-06-18T20:21:14,26.4,26.5,66,54,800,8,1.2,136
2021-06-18T20:36:54,26.3,25.6,66,56,700,8,2.0,237
2021-06-18T20:52:35,26.0,24.6,66,61,700,8,1.0,198
2021-06-18T21:08:24,26.0,24.4,69,63,700,7,0.3,202
2021-06-18T21:24:10,26.0,24.6,67,58,800,8,0.4,156
2021-06-18T21:39:50,25.9,24.4,66,59,700,8,0.7,125
2021-06-18T21:55:31,25.7,24.1,65,59,700,8,0.4,195
2021-06-18T22:11:20,25.6,23.8,64,59,700,8,0.7,154
2021-06-18T22:27:01,25.4,22.9,63,60,700,8,1.1,164
2021-06-18T22:42:47,25.3,23.1,61,55,700,7,1.8,143
2021-06-18T22:58:28,25.3,23.1,60,53,700,8,0.0,1
2021-06-18T23:14:16,25.2,22.1,61,58,700,7,1.1,139
2021-06-18T23:29:57,25.0,21.6,64,64,700,7,1.1,186
2021-06-18T23:45:38,25.0,21.2,66,69,700,7,2.1,99
2021-06-19T00:01:26,25.0,21.1,65,69,700,7,0.6,196
2021-06-19T00:17:07,25.0,20.8,66,70,700,7,0.4,58
2021-06-19T00:32:47,25.0,20.8,67,71,700,7,0.7,137
2021-06-19T00:48:27,25.0,20.1,68,74,700,7,0.4,178
2021-06-19T01:04:16,25.0,19.7,68,75,700,8,0.3,38
2021-06-19T01:19:56,24.6,19.7,68,76,700,7,0.5,130
2021-06-19T01:35:36,24.8,19.7,68,76,700,7,0.3,288
2021-06-19T01:51:22,24.6,19.4,68,77,700,7,0.6,339
2021-06-19T02:07:12,24.5,19.5,69,79,700,6,0.9,316
2021-06-19T02:22:58,24.5,19.5,69,79,700,7,0.6,157
2021-06-19T02:38:45,24.5,19.1,69,81,700,6,0.8,136
2021-06-19T02:54:25,24.5,19.0,69,82,700,6,1.7,121
2021-06-19T03:10:15,24.4,19.1,69,81,700,7,0.9,111
2021-06-19T03:25:56,24.4,19.0,69,82,700,7,0.4,108
2021-06-19T03:41:43,24.3,18.7,70,83,700,7,0.5,124
2021-06-19T03:57:24,24.3,18.9,70,82,700,8,0.1,90
2021-06-19T04:13:14,24.3,19.0,70,82,700,7,0.2,120
2021-06-19T04:28:55,24.2,18.5,70,84,700,7,0.3,28
2021-06-19T04:44:34,24.2,18.3,71,84,700,7,0.4,235
2021-06-19T05:00:15,24.2,18.2,70,85,700,7,0.2,117
2021-06-19T05:16:05,24.2,18.4,70,85,700,7,0.3,267
2021-06-19T05:31:46,24.1,18.3,71,86,700,7,0.2,248
2021-06-19T05:47:33,24.0,18.3,71,86,700,7,0.0,266
2021-06-19T06:03:22,24.0,18.0,72,86,700,7,1.7,123
2021-06-19T06:19:09,24.0,17.9,72,86,800,8,1.4,154
2021-06-19T06:34:50,24.1,18.1,71,85,800,8,1.4,109
2021-06-19T06:50:38,24.1,18.3,71,83,800,8,0.8,83
2021-06-19T07:06:27,24.1,18.7,72,83,800,8,0.8,295
2021-06-19T07:22:08,24.1,18.7,71,82,800,9,0.4,15
2021-06-19T07:37:48,24.2,18.8,73,82,800,8,0.6,131
2021-06-19T07:53:29,24.2,18.9,72,81,800,9,0.4,179
2021-06-19T08:09:18,24.1,19.2,73,80,800,8,0.9,294
2021-06-19T08:24:58,24.2,20.3,73,79,800,8,0.2,63
2021-06-19T08:40:45,24.3,20.6,74,78,800,8,0.0,41
2021-06-19T08:56:26,24.3,21.4,74,75,800,8,0.0,0
2021-06-19T09:12:16,24.3,21.2,74,78,800,8,0.5,146
2021-06-19T09:27:56,24.3,19.6,74,83,700,8,0.7,237
2021-06-19T09:43:37,24.3,19.4,75,85,800,8,0.2,268
2021-06-19T09:59:18,24.3,19.8,76,85,800,8,0.9,122
2021-06-19T10:15:09,24.8,22.7,77,76,800,8,0.4,279
2021-06-19T10:30:50,25.1,23.5,75,74,900,8,0.3,268
2021-06-19T10:34:18,25.2,23.9,75,70,900,8,0.6,308
2021-06-19T10:50:04,25.3,24.8,73,66,800,8,1.1,252
2021-06-19T11:05:55,25.5,26.4,72,59,800,8,0.5,244
2021-06-19T11:21:37,25.5,26.5,70,59,700,8,0.4,195
2021-06-19T11:37:18,25.8,27.2,70,54,700,8,0.2,89
2021-06-19T11:53:00,25.8,27.7,67,53,700,8,0.4,53
2021-06-19T12:08:50,25.8,27.6,67,54,700,7,0.4,262
2021-06-19T12:24:31,26.1,26.6,70,59,700,8,0.3,270
2021-06-19T12:40:12,26.0,25.2,72,70,700,8,0.3,236
2021-06-19T12:55:54,26.0,24.5,74,75,700,8,0.5,149
2021-06-19T13:11:44,25.9,23.1,75,79,700,8,0.2,187
2021-06-19T13:27:26,25.9,23.9,76,79,700,7,0.9,130
2021-06-19T13:43:07,26.1,25.1,72,77,700,8,0.3,292
2021-06-19T13:58:48,26.1,26.3,71,65,700,7,0.6,307
2021-06-19T14:14:39,26.1,25.2,70,68,600,7,0.9,319
2021-06-19T14:30:20,26.0,23.4,73,80,600,6,0.4,133
2021-06-19T14:46:02,26.0,23.8,73,76,700,7,0.3,314
2021-06-19T15:01:53,26.1,24.9,71,69,700,8,0.6,179
2021-06-19T15:17:35,26.1,25.0,71,64,700,8,0.9,217
2021-06-19T15:33:17,26.5,27.0,69,61,700,8,0.8,166
2021-06-19T15:48:59,26.5,26.8,68,59,700,8,0.9,134
2021-06-19T16:04:56,26.5,25.3,69,64,700,7,0.9,171
2021-06-19T16:20:43,26.4,24.8,69,67,700,8,0.3,156
2021-06-19T16:36:25,26.4,24.6,69,67,700,7,0.6,200
2021-06-19T16:52:13,26.4,23.9,72,73,700,7,0.2,214
2021-06-19T17:08:03,26.3,23.4,72,75,700,8,0.4,178
2021-06-19T17:23:45,26.0,22.7,71,77,700,7,0.2,254
2021-06-19T17:39:26,26.0,22.6,71,74,700,8,0.5,167
2021-06-19T17:55:08,25.9,22.0,71,76,700,7,0.5,164
2021-06-19T18:10:58,25.6,21.5,71,78,700,7,0.3,134
2021-06-19T18:26:39,25.6,21.1,72,80,700,7,0.6,25
2021-06-19T18:42:28,25.6,21.5,71,77,700,8,0.9,127
2021-06-19T18:58:16,25.6,21.5,72,77,700,7,2.1,112
2021-06-19T19:14:05,25.6,21.3,72,78,700,7,1.3,136
2021-06-19T19:29:47,25.6,21.3,72,78,700,8,1.0,73
2021-06-19T19:45:29,25.8,22.2,72,74,800,8,1.4,62
2021-06-19T20:01:26,25.8,22.8,71,71,800,8,0.8,271
2021-06-19T20:17:07,25.8,22.9,71,71,800,8,0.7,137
2021-06-19T20:32:48,25.8,22.8,71,70,800,8,0.2,176
2021-06-19T20:48:30,25.8,22.7,72,71,800,8,0.2,328
2021-06-19T21:04:20,25.7,22.2,71,73,700,8,0.9,137
2021-06-19T21:20:02,25.6,21.9,71,74,800,8,0.0,101
2021-06-19T21:35:43,25.5,21.5,69,73,700,8,0.4,137
2021-06-19T21:51:25,25.4,21.2,69,74,700,8,0.2,134
2021-06-19T22:07:15,25.3,21.1,69,74,700,8,0.9,113
2021-06-19T22:22:58,25.3,20.8,69,75,700,8,0.0,90
2021-06-19T22:38:42,25.3,20.7,69,76,800,8,0.5,146
2021-06-19T22:54:23,25.3,20.6,70,77,700,8,0.3,242
2021-06-19T23:10:13,25.3,20.3,70,78,700,8,1.4,101
2021-06-19T23:25:55,25.1,20.1,69,79,700,8,0.6,73
2021-06-19T23:41:37,25.0,20.2,69,78,700,7,1.2,123
2021-06-19T23:57:18,25.0,20.1,70,79,700,7,0.1,1
2021-06-20T00:13:08,25.0,20.1,71,79,700,7,1.0,121
2021-06-20T00:28:50,25.0,20.1,69,79,700,7,1.1,120
2021-06-20T00:44:33,25.0,20.1,69,79,700,7,1.7,115
2021-06-20T01:00:15,24.9,19.8,70,80,700,7,0.5,136
2021-06-20T01:16:05,24.6,19.4,69,81,700,7,0.2,37
2021-06-20T01:31:47,24.6,19.1,70,82,700,7,0.2,118
2021-06-20T01:47:29,24.8,19.2,69,82,700,7,0.7,299
2021-06-20T02:03:19,24.7,19.6,69,80,700,7,0.6,325
2021-06-20T02:19:00,24.8,19.5,69,80,700,7,0.0,90
2021-06-20T02:34:42,24.5,19.3,69,81,700,7,0.4,191
2021-06-20T02:50:23,24.5,19.3,69,80,700,7,1.1,30
2021-06-20T03:06:13,24.5,19.4,69,79,700,7,1.1,113
2021-06-20T03:21:55,24.5,19.1,69,80,700,7,1.3,113
2021-06-20T03:37:36,24.4,18.7,69,82,700,7,0.4,62
2021-06-20T03:53:18,24.3,18.4,69,82,700,8,0.4,160
2021-06-20T04:09:09,24.2,18.3,70,82,700,7,0.4,290
2021-06-20T04:24:51,24.1,18.2,69,81,700,8,0.2,37
2021-06-20T04:40:33,24.0,18.2,69,81,700,8,0.2,29
2021-06-20T04:56:15,24.0,17.7,69,83,700,7,0.2,149
2021-06-20T05:12:11,24.1,17.6,68,83,700,8,0.5,70
2021-06-20T05:27:53,24.0,18.0,69,81,700,7,0.6,113
2021-06-20T05:43:35,24.2,18.0,69,82,800,8,0.2,285
2021-06-20T05:59:17,24.1,17.6,69,83,800,8,0.4,71
2021-06-20T06:15:08,24.1,17.3,70,84,800,8,0.1,172
2021-06-20T06:30:51,24.1,17.3,71,85,800,8,0.1,0
2021-06-20T06:46:33,24.0,17.5,71,84,800,8,0.2,5
2021-06-20T07:02:22,24.0,17.4,71,85,900,8,0.9,302
2021-06-20T07:18:04,23.8,17.5,72,84,800,8,0.5,238
2021-06-20T07:33:47,24.0,18.0,73,85,900,9,0.3,327
2021-06-20T07:49:35,24.0,18.0,73,86,900,8,0.3,34
2021-06-20T08:05:25,23.8,17.4,73,85,900,9,0.4,22
2021-06-20T08:21:07,24.1,17.8,74,83,900,9,0.7,5
2021-06-20T08:36:49,23.8,18.0,73,85,900,8,0.2,323
2021-06-20T08:52:30,24.0,18.1,75,84,900,10,0.1,267
2021-06-20T09:08:20,23.9,17.5,73,86,900,8,0.3,46
2021-06-20T09:24:03,24.1,17.6,74,85,900,9,1.8,122
2021-06-20T09:39:45,24.0,17.3,74,87,900,8,0.2,222
2021-06-20T09:55:28,23.8,17.2,75,89,800,9,0.4,52
2021-06-20T10:11:18,23.9,16.8,74,91,900,8,2.2,197
2021-06-20T10:27:01,23.9,16.8,73,91,800,8,0.3,146
2021-06-20T10:42:44,23.9,17.5,73,91,800,8,1.0,121
2021-06-20T10:58:39,24.1,19.7,75,87,800,8,0.6,194
2021-06-20T11:14:30,24.1,20.1,75,85,800,8,1.0,240
2021-06-20T11:30:13,24.3,20.4,75,82,800,8,1.8,158
2021-06-20T11:45:56,24.3,21.1,75,79,800,8,0.7,216
2021-06-20T12:01:47,24.7,22.5,73,73,700,8,0.3,109
2021-06-20T12:17:29,24.8,22.8,72,73,700,7,1.1,204
2021-06-20T12:33:12,24.8,22.5,73,73,700,7,0.6,86
2021-06-20T12:48:54,24.8,23.6,72,69,700,7,0.5,217
2021-06-20T13:04:45,25.1,24.8,73,67,700,7,0.4,262
2021-06-20T13:20:27,25.1,25.9,71,62,700,8,0.0,104
2021-06-20T13:36:08,25.3,26.1,70,62,700,8,0.9,338
2021-06-20T13:51:49,25.4,26.5,69,60,700,8,0.3,56
2021-06-20T14:07:41,25.4,26.5,67,58,700,7,0.7,154
2021-06-20T14:23:23,25.4,26.3,66,56,700,7,1.0,251
2021-06-20T14:39:05,25.4,26.3,66,55,700,7,0.4,289
2021-06-20T14:54:47,25.5,26.2,63,53,700,7,0.2,243
2021-06-20T15:10:43,25.5,26.1,64,52,700,7,1.7,231
2021-06-20T15:26:25,25.6,27.1,64,52,700,7,1.2,248
2021-06-20T15:42:07,26.0,26.8,62,51,700,7,0.3,109
2021-06-20T15:57:49,26.0,27.6,61,49,700,7,0.7,275
2021-06-20T16:13:45,26.2,28.1,61,47,700,6,2.3,219
2021-06-20T16:29:27,26.2,27.3,60,49,700,6,1.6,170
2021-06-20T16:45:10,26.3,27.7,60,48,700,6,1.2,249
2021-06-20T17:01:01,26.3,26.5,60,48,600,7,0.2,221
2021-06-20T17:16:43,26.3,28.8,59,43,700,7,0.6,267
2021-06-20T17:32:25,26.7,27.9,60,46,700,8,0.6,163
2021-06-20T17:48:07,26.7,27.9,59,44,700,8,1.2,227
2021-06-20T18:03:58,26.4,26.6,57,48,600,7,2.3,289
2021-06-20T18:19:46,26.3,27.1,56,46,600,7,1.4,268
2021-06-20T18:35:29,26.3,27.3,59,44,700,7,1.0,276
2021-06-20T18:51:10,26.3,25.9,59,45,600,7,1.1,134
2021-06-20T19:07:00,26.2,26.7,58,45,700,7,0.2,14
2021-06-20T19:22:42,26.2,27.4,57,42,700,7,1.9,322
2021-06-20T19:38:24,26.3,26.8,58,43,700,7,2.3,91
2021-06-20T19:54:07,26.3,27.1,58,44,700,7,0.7,163
2021-06-20T20:09:57,26.3,27.1,59,44,700,7,0.8,130
2021-06-20T20:25:39,26.3,27.0,58,45,700,8,0.4,269
2021-06-20T20:41:27,26.4,26.2,57,42,700,7,1.0,275
2021-06-20T20:57:09,26.0,25.2,59,48,800,8,1.0,136
2021-06-20T21:12:59,25.7,23.5,61,53,800,8,0.2,220
2021-06-20T21:28:41,25.6,23.0,62,55,800,8,0.2,210
2021-06-20T21:44:24,25.5,22.6,62,57,800,8,0.0,21
2021-06-20T22:00:06,25.3,22.5,64,59,800,8,0.2,39
2021-06-20T22:15:57,25.3,22.5,62,58,800,8,0.2,137
2021-06-20T22:31:41,25.3,22.6,63,59,800,8,0.3,240
2021-06-20T22:47:23,25.3,22.6,63,59,700,7,0.2,224
2021-06-20T23:03:21,25.1,21.5,64,68,700,7,0.2,156
2021-06-20T23:19:02,25.1,21.5,62,64,700,8,0.5,301
2021-06-20T23:34:44,25.0,21.0,62,64,700,7,0.4,300
2021-06-20T23:50:26,25.0,20.0,63,68,800,7,0.7,39
2021-06-21T00:06:24,24.6,20.1,64,69,800,7,1.4,51
2021-06-21T00:22:06,24.4,19.2,64,71,800,7,0.2,131
2021-06-21T00:37:48,24.2,18.8,64,73,800,7,0.7,328
2021-06-21T00:53:30,24.1,18.1,64,74,700,7,0.4,74
2021-06-21T01:09:20,24.0,18.0,64,73,800,6,1.1,349
2021-06-21T01:25:02,24.0,17.5,64,75,800,6,0.6,47
2021-06-21T01:40:44,23.8,17.4,64,75,800,7,0.3,26
2021-06-21T01:56:27,23.9,17.3,63,77,800,7,0.3,236
2021-06-21T02:12:18,23.7,16.9,64,80,800,7,0.3,96
2021-06-21T02:28:01,23.8,17.4,64,75,800,8,0.1,267
2021-06-21T02:43:43,23.9,17.2,64,76,800,8,0.1,46
2021-06-21T02:59:25,23.8,16.8,65,75,800,8,0.8,44
2021-06-21T03:15:15,23.8,16.4,64,78,800,8,1.1,34
2021-06-21T03:30:57,23.4,16.1,64,81,800,8,0.3,147
2021-06-21T03:46:39,23.4,15.8,63,81,800,8,0.5,318
2021-06-21T04:02:29,23.2,15.9,63,80,800,7,0.3,22
2021-06-21T04:18:10,23.2,16.0,63,79,800,7,0.3,300
2021-06-21T04:33:58,23.2,15.6,63,80,800,7,0.5,107
2021-06-21T04:49:40,23.2,15.2,63,81,800,7,0.2,37
2021-06-21T05:05:32,23.2,15.9,62,79,800,7,0.1,299
2021-06-21T05:21:14,23.2,15.6,63,79,800,7,0.2,331
2021-06-21T05:36:55,23.0,15.6,63,78,700,7,0.0,0
2021-06-21T05:52:37,23.0,15.8,62,78,700,6,0.2,339
2021-06-21T06:08:27,22.9,15.2,63,82,700,6,0.4,311
2021-06-21T06:24:08,22.9,15.0,64,83,700,6,0.5,308
2021-06-21T06:39:50,22.9,14.6,65,85,800,6,0.5,265
2021-06-21T06:55:31,22.8,14.3,64,85,800,6,0.4,0
2021-06-21T07:11:21,22.8,15.3,65,81,800,6,0.2,225
2021-06-21T07:27:03,22.9,15.2,65,82,800,6,0.0,0
2021-06-21T07:42:45,23.0,15.4,68,84,900,7,0.4,133
2021-06-21T07:58:33,23.1,16.3,69,80,800,7,0.1,0
2021-06-21T08:14:34,23.2,17.2,70,79,800,7,0.3,311
2021-06-21T08:30:24,23.3,18.9,69,74,900,7,0.3,124
2021-06-21T08:34:59,23.5,19.3,69,72,900,7,1.0,94
2021-06-21T08:50:55,23.8,19.8,70,70,1000,8,0.6,90
2021-06-21T09:06:42,24.1,21.3,69,66,800,8,0.7,157
2021-06-21T09:22:23,24.0,22.0,68,63,800,7,0.2,135
2021-06-21T09:38:02,23.8,23.0,64,59,700,6,0.3,240
2021-06-21T09:53:39,23.9,23.7,66,57,800,6,0.7,299
2021-06-21T10:09:28,24.1,23.8,68,55,900,7,0.3,179
2021-06-21T10:25:09,24.1,24.2,67,55,900,7,0.8,294
2021-06-21T10:40:46,24.2,25.0,65,51,800,7,1.0,90
2021-06-21T10:56:22,24.1,25.2,66,51,700,7,0.3,245
2021-06-21T11:12:07,24.2,26.0,67,47,800,7,0.2,135
2021-06-21T11:27:44,24.4,27.1,65,46,800,7,1.6,240
2021-06-21T11:43:23,24.5,27.1,63,44,700,7,1.1,285
2021-06-21T11:59:03,24.8,26.9,54,44,600,5,0.8,286
2021-06-21T12:14:58,25.1,27.0,58,43,600,4,0.8,278
2021-06-21T12:30:41,25.1,27.6,59,42,700,6,0.5,90
2021-06-21T12:46:26,25.0,26.5,57,42,700,6,0.1,179
2021-06-21T13:02:16,25.1,27.7,58,40,700,6,0.4,135
2021-06-21T13:17:53,25.1,27.8,56,41,700,6,2.8,82
2021-06-21T13:33:30,25.1,28.5,56,38,700,5,0.3,225
2021-06-21T13:49:07,25.4,29.2,58,37,700,6,0.4,182
2021-06-21T14:04:56,25.4,28.2,57,39,700,6,0.5,247
2021-06-21T14:20:38,25.5,29.4,56,36,700,6,0.2,67
2021-06-21T14:36:19,25.5,28.8,57,39,600,6,0.6,259
2021-06-21T14:52:01,25.5,29.2,56,38,600,6,1.2,302
2021-06-21T15:07:57,25.8,29.2,57,39,600,6,0.7,101
2021-06-21T15:23:41,25.8,29.7,57,38,600,6,1.3,230
2021-06-21T15:39:21,25.8,29.3,56,38,600,6,0.9,164
2021-06-21T15:55:09,25.8,28.7,56,38,700,6,0.6,278
2021-06-21T16:10:58,25.8,28.4,56,39,600,6,0.4,168
2021-06-21T16:26:40,25.8,28.6,57,38,600,6,1.0,140
2021-06-21T16:42:20,26.1,29.7,57,39,600,6,2.0,301
2021-06-21T16:58:01,26.2,29.2,55,37,700,6,1.6,249
2021-06-21T17:13:50,26.2,29.3,54,35,600,6,1.9,280
2021-06-21T17:29:31,26.2,28.7,55,37,600,6,1.0,301
2021-06-21T17:45:13,26.3,29.9,55,35,600,6,0.6,280
2021-06-21T18:01:02,26.6,28.8,54,36,700,6,2.2,266
2021-06-21T18:16:44,26.5,29.1,53,35,700,6,0.1,228
2021-06-21T18:32:25,26.4,28.3,53,34,700,6,1.4,229
2021-06-21T18:48:13,26.6,29.0,53,36,700,6,0.9,133
2021-06-21T19:04:03,26.6,29.2,52,34,700,6,0.3,306
2021-06-21T19:19:44,26.4,28.8,52,31,700,6,3.0,139
2021-06-21T19:35:26,26.3,27.6,51,34,700,6,0.5,106
2021-06-21T19:51:07,26.3,27.5,52,35,700,7,0.2,23
2021-06-21T20:06:57,26.0,26.0,52,37,700,7,2.3,127
2021-06-21T20:22:41,25.6,25.2,52,39,700,7,1.6,149
2021-06-21T20:38:22,25.5,24.3,55,40,700,7,0.6,179
2021-06-21T20:54:04,25.3,24.0,53,40,700,7,0.5,282
2021-06-21T21:09:55,25.3,24.0,54,42,700,7,0.2,308
2021-06-21T21:25:36,25.3,24.0,54,43,700,7,0.2,179
2021-06-21T21:41:17,25.0,22.9,55,48,700,7,0.1,268
2021-06-21T21:56:59,25.0,22.5,54,48,700,7,0.3,113
2021-06-21T22:12:48,24.5,22.4,54,44,700,7,2.0,312
2021-06-21T22:28:30,24.1,21.3,54,47,600,6,1.3,158
2021-06-21T22:44:11,23.8,20.8,55,48,700,6,2.0,291
2021-06-21T22:59:53,24.0,20.1,55,51,700,7,0.3,155
2021-06-21T23:15:43,24.1,19.9,56,51,800,7,0.2,197
2021-06-21T23:31:25,23.8,19.6,57,52,800,7,1.4,90
2021-06-21T23:47:07,23.9,19.5,54,53,800,6,1.4,203
2021-06-22T00:02:56,23.8,18.9,55,54,700,6,0.2,230
2021-06-22T00:18:38,23.9,18.7,55,55,800,7,0.9,130
2021-06-22T00:34:26,23.9,18.2,55,57,800,7,0.8,142
2021-06-22T00:50:07,23.7,17.9,56,59,800,7,0.2,154
2021-06-22T01:05:57,23.5,17.5,56,61,800,8,0.2,105
2021-06-22T01:21:47,23.4,17.3,56,63,800,7,0.6,243
2021-06-22T01:37:28,23.4,16.9,56,63,800,7,1.1,230
2021-06-22T01:53:10,23.6,17.3,56,61,800,7,0.5,202
2021-06-22T02:09:01,23.5,17.1,56,63,800,8,0.3,227
2021-06-22T02:24:48,23.2,16.9,56,66,700,6,0.4,193
2021-06-22T02:40:30,23.1,16.7,56,66,700,6,0.2,223
2021-06-22T02:56:11,23.1,16.0,56,67,800,6,0.3,209
2021-06-22T03:12:02,23.0,16.0,56,69,700,6,0.1,282
2021-06-22T03:27:44,22.6,15.9,56,69,600,5,0.4,267
2021-06-22T03:43:25,22.7,15.6,55,69,600,4,0.7,314
2021-06-22T03:59:07,22.7,15.6,54,70,600,5,0.4,299
2021-06-22T04:14:56,22.6,15.3,55,71,600,5,0.5,280
2021-06-22T04:30:38,22.7,15.2,56,72,700,5,0.3,338
2021-06-22T04:46:19,22.7,14.6,55,74,700,5,0.5,311
2021-06-22T05:02:10,22.7,14.6,56,74,700,5,0.7,71
2021-06-22T05:17:52,22.7,14.1,56,75,700,6,1.4,110
2021-06-22T05:33:32,22.8,14.1,55,75,600,5,0.9,66
2021-06-22T05:49:14,22.8,14.1,56,75,700,5,0.1,230
2021-06-22T06:05:03,22.8,13.8,57,76,700,5,0.1,0
2021-06-22T06:20:45,22.8,13.7,58,76,700,6,0.5,202
2021-06-22T06:36:26,22.8,13.8,58,77,800,6,0.4,153
2021-06-22T06:52:08,22.8,13.1,59,79,800,6,0.2,151
2021-06-22T07:07:57,22.8,13.6,59,77,800,6,0.3,163
2021-06-22T07:23:38,22.8,14.0,60,77,800,6,0.2,310
2021-06-22T07:39:19,22.8,14.4,60,76,800,6,0.7,152
2021-06-22T07:55:01,22.8,14.6,60,78,700,6,0.6,245
2021-06-22T08:10:56,22.8,16.0,59,74,700,6,0.7,250
2021-06-22T08:26:39,22.9,16.6,60,71,800,6,0.2,156
2021-06-22T08:42:28,22.9,17.2,57,69,600,4,0.3,211
2021-06-22T08:58:11,22.6,18.1,59,65,600,4,1.3,229
2021-06-22T09:06:11,22.6,18.3,60,66,600,3,1.3,303
2021-06-22T09:21:54,22.7,18.8,58,66,600,3,0.6,225
2021-06-22T09:37:36,22.9,19.8,57,62,600,4,1.6,290
2021-06-22T09:53:18,22.9,20.2,56,60,600,3,0.4,252
2021-06-22T10:09:08,23.1,20.8,57,57,600,3,1.2,233
2021-06-22T10:24:50,23.6,21.3,61,57,800,4,0.9,274
2021-06-22T10:40:35,24.1,22.1,62,52,900,5,0.4,281
2021-06-22T10:56:16,23.9,22.7,62,49,900,7,0.7,22
2021-06-22T11:12:06,23.9,23.1,65,50,800,7,0.9,247
2021-06-22T11:27:48,23.8,23.6,64,48,800,7,1.1,277
2021-06-22T11:43:29,23.9,24.3,61,47,800,7,0.8,264
2021-06-22T11:59:16,23.9,24.7,61,45,800,7,2.1,251
2021-06-22T12:15:05,23.8,24.7,61,43,700,7,1.6,284
2021-06-22T12:30:48,23.9,25.3,58,42,600,6,1.5,71
2021-06-22T12:46:28,23.9,25.1,57,41,600,6,2.9,305
2021-06-22T13:02:19,24.0,25.8,58,39,600,6,3.1,287
2021-06-22T13:18:01,24.1,25.9,58,39,700,6,1.4,257
2021-06-22T13:31:56,24.0,26.3,57,37,600,6,0.6,273
2021-06-22T13:47:40,24.0,26.9,56,36,700,6,0.8,173
2021-06-22T14:03:30,24.1,27.1,56,37,700,6,1.2,271
2021-06-22T14:19:11,24.2,26.9,56,35,700,6,1.1,273
2021-06-22T14:34:53,24.2,27.5,55,34,600,6,0.8,278
2021-06-22T14:50:35,24.3,27.6,54,33,600,6,0.6,169
2021-06-22T15:06:25,24.8,28.5,53,32,600,5,0.2,277
2021-06-22T15:22:07,24.8,28.1,51,32,600,5,0.2,260
2021-06-22T15:37:49,25.1,28.2,51,32,600,5,1.5,271
2021-06-22T15:53:31,25.1,28.9,51,32,600,5,1.0,246
2021-06-22T16:09:21,25.1,28.4,50,28,600,5,0.4,310
2021-06-22T16:25:03,25.3,28.6,51,32,600,5,0.4,250
2021-06-22T16:40:45,25.3,27.1,50,33,600,5,0.7,219
2021-06-22T16:56:27,25.4,28.4,52,34,600,5,2.1,248
2021-06-22T17:12:18,25.4,28.2,50,34,600,5,1.1,268
2021-06-22T17:28:00,25.5,26.6,51,34,600,6,1.2,135
2021-06-22T17:43:43,25.7,28.6,50,30,700,6,0.2,126
2021-06-22T17:59:25,25.8,28.0,52,34,600,6,0.0,77
2021-06-22T18:15:16,25.8,27.8,50,33,600,6,1.3,229
2021-06-22T18:30:58,25.8,27.7,51,33,600,6,2.2,242
2021-06-22T18:46:42,25.8,27.5,53,34,700,7,1.6,278
2021-06-22T19:02:34,25.8,28.2,50,33,600,7,1.3,238
2021-06-22T19:18:16,25.8,27.2,51,33,700,6,0.7,185
2021-06-22T19:33:58,25.8,27.2,51,34,700,6,2.1,265
2021-06-22T19:49:40,25.8,26.8,51,34,700,6,0.4,191
2021-06-22T20:05:36,25.8,26.6,53,35,700,7,0.3,282
2021-06-22T20:21:19,26.0,26.1,52,36,700,7,0.9,130
2021-06-22T20:37:07,25.8,25.4,55,39,700,7,0.8,226
2021-06-22T20:52:49,25.6,24.5,54,43,700,7,1.6,10
2021-06-22T21:08:41,25.3,24.0,55,46,700,7,0.8,298
2021-06-22T21:24:23,25.3,23.0,55,49,700,7,0.9,113
2021-06-22T21:40:05,25.0,22.2,55,52,700,7,0.4,298
2021-06-22T21:55:47,24.5,21.6,57,54,700,7,0.3,196
2021-06-22T22:11:38,24.4,20.8,58,56,700,7,0.3,195
2021-06-22T22:27:20,24.1,20.8,58,57,700,7,0.2,149
2021-06-22T22:43:02,24.0,20.2,59,58,700,7,0.5,96
2021-06-22T22:58:44,23.9,20.4,58,58,700,7,0.4,317
2021-06-22T23:14:35,23.9,20.2,58,58,700,7,0.5,73
2021-06-22T23:30:17,24.1,20.1,59,60,800,8,0.3,317
2021-06-22T23:46:00,23.8,19.6,59,62,700,8,0.6,227
2021-06-23T00:01:51,23.9,19.9,60,61,700,8,0.6,259
2021-06-23T00:17:33,23.9,19.4,59,61,700,7,0.7,216
2021-06-23T00:33:15,23.8,19.4,59,62,700,7,0.6,268
2021-06-23T00:48:58,24.0,19.4,58,61,800,7,0.7,247
2021-06-23T01:04:57,23.8,19.2,58,64,700,7,0.3,267
2021-06-23T01:20:42,23.7,19.1,61,63,700,7,1.1,279
2021-06-23T01:36:24,23.8,18.7,60,64,800,7,1.8,199
2021-06-23T01:52:07,23.9,18.6,58,64,800,8,0.5,258
2021-06-23T02:07:57,23.7,18.5,59,64,700,7,0.8,242
2021-06-23T02:23:40,23.6,18.4,59,63,700,7,2.1,297
2021-06-23T02:39:27,23.6,18.4,58,64,700,7,1.0,229
2021-06-23T02:55:09,23.8,18.2,59,65,700,6,1.6,286
2021-06-23T03:11:07,23.8,17.7,60,69,700,6,1.5,278
2021-06-23T03:26:49,23.7,16.7,61,74,700,7,1.6,288
2021-06-23T03:42:30,23.4,16.5,62,75,700,6,1.1,260
2021-06-23T03:58:12,23.2,16.1,63,79,600,6,0.9,203
2021-06-23T04:14:02,23.2,15.9,63,82,700,6,0.3,77
2021-06-23T04:29:44,23.1,15.7,64,83,700,6,0.2,60
2021-06-23T04:45:25,23.1,15.7,64,82,600,5,0.3,98
2021-06-23T05:01:15,23.1,15.8,64,83,700,6,0.5,301
2021-06-23T05:16:57,23.0,15.6,65,84,600,6,1.4,278
2021-06-23T05:32:40,22.9,15.4,64,85,600,5,0.6,151
2021-06-23T05:48:21,22.8,15.2,64,86,600,5,1.1,219
2021-06-23T06:04:11,22.8,15.1,65,87,600,5,0.8,252
2021-06-23T06:19:53,22.7,14.8,66,89,700,5,0.3,202
2021-06-23T06:35:35,22.7,14.8,66,88,700,5,0.2,180
2021-06-23T06:51:17,22.9,15.1,65,88,700,6,0.3,199
2021-06-23T07:07:07,22.8,15.1,66,87,700,6,0.2,230
2021-06-23T07:22:55,22.8,15.4,66,87,700,6,0.3,291
2021-06-23T07:38:43,22.8,15.5,66,86,700,7,0.0,5
2021-06-23T07:54:25,22.8,15.4,66,86,700,6,0.5,237
2021-06-23T08:10:15,22.7,15.2,66,85,700,7,0.4,267
2021-06-23T08:16:09,22.7,15.2,66,86,700,6,0.4,67
2021-06-23T08:31:50,22.9,15.3,66,86,700,7,0.2,271
2021-06-23T08:47:31,22.9,15.5,67,87,800,6,0.3,290
2021-06-23T09:03:23,22.8,15.6,68,86,700,6,0.8,243
2021-06-23T09:19:05,22.8,15.2,68,87,700,6,0.3,228
2021-06-23T09:35:30,22.9,15.3,68,88,700,6,0.2,243
2021-06-23T09:51:05,22.9,15.1,69,88,800,6,1.6,237
2021-06-23T10:06:57,22.9,15.3,69,88,700,7,0.2,230
2021-06-23T10:22:41,23.1,15.7,69,88,900,7,1.8,223
2021-06-23T10:38:20,23.1,16.3,71,86,800,7,1.1,251
2021-06-23T10:54:00,23.1,16.8,69,82,800,8,1.6,241
2021-06-23T11:09:48,23.1,17.5,67,78,700,7,0.7,315
2021-06-23T11:25:28,23.0,17.3,64,78,700,5,1.2,312
2021-06-23T11:41:10,22.8,19.3,64,70,600,3,0.2,246
2021-06-23T11:56:52,22.9,19.1,64,69,700,4,0.5,285
2021-06-23T12:12:45,23.2,18.9,63,70,800,6,0.2,307
2021-06-23T12:28:27,23.2,18.4,63,72,700,7,1.6,221
2021-06-23T12:44:11,23.3,18.1,62,73,700,7,0.8,229
2021-06-23T12:59:52,23.4,19.0,61,71,700,7,0.1,268
2021-06-23T13:15:39,23.5,18.9,62,71,700,7,1.2,204
2021-06-23T13:31:18,23.8,19.6,61,69,700,7,1.7,238
2021-06-23T13:47:01,23.9,20.2,60,68,700,6,1.3,293
2021-06-23T14:02:51,24.0,21.4,62,63,700,6,1.3,255
2021-06-23T14:18:32,23.8,21.2,62,62,700,7,0.2,32
2021-06-23T14:34:14,23.8,21.7,62,59,700,6,0.8,244
2021-06-23T14:49:55,23.9,21.8,61,60,700,7,1.5,132
2021-06-23T15:05:45,23.9,21.2,61,59,700,7,1.1,280
2021-06-23T15:21:26,23.9,21.5,62,60,700,7,1.1,288
2021-06-23T15:37:07,24.0,22.0,63,60,700,7,0.8,267
2021-06-23T15:52:48,23.8,23.8,64,54,700,7,0.8,231
2021-06-23T16:08:37,24.0,24.9,63,51,700,6,1.8,185
2021-06-23T16:24:18,24.1,23.3,62,56,700,6,0.2,224
2021-06-23T16:39:59,24.1,23.5,62,56,700,6,0.6,228
2021-06-23T16:55:40,24.1,22.0,63,60,700,7,1.1,292
2021-06-23T17:11:29,24.0,22.2,63,59,700,6,0.2,303
2021-06-23T17:27:11,24.1,22.8,62,57,700,7,0.4,256
2021-06-23T17:42:52,24.0,23.0,62,55,700,6,1.7,91
2021-06-23T17:58:40,24.0,23.7,60,49,700,6,0.9,281
2021-06-23T18:14:29,24.0,22.6,62,56,700,6,1.6,81
2021-06-23T18:30:11,24.0,23.3,62,56,700,7,0.6,266
2021-06-23T18:45:52,24.1,24.5,61,48,700,8,0.6,247
2021-06-23T19:01:41,24.2,25.0,61,46,700,7,0.0,24
2021-06-23T19:17:23,24.2,24.0,60,49,700,7,0.5,295
2021-06-23T19:33:04,24.1,22.7,62,55,700,7,1.4,111
2021-06-23T19:48:45,24.0,22.3,61,55,700,8,0.3,65
2021-06-23T20:04:34,24.0,22.5,62,57,700,7,0.2,309
2021-06-23T20:20:21,24.0,22.4,62,54,700,7,0.5,105
2021-06-23T20:36:09,24.1,22.5,63,56,800,8,0.8,337
2021-06-23T20:51:50,24.2,22.3,63,56,800,8,1.2,344
2021-06-23T21:07:41,24.2,20.8,63,61,800,8,0.6,76
2021-06-23T21:23:22,23.8,20.2,63,63,800,8,0.4,312
2021-06-23T21:39:03,23.8,18.6,65,68,900,9,0.2,317
2021-06-23T21:54:44,23.9,18.4,64,69,900,9,0.2,305
2021-06-23T22:10:35,23.6,17.8,65,70,900,8,0.2,50
2021-06-23T22:26:15,23.6,17.4,64,71,900,8,0.0,0
2021-06-23T22:41:57,23.6,16.9,64,74,900,8,0.3,301
2021-06-23T22:57:45,23.4,16.7,64,75,800,8,0.2,44
2021-06-23T23:13:34,23.2,16.1,63,78,800,8,0.1,267
2021-06-23T23:29:15,23.2,16.3,64,77,800,8,0.2,113
2021-06-23T23:44:56,23.2,16.4,63,77,800,8,0.5,167
2021-06-24T00:00:46,23.2,15.8,63,79,800,7,0.2,236
2021-06-24T00:16:33,23.2,16.1,64,79,800,8,0.3,104
2021-06-24T00:32:14,23.2,16.3,64,79,900,9,0.2,213
2021-06-24T00:47:56,23.1,16.1,64,80,800,7,0.3,333
2021-06-24T01:03:46,22.6,15.4,64,82,700,5,0.2,90
2021-06-24T01:19:27,22.7,15.2,62,81,700,6,0.4,57
2021-06-24T01:35:07,22.7,15.0,62,80,800,6,0.7,77
2021-06-24T01:50:47,22.7,14.4,61,82,800,6,0.7,314
2021-06-24T02:06:38,22.6,14.9,59,76,700,6,1.4,302
2021-06-24T02:22:19,22.6,15.1,58,73,700,6,1.2,304
2021-06-24T02:38:01,22.6,14.6,57,74,700,6,2.3,312
2021-06-24T02:53:43,22.7,14.3,56,74,700,6,0.5,282
2021-06-24T03:09:33,22.6,14.2,56,74,700,6,0.2,216
2021-06-24T03:25:14,22.7,13.9,55,74,700,6,0.3,306
2021-06-24T03:40:56,22.7,13.8,55,75,800,7,0.3,288
2021-06-24T03:56:38,22.6,13.7,55,76,800,7,0.8,261
2021-06-24T04:12:28,22.7,13.7,55,75,800,7,0.8,288
2021-06-24T04:28:10,22.5,13.3,55,75,700,6,0.8,74
2021-06-24T04:43:52,22.6,13.4,53,74,700,6,0.8,339
2021-06-24T04:59:40,22.6,13.5,54,76,700,6,0.6,298
2021-06-24T05:15:31,22.6,12.6,55,76,800,6,0.4,133
2021-06-24T05:31:13,22.6,12.5,55,78,800,7,0.7,297
2021-06-24T05:46:55,22.6,12.4,54,79,800,7,0.6,268
2021-06-24T06:02:45,22.6,12.5,54,78,800,7,0.3,247
2021-06-24T06:18:26,22.6,12.4,55,79,800,8,0.6,339
2021-06-24T06:34:05,22.6,12.2,56,80,800,8,0.2,236
2021-06-24T06:49:44,22.6,12.2,57,81,900,7,0.7,307
2021-06-24T07:05:31,22.6,12.1,58,82,900,8,1.2,285
2021-06-24T07:21:11,22.7,12.1,58,82,900,8,0.8,331
2021-06-24T07:36:51,22.6,12.4,60,82,1000,8,0.8,95
2021-06-24T07:52:30,22.6,12.5,60,82,900,8,0.7,318
2021-06-24T08:08:18,22.7,13.3,61,81,1000,8,0.3,160
2021-06-24T08:23:58,22.6,14.5,61,77,800,8,1.2,304
2021-06-24T08:39:40,22.7,15.5,60,73,800,8,0.6,285
2021-06-24T08:55:19,22.7,15.5,60,72,900,8,0.5,82
2021-06-24T09:11:07,22.8,16.4,61,70,900,8,0.4,292
2021-06-24T09:26:47,22.5,17.0,61,68,900,7,1.1,125
2021-06-24T09:42:27,22.7,17.4,60,68,900,7,0.6,237
2021-06-24T09:58:12,22.7,18.4,60,67,800,7,0.2,25
2021-06-24T10:14:00,22.7,19.1,59,64,800,7,0.0,1
2021-06-24T10:29:40,22.9,19.3,58,63,700,8,0.4,267
2021-06-24T10:45:19,23.1,20.1,58,61,700,7,0.9,209
2021-06-24T11:01:07,23.2,20.4,58,60,800,8,1.4,243
2021-06-24T11:16:46,23.6,20.4,58,60,800,7,0.2,321
2021-06-24T11:32:25,23.8,21.2,58,57,800,7,0.2,1
2021-06-24T11:48:05,23.8,21.9,59,56,800,8,0.7,210
2021-06-24T12:03:53,24.1,22.8,61,54,800,8,0.6,288
2021-06-24T12:19:33,23.9,23.9,64,50,900,9,0.9,295
2021-06-24T12:35:13,23.8,23.5,64,49,900,10,0.7,233
2021-06-24T12:50:52,23.8,24.0,62,47,900,9,0.4,238
2021-06-24T13:06:39,23.9,24.3,60,46,800,8,0.5,340
2021-06-24T13:22:18,23.8,25.1,59,45,700,8,1.2,195
2021-06-24T13:38:07,23.8,25.7,59,42,800,8,0.2,104
2021-06-24T13:53:46,23.9,25.4,57,41,700,7,1.1,228
2021-06-24T14:09:33,24.0,26.3,59,40,800,8,0.9,348
2021-06-24T14:25:11,23.8,25.4,58,42,700,7,0.4,255
2021-06-24T14:40:49,23.8,26.3,57,40,700,7,0.7,271
2021-06-24T14:56:28,23.9,26.6,58,39,700,7,0.9,247
2021-06-24T15:12:13,24.1,26.5,57,37,700,6,0.3,159
2021-06-24T15:27:51,24.1,27.0,57,36,700,6,0.7,221
2021-06-24T15:43:29,24.1,28.6,57,34,700,6,0.2,212
2021-06-24T15:59:07,24.2,28.1,58,35,700,6,0.4,251
2021-06-24T16:14:53,24.4,27.9,59,36,700,6,0.8,252
2021-06-24T16:30:31,24.8,28.7,56,36,700,6,0.5,246
2021-06-24T16:46:10,25.1,27.5,55,37,700,6,1.6,290
2021-06-24T17:01:56,25.3,27.7,56,37,700,6,0.7,255
2021-06-24T17:17:34,25.3,28.4,54,36,700,6,1.0,281
2021-06-24T17:33:12,25.4,28.4,54,36,700,6,0.4,286
2021-06-24T17:48:50,25.5,28.5,55,34,700,6,1.8,233
2021-06-24T18:04:36,25.5,29.0,55,35,700,6,0.9,272
2021-06-24T18:20:21,25.8,28.1,54,37,700,6,1.0,236
2021-06-24T18:36:05,26.0,28.4,55,37,700,6,0.5,292
2021-06-24T18:51:44,26.1,29.0,54,35,700,7,0.7,267
2021-06-24T19:07:30,26.1,27.8,55,35,700,7,0.9,196
2021-06-24T19:23:07,26.1,28.6,55,35,700,8,0.6,212
2021-06-24T19:38:52,26.2,28.8,55,35,800,8,0.2,312
2021-06-24T19:54:30,26.2,28.1,55,35,800,8,0.4,207
2021-06-24T20:10:16,26.2,27.2,57,37,800,8,1.9,233
2021-06-24T20:25:54,26.2,26.8,55,38,800,8,0.8,240
2021-06-24T20:41:32,26.2,26.7,57,41,800,8,1.0,171
2021-06-24T20:57:10,26.2,25.8,58,44,800,8,0.5,256
2021-06-24T21:12:56,26.0,25.0,58,47,800,8,0.3,199
2021-06-24T21:28:34,25.9,24.5,57,48,800,8,0.5,202
2021-06-24T21:44:18,25.5,24.0,58,50,700,8,0.3,154
2021-06-24T21:59:56,25.3,22.6,59,53,800,8,0.2,54
2021-06-24T22:15:43,25.3,22.3,59,53,800,8,0.2,134
2021-06-24T22:31:21,25.0,22.3,60,56,800,8,0.2,225
2021-06-24T22:47:00,25.0,22.2,60,54,800,8,0.7,296
2021-06-24T23:02:46,24.6,20.6,63,65,800,7,1.2,194
2021-06-24T23:18:24,24.5,19.8,63,69,700,7,0.7,216
2021-06-24T23:34:02,24.2,19.6,64,70,700,7,0.5,202
2021-06-24T23:49:40,24.1,19.6,64,70,700,7,0.2,132
2021-06-25T00:05:32,23.9,19.4,65,71,800,7,0.3,136
2021-06-25T00:21:10,23.9,18.5,65,73,800,7,0.7,98
2021-06-25T00:36:49,23.9,18.4,65,73,800,8,0.9,285
2021-06-25T00:52:27,23.8,18.2,64,72,700,7,0.3,125
2021-06-25T01:08:15,23.7,17.9,65,73,800,8,0.1,90
2021-06-25T01:23:54,23.9,17.3,63,73,800,8,1.8,139
2021-06-25T01:39:33,23.9,17.3,63,72,800,8,1.9,117
2021-06-25T01:55:13,23.8,17.2,62,72,800,8,0.8,129
2021-06-25T02:11:02,23.8,17.1,61,71,800,7,0.8,82
2021-06-25T02:26:42,23.8,17.0,60,70,800,7,0.2,138
2021-06-25T02:42:27,23.7,16.9,60,70,800,7,1.4,96
2021-06-25T02:58:06,23.7,16.8,60,70,800,7,0.3,65
2021-06-25T03:14:00,23.7,16.8,60,69,700,7,1.0,113
2021-06-25T03:29:39,23.5,16.8,60,70,800,7,1.5,103
2021-06-25T03:45:18,23.4,16.5,60,71,800,7,1.5,110
2021-06-25T04:01:05,23.4,16.4,61,71,800,7,1.1,111
2021-06-25T04:16:44,23.2,16.2,61,72,800,7,1.1,102
2021-06-25T04:32:24,23.0,15.8,60,74,700,6,0.5,110
2021-06-25T04:48:02,22.8,15.7,60,74,600,5,0.0,0
2021-06-25T05:03:55,22.7,15.4,60,76,700,6,0.6,35
2021-06-25T05:19:34,22.6,15.3,60,76,700,6,0.2,1
2021-06-25T05:35:12,22.7,14.9,60,78,700,6,0.0,17
2021-06-25T05:50:57,22.7,14.8,60,78,700,5,0.2,217
2021-06-25T06:06:43,22.7,14.5,61,80,800,5,0.2,26
2021-06-25T06:22:22,22.7,14.5,60,81,700,6,0.2,324
2021-06-25T06:38:07,22.7,13.9,61,83,800,6,0.3,282
2021-06-25T06:53:45,22.8,14.0,62,83,800,6,0.2,38
2021-06-25T07:09:33,22.8,14.1,62,82,800,6,0.1,90
2021-06-25T07:25:11,22.7,14.1,64,83,800,6,0.4,341
2021-06-25T07:40:49,22.7,14.3,64,84,800,6,0.4,284
2021-06-25T07:56:28,22.7,15.4,64,81,700,6,0.4,66
2021-06-25T08:12:16,23.0,15.8,66,81,700,7,0.6,60
2021-06-25T08:18:23,23.1,17.4,66,76,800,8,1.3,144
2021-06-25T08:20:00,23.1,17.4,66,75,800,8,1.3,95
2021-06-25T08:35:40,23.6,18.1,67,73,1000,8,1.8,129
2021-06-25T08:51:19,23.6,19.7,64,68,800,9,0.2,124
2021-06-25T09:07:07,23.8,20.0,67,69,900,9,1.6,270
2021-06-25T09:22:53,23.9,20.4,65,69,800,8,0.9,249
2021-06-25T09:38:33,24.0,20.6,68,68,800,8,0.9,183
2021-06-25T09:54:12,23.8,21.3,67,64,800,8,0.8,189
2021-06-25T10:09:59,23.9,21.5,69,65,800,9,0.7,233
2021-06-25T10:25:36,23.9,22.2,70,64,800,8,0.7,219
2021-06-25T10:41:16,24.0,22.6,62,63,800,8,0.7,288
2021-06-25T10:56:57,23.3,23.6,62,59,700,4,2.1,304
2021-06-25T11:12:45,23.2,24.0,63,58,600,4,0.2,259
2021-06-25T11:28:32,23.2,24.8,63,57,700,4,0.4,239
2021-06-25T11:44:12,23.9,24.9,68,57,800,8,0.2,65
2021-06-25T11:59:53,24.1,25.1,68,57,700,7,1.2,239
2021-06-25T12:15:43,24.2,25.2,68,55,800,7,0.5,228
2021-06-25T12:31:28,24.2,25.6,67,54,800,7,0.9,210
2021-06-25T12:47:10,24.2,26.0,65,51,700,7,2.1,266
2021-06-25T13:02:58,24.4,25.8,64,49,700,8,0.5,277
2021-06-25T13:18:37,24.8,26.6,63,47,700,7,0.8,213
2021-06-25T13:34:16,24.8,27.1,62,45,700,6,1.3,244
2021-06-25T13:49:55,25.2,27.1,61,44,700,6,0.8,178
2021-06-25T14:05:49,25.3,27.6,59,42,700,7,1.5,221
2021-06-25T14:21:28,25.4,28.0,59,42,700,6,1.8,202
2021-06-25T14:37:06,25.4,28.4,59,41,700,6,1.0,219
2021-06-25T14:52:46,25.7,29.1,59,40,700,7,3.1,212
2021-06-25T15:08:33,26.1,28.8,60,39,800,7,1.6,249
2021-06-25T15:24:12,26.1,29.1,60,40,700,7,1.2,242
2021-06-25T15:39:52,26.2,29.2,58,40,700,7,3.0,244
2021-06-25T15:55:30,26.3,29.4,58,39,700,7,1.4,248
2021-06-25T16:11:18,26.4,30.1,57,38,600,7,0.8,296
2021-06-25T16:27:03,26.4,30.7,58,38,700,7,0.2,267
2021-06-25T16:42:42,26.7,31.1,59,38,700,7,1.4,252
2021-06-25T16:58:22,27.0,30.4,58,38,700,8,0.7,107
2021-06-25T17:14:10,27.1,30.6,58,38,700,7,1.8,243
2021-06-25T17:29:49,27.1,31.6,57,35,700,7,1.1,5
2021-06-25T17:45:35,27.1,31.6,56,35,700,7,0.7,186
2021-06-25T18:01:21,27.1,31.6,55,34,700,7,0.6,220
2021-06-25T18:17:01,27.1,31.8,56,34,700,8,0.6,25
2021-06-25T18:32:40,27.1,31.3,55,34,700,9,0.6,256
2021-06-25T18:48:19,27.3,31.0,54,34,700,7,1.5,238
2021-06-25T19:04:07,27.3,30.9,55,34,700,8,0.2,240
2021-06-25T19:19:47,27.3,30.6,54,32,700,8,0.7,239
2021-06-25T19:35:27,27.3,30.5,56,36,700,8,0.2,217
2021-06-25T19:51:07,27.4,30.0,57,37,700,7,1.4,267
2021-06-25T20:06:55,27.3,29.6,56,38,700,8,0.7,311
2021-06-25T20:22:35,27.3,28.4,61,47,700,8,1.9,225
2021-06-25T20:38:14,27.3,27.5,62,52,800,9,1.3,209
2021-06-25T20:53:54,27.3,26.7,62,56,800,8,1.1,205
2021-06-25T21:09:43,27.2,26.0,64,57,800,8,2.8,215
2021-06-25T21:25:22,26.8,25.2,64,60,700,8,1.2,90
2021-06-25T21:41:01,26.5,24.5,64,63,700,9,0.4,163
2021-06-25T21:56:41,26.3,24.1,64,63,700,8,1.2,223
2021-06-25T22:12:29,26.2,23.7,65,65,700,8,1.3,215
2021-06-25T22:28:08,26.2,23.3,66,67,800,9,0.2,253
2021-06-25T22:43:48,26.0,23.0,66,67,800,9,0.2,153
2021-06-25T22:59:28,25.7,22.6,66,68,700,9,0.7,189
2021-06-25T23:15:16,25.7,21.9,67,70,700,8,0.4,127
2021-06-25T23:30:55,25.6,21.9,67,70,700,8,0.4,206
2021-06-25T23:46:34,25.5,21.5,66,71,700,8,0.8,159
2021-06-26T00:02:22,25.4,21.4,66,71,700,7,1.1,127
2021-06-26T00:18:02,25.4,21.0,66,72,700,7,0.9,102
2021-06-26T00:33:41,25.3,20.6,66,73,700,7,0.5,110
2021-06-26T00:49:20,25.3,20.3,66,74,700,7,0.6,225
2021-06-26T01:05:08,25.2,20.1,66,74,700,7,1.5,116
2021-06-26T01:20:47,25.1,19.9,65,74,700,8,0.3,89
2021-06-26T01:36:33,25.0,19.7,65,74,700,7,0.7,104
2021-06-26T01:52:17,25.0,19.8,65,74,700,7,0.8,280
2021-06-26T02:08:01,25.0,19.6,66,75,700,7,1.8,128
2021-06-26T02:23:37,24.9,19.5,65,75,700,7,1.2,137
2021-06-26T02:39:13,24.5,19.3,67,75,700,7,0.4,131
2021-06-26T02:54:49,24.3,19.2,67,75,700,6,1.8,129
2021-06-26T03:10:34,24.3,19.1,67,74,700,6,1.8,84
2021-06-26T03:26:10,24.2,18.9,66,74,700,7,2.2,127
2021-06-26T03:41:46,24.0,18.8,65,74,700,7,1.9,130
2021-06-26T03:57:28,24.0,18.7,66,74,700,7,1.5,105
2021-06-26T04:13:12,24.1,18.5,65,74,700,7,0.2,210
2021-06-26T04:28:54,24.0,18.6,65,74,700,7,1.0,90
2021-06-26T04:44:29,23.8,18.5,65,74,700,7,2.8,131
2021-06-26T05:00:05,24.1,18.2,65,75,700,7,2.1,112
2021-06-26T05:15:50,23.8,18.1,65,75,700,6,0.7,139
2021-06-26T05:31:26,23.8,17.9,65,76,700,6,1.6,113
2021-06-26T05:47:02,23.7,17.7,66,77,700,7,0.7,110
2021-06-26T06:02:52,24.0,17.5,66,77,700,8,1.2,59
2021-06-26T06:18:27,23.8,17.5,66,77,700,7,0.2,308
2021-06-26T06:34:03,23.9,17.4,67,78,700,8,1.5,136
2021-06-26T06:49:39,23.8,17.4,68,78,700,8,1.0,70
2021-06-26T07:05:23,23.6,17.4,68,78,700,8,1.6,94
2021-06-26T07:21:04,23.8,17.5,69,78,800,9,2.4,111
2021-06-26T07:36:40,23.9,17.8,70,78,900,8,1.6,117
2021-06-26T07:52:22,24.1,18.8,69,76,800,8,1.3,106
2021-06-26T08:08:06,24.0,19.5,70,73,800,8,1.2,95
2021-06-26T08:23:42,24.0,20.3,71,71,800,8,1.3,115
2021-06-26T08:39:18,24.0,21.2,70,68,800,8,2.2,107
2021-06-26T08:54:59,24.1,21.3,70,68,800,8,2.0,124
2021-06-26T09:10:43,24.3,22.6,70,64,800,8,1.4,70
2021-06-26T09:26:18,24.3,22.2,69,65,700,8,1.6,111
2021-06-26T09:41:55,24.5,23.8,69,61,800,8,0.4,287
2021-06-26T09:57:30,25.1,24.2,67,59,800,8,0.4,216
2021-06-26T10:13:14,25.2,25.1,68,56,800,8,0.5,86
2021-06-26T10:28:56,25.3,24.6,66,57,800,9,0.7,153
2021-06-26T10:44:31,25.4,25.8,65,53,800,9,0.2,206
2021-06-26T11:00:07,25.5,27.3,65,47,800,8,1.0,136
2021-06-26T11:15:52,25.5,27.1,61,45,700,8,1.0,209
2021-06-26T11:31:27,25.7,27.7,61,43,700,8,0.7,97
2021-06-26T11:47:03,25.8,28.5,61,42,800,8,0.9,240
2021-06-26T12:02:47,26.1,29.4,60,40,700,8,0.8,219
2021-06-26T12:18:22,26.2,29.4,59,40,700,8,0.6,210
2021-06-26T12:34:04,26.3,29.5,60,41,700,8,0.8,133
2021-06-26T12:49:40,26.6,29.8,63,40,700,8,0.2,227
2021-06-26T13:05:25,26.7,30.5,60,40,700,8,1.1,238
2021-06-26T13:21:01,26.7,30.0,60,42,700,8,1.2,117
2021-06-26T13:36:37,26.8,29.6,59,43,600,8,0.4,182
2021-06-26T13:52:13,26.9,29.8,59,43,700,8,0.2,126
2021-06-26T14:07:57,27.1,29.8,59,43,700,8,0.2,318
2021-06-26T14:23:33,27.1,30.0,60,43,700,8,0.7,240
2021-06-26T14:39:09,27.1,31.2,60,40,700,7,0.4,280
2021-06-26T14:54:46,27.2,31.8,60,40,700,7,0.7,162
2021-06-26T15:10:30,27.4,32.7,60,38,600,7,1.6,137
2021-06-26T15:26:06,27.9,32.4,60,39,700,8,0.2,141
2021-06-26T15:41:43,27.9,32.8,60,39,700,8,0.7,199
2021-06-26T15:57:19,28.0,32.0,60,42,700,7,0.6,259
2021-06-26T16:13:05,28.0,31.2,61,45,700,8,2.1,250
2021-06-26T16:28:47,28.0,30.4,63,48,700,8,1.3,236
2021-06-26T16:44:24,28.0,28.7,63,52,700,8,1.9,258
2021-06-26T17:00:00,27.9,28.8,64,52,700,7,2.0,230
2021-06-26T17:15:51,27.9,29.1,64,53,700,8,2.8,256
2021-06-26T17:31:27,27.9,28.5,63,54,700,8,2.3,212
2021-06-26T17:47:02,27.8,27.1,65,59,700,10,1.3,267
2021-06-26T18:02:47,27.5,26.6,64,58,700,10,2.4,240
2021-06-26T18:18:24,27.3,26.0,63,59,600,9,3.4,195
2021-06-26T18:34:00,27.2,25.6,63,58,700,8,1.9,226
2021-06-26T18:49:35,27.1,26.4,62,57,700,8,0.9,199
2021-06-26T19:05:20,27.1,26.6,64,55,700,7,1.7,212
2021-06-26T19:20:56,27.1,26.8,63,56,700,7,0.8,282
2021-06-26T19:36:32,27.1,26.3,63,58,700,8,0.4,206
2021-06-26T19:52:09,26.9,25.9,65,59,700,8,0.2,235
2021-06-26T20:07:53,26.9,25.0,65,62,700,8,1.6,229
2021-06-26T20:23:35,26.8,24.8,64,61,700,10,2.3,301
2021-06-26T20:39:11,26.4,24.0,62,59,700,8,1.6,221
2021-06-26T20:54:53,26.4,24.2,63,60,800,9,0.9,289
2021-06-26T21:10:37,26.4,24.3,65,59,700,8,0.1,1
2021-06-26T21:26:13,26.3,23.4,64,63,800,8,0.2,179
2021-06-26T21:41:49,26.2,23.4,64,65,700,8,0.4,266
2021-06-26T21:57:25,25.9,22.9,61,59,700,8,0.5,255
2021-06-26T22:13:15,25.8,22.8,62,61,700,9,0.3,319
2021-06-26T22:28:51,25.7,22.3,61,62,700,9,0.2,230
2021-06-26T22:44:27,25.6,21.9,62,64,700,8,0.3,316
2021-06-26T23:00:02,25.5,21.2,63,68,700,8,0.4,159
2021-06-26T23:15:47,25.5,21.0,64,70,700,8,0.4,156
2021-06-26T23:31:23,25.4,20.8,64,71,700,7,0.2,315
2021-06-26T23:46:59,25.3,20.6,63,69,700,7,0.5,48
2021-06-27T00:02:42,25.2,20.7,62,67,700,7,0.3,204
2021-06-27T00:18:19,25.0,19.8,62,69,700,7,0.2,84
2021-06-27T00:33:54,25.0,20.0,62,69,700,7,0.2,300
2021-06-27T00:49:30,25.0,19.4,63,73,700,7,0.3,329
2021-06-27T01:05:14,24.9,19.1,64,74,700,8,0.2,240
2021-06-27T01:20:55,24.9,19.2,62,69,700,7,0.4,125
2021-06-27T01:36:32,24.7,19.6,61,68,700,8,1.7,110
2021-06-27T01:52:07,24.4,19.4,60,65,700,7,0.9,109
2021-06-27T02:07:50,24.3,19.4,60,64,700,7,1.3,123
2021-06-27T02:23:33,24.3,19.7,60,63,700,7,1.0,136
2021-06-27T02:39:09,24.3,18.9,60,65,700,7,0.4,110
2021-06-27T02:54:50,24.1,18.7,60,66,700,7,0.7,130
2021-06-27T03:10:34,24.0,18.3,61,67,700,7,1.0,111
2021-06-27T03:26:10,24.0,18.5,60,67,700,7,0.3,75
2021-06-27T03:41:46,23.9,18.6,60,67,700,7,0.6,104
2021-06-27T03:57:22,24.0,18.6,59,68,700,8,1.4,133
2021-06-27T04:13:06,23.8,18.4,61,68,700,6,0.8,104
2021-06-27T04:28:47,23.8,18.7,61,68,700,7,0.6,93
2021-06-27T04:44:29,23.8,18.5,61,67,700,6,0.4,124
2021-06-27T05:00:05,23.8,18.7,61,67,700,7,0.5,82
2021-06-27T05:15:49,23.9,18.7,60,67,700,8,1.6,101
2021-06-27T05:31:25,23.9,18.7,61,66,700,7,0.3,219
2021-06-27T05:47:01,23.8,18.5,61,67,700,7,0.3,107
2021-06-27T06:02:46,23.8,18.6,61,67,700,7,1.1,106
2021-06-27T06:18:28,23.8,18.6,61,67,700,7,0.8,132
2021-06-27T06:34:03,23.9,18.6,61,67,700,8,0.5,103
2021-06-27T06:49:38,23.8,18.6,63,68,700,8,0.8,98
2021-06-27T07:05:23,23.9,18.8,62,66,700,8,1.0,224
2021-06-27T07:20:59,23.8,19.0,65,66,800,8,0.8,118
2021-06-27T07:36:34,23.9,19.7,63,64,800,8,0.2,50
2021-06-27T07:52:11,24.1,20.1,64,63,900,0,0.9,90
2021-06-27T08:07:57,24.0,20.4,65,62,800,8,1.3,129
2021-06-27T08:23:33,24.1,20.7,65,62,900,8,1.7,116
2021-06-27T08:39:15,24.1,20.7,64,62,800,8,0.4,111
2021-06-27T08:54:58,24.1,21.5,65,59,800,8,1.5,130
2021-06-27T09:10:42,24.1,22.5,64,56,800,8,0.7,97
2021-06-27T09:26:19,24.3,23.9,64,51,800,8,0.8,112
2021-06-27T09:42:01,24.5,23.9,64,52,900,8,0.4,77
2021-06-27T09:57:38,24.8,25.2,63,47,800,8,0.9,210
2021-06-27T10:13:23,25.1,25.4,60,46,700,9,0.4,47
2021-06-27T10:28:59,25.2,26.7,59,42,800,8,0.3,243
2021-06-27T10:44:36,25.3,28.1,59,39,700,8,0.5,179
2021-06-27T11:00:12,25.7,28.5,58,37,800,9,0.4,74
2021-06-27T11:15:58,25.8,28.9,56,34,800,9,0.6,230
2021-06-27T11:31:37,25.8,28.8,55,34,700,8,0.7,123
2021-06-27T11:47:14,25.8,29.6,57,34,700,9,0.5,110
2021-06-27T12:02:59,26.1,30.1,56,34,700,8,1.1,117
2021-06-27T12:18:35,26.1,30.3,57,34,700,8,0.3,164
2021-06-27T12:34:12,26.3,30.4,56,34,700,9,0.1,267
2021-06-27T12:49:49,26.6,31.3,57,35,700,8,0.5,254
2021-06-27T13:05:33,26.9,31.1,55,34,700,9,0.1,268
2021-06-27T13:21:10,27.0,32.4,55,32,700,8,0.6,114
2021-06-27T13:36:47,27.1,32.6,54,32,700,8,0.1,268
2021-06-27T13:52:24,27.2,32.6,55,32,700,8,0.8,267
2021-06-27T14:08:09,27.4,33.1,56,31,800,10,1.0,198
2021-06-27T14:23:46,27.4,33.0,54,30,700,9,0.0,0
2021-06-27T14:39:24,27.8,33.7,55,30,700,9,0.3,179
2021-06-27T14:55:01,27.9,34.6,56,30,700,9,0.2,227
2021-06-27T15:10:46,27.9,35.0,55,29,700,9,0.2,238
2021-06-27T15:26:23,28.1,36.0,54,27,700,9,0.4,198
2021-06-27T15:42:00,28.3,35.9,56,27,700,8,0.5,153
2021-06-27T15:57:37,28.5,34.9,56,28,700,8,0.3,180
2021-06-27T16:13:24,28.7,34.2,58,36,700,9,0.5,178
2021-06-27T16:29:01,29.0,33.4,59,39,700,12,0.3,128
2021-06-27T16:44:39,29.0,33.2,59,39,700,11,0.9,186
2021-06-27T17:00:16,29.0,32.3,60,41,700,10,1.0,100
2021-06-27T17:16:02,29.0,32.2,63,43,700,10,2.0,200
2021-06-27T17:31:39,29.0,31.6,59,42,700,10,1.8,203
2021-06-27T17:47:16,29.0,31.4,58,41,700,10,0.4,165
2021-06-27T18:03:02,29.0,31.6,57,39,700,10,0.2,158
2021-06-27T18:18:40,28.9,31.7,58,39,700,9,1.0,119
2021-06-27T18:34:18,28.9,30.4,57,38,800,11,2.9,160
2021-06-27T18:49:55,28.9,30.5,55,38,700,11,1.6,284
2021-06-27T19:05:41,28.7,29.7,53,36,700,9,2.5,114
2021-06-27T19:21:19,28.5,29.5,54,37,700,10,0.8,200
2021-06-27T19:36:56,28.7,29.5,54,39,700,10,0.0,179
2021-06-27T19:52:33,28.7,28.9,56,42,700,8,0.6,207
2021-06-27T20:08:19,28.5,28.4,58,45,700,10,0.3,28
2021-06-27T20:23:57,28.1,26.6,57,48,700,9,1.2,198
2021-06-27T20:39:33,27.6,26.0,56,48,700,9,0.6,29
2021-06-27T20:55:10,27.3,25.2,58,51,700,9,0.0,178
2021-06-27T21:10:56,27.3,25.0,58,52,700,10,1.4,121
2021-06-27T21:26:33,27.2,24.7,57,51,700,10,0.7,55
2021-06-27T21:42:10,26.9,24.5,57,51,700,10,0.7,54
2021-06-27T21:57:48,26.5,23.5,57,53,700,9,0.6,110
2021-06-27T22:13:33,26.5,23.5,56,51,700,10,1.5,107
2021-06-27T22:29:16,26.4,23.4,56,52,700,11,1.2,113
2021-06-27T22:44:53,26.4,22.8,57,54,700,9,1.1,134
2021-06-27T23:00:38,26.2,22.3,56,55,700,10,0.9,188
2021-06-27T23:16:23,25.9,22.1,55,53,700,8,0.2,67
2021-06-27T23:32:01,25.6,22.0,57,55,700,8,1.9,86
2021-06-27T23:47:38,25.6,21.8,57,57,700,8,1.5,88
2021-06-28T00:03:29,25.6,21.9,58,58,700,8,0.8,91
2021-06-28T00:19:05,25.6,21.4,58,61,700,8,0.6,106
2021-06-28T00:34:42,25.6,20.9,59,64,700,8,1.3,113
2021-06-28T00:50:19,25.5,20.9,62,66,700,9,2.4,118
2021-06-28T01:06:04,25.5,20.5,61,66,700,8,0.8,52
2021-06-28T01:21:41,25.5,20.6,61,68,700,8,2.1,134
2021-06-28T01:37:18,25.4,20.4,62,70,600,7,0.2,90
2021-06-28T01:53:00,25.3,20.3,63,71,700,8,0.2,114
2021-06-28T02:08:51,25.3,20.1,64,72,700,8,0.4,91
2021-06-28T02:24:28,25.4,20.1,64,73,700,8,0.3,137
2021-06-28T02:40:10,25.3,20.0,64,73,600,7,0.3,266
2021-06-28T02:55:47,25.3,19.9,64,73,600,8,0.2,49
2021-06-28T03:11:38,25.3,19.8,64,74,700,8,0.5,117
2021-06-28T03:27:15,25.3,19.7,65,75,700,8,0.9,107
2021-06-28T03:42:52,25.3,19.6,65,76,700,8,0.0,11
2021-06-28T03:58:28,25.3,19.5,65,76,700,8,0.0,5
2021-06-28T04:14:13,25.3,19.3,65,77,700,8,0.6,114
2021-06-28T04:29:55,25.3,19.5,65,74,700,8,0.2,190
2021-06-28T04:45:44,25.1,19.4,64,75,700,8,0.3,325
2021-06-28T05:01:29,25.0,19.0,60,70,600,8,0.8,261
2021-06-28T05:17:05,24.4,18.9,60,68,600,6,0.7,292
2021-06-28T05:32:42,24.2,18.6,61,68,600,6,1.0,201
2021-06-28T05:48:18,24.1,18.2,61,68,600,6,0.4,272
2021-06-28T06:04:03,24.0,18.0,61,69,700,7,1.1,217
2021-06-28T06:19:40,23.7,17.6,61,69,700,6,0.2,179
2021-06-28T06:35:17,23.9,17.5,63,70,800,8,0.7,229
2021-06-28T06:50:53,24.1,17.3,63,70,800,8,0.3,178
2021-06-28T07:06:45,23.7,17.1,62,71,700,8,0.4,249
2021-06-28T07:22:28,23.9,17.0,63,73,800,9,0.5,257
2021-06-28T07:38:06,23.9,17.0,63,73,700,9,0.7,265
2021-06-28T07:53:42,23.9,17.1,64,73,800,10,0.9,273
2021-06-28T08:10:48,23.9,17.9,63,69,700,10,2.3,298
2021-06-28T08:26:28,23.9,18.4,63,68,700,9,1.3,307
2021-06-28T08:42:14,23.9,18.6,63,66,800,9,1.4,268
2021-06-28T08:57:48,23.7,18.6,67,67,800,9,0.9,267
2021-06-28T09:13:31,23.8,19.3,65,65,800,8,0.9,320
2021-06-28T09:29:10,23.9,19.9,65,64,1000,9,2.2,261
2021-06-28T09:44:50,23.3,21.1,59,61,600,5,1.3,327
2021-06-28T10:00:40,23.2,21.1,58,59,600,5,1.4,280
2021-06-28T10:16:26,23.8,20.6,67,62,800,7,0.6,253
2021-06-28T10:32:03,23.8,21.1,65,60,800,8,0.7,302
2021-06-28T10:47:38,23.8,21.6,65,60,800,8,0.8,271
2021-06-28T11:03:29,23.7,22.5,59,57,600,6,0.9,287
2021-06-28T11:08:45,23.7,22.7,59,56,600,5,0.9,325
2021-06-28T11:24:22,23.8,23.7,61,55,600,5,1.6,291
2021-06-28T11:39:56,24.2,23.9,67,56,800,8,1.5,283
2021-06-28T11:55:29,24.3,24.6,66,54,800,8,1.8,154
2021-06-28T12:11:21,24.5,25.7,65,53,700,8,0.7,216
2021-06-28T12:43:47,26.1,25.3,68,53,1200,0,0.9,207
2021-06-28T13:50:59,26.2,27.8,51,47,600,0,1.8,312
2021-06-28T14:22:59,26.9,29.0,48,39,900,0,1.7,145
2021-06-28T14:38:34,26.9,29.4,47,34,600,6,3.4,104
2021-06-28T14:54:10,26.8,29.9,40,26,600,0,1.6,334
2021-06-28T15:09:53,26.9,30.3,42,26,500,4,0.5,24
2021-06-28T15:25:28,27.1,30.2,42,27,600,5,1.4,288
2021-06-28T15:41:10,27.2,30.0,41,26,600,0,2.2,309
2021-06-28T15:56:47,27.5,30.4,35,23,600,0,1.4,252
2021-06-28T16:12:34,27.5,29.8,37,26,500,3,1.2,264
2021-06-28T16:28:13,27.7,29.8,37,26,500,3,0.7,153
2021-06-28T16:43:51,27.8,29.7,36,28,500,4,1.1,86
2021-06-28T16:59:29,27.8,30.4,37,25,500,3,0.4,287
2021-06-28T17:15:16,27.9,30.7,38,27,500,3,1.6,317
2021-06-28T17:30:54,27.9,29.7,35,24,500,3,0.9,316
2021-06-28T17:46:33,27.6,30.0,43,25,600,6,1.6,255
2021-06-28T18:02:19,27.3,30.1,44,28,700,8,0.3,138
2021-06-28T18:17:58,27.3,30.3,46,26,700,8,0.5,240
2021-06-28T18:33:37,27.3,29.8,44,25,700,8,0.6,311
2021-06-28T18:49:16,27.3,29.7,43,25,700,7,0.3,60
2021-06-28T19:05:02,27.3,29.5,43,24,700,8,1.1,58
2021-06-28T19:20:47,27.2,29.3,43,24,600,8,1.8,270
2021-06-28T19:36:25,27.1,28.9,42,23,600,8,0.9,233
2021-06-28T19:52:04,27.0,28.3,43,25,700,8,0.3,332
2021-06-28T20:07:51,27.0,27.9,44,26,700,9,0.9,301
2021-06-28T20:23:30,26.8,27.4,45,29,700,9,1.2,151
2021-06-28T20:39:08,26.6,27.3,46,28,800,10,0.6,156
2021-06-28T20:54:53,26.4,26.4,46,32,700,9,0.8,160
2021-06-28T21:10:39,26.0,25.0,46,35,700,10,0.6,248
2021-06-28T21:26:18,25.6,24.5,47,38,700,10,0.3,131
2021-06-28T21:41:56,25.4,23.5,49,39,700,10,0.1,1
2021-06-28T21:57:35,25.3,23.0,49,41,700,11,0.2,181
2021-06-28T22:13:20,25.0,22.6,51,41,700,10,0.2,143
2021-06-28T22:28:58,25.0,22.2,50,42,800,11,0.5,322
2021-06-28T22:44:37,25.0,22.1,50,43,800,11,0.7,24
2021-06-28T23:00:15,24.9,22.1,50,42,800,10,0.2,259
2021-06-28T23:16:08,24.8,21.5,50,42,800,9,0.7,30
2021-06-28T23:31:52,24.7,21.7,50,43,800,9,0.4,34
2021-06-28T23:47:30,24.6,20.1,52,51,800,9,0.7,344
2021-06-29T00:03:16,24.3,19.6,53,53,800,8,1.2,298
2021-06-29T00:18:54,24.3,19.0,53,55,800,9,0.4,0
2021-06-29T00:34:33,24.3,18.6,55,59,800,8,0.3,300
2021-06-29T00:50:11,24.1,18.4,54,60,800,8,0.4,299
2021-06-29T01:06:04,24.0,18.4,55,58,800,8,0.7,1
2021-06-29T01:21:42,24.0,18.5,54,59,700,8,0.4,206
2021-06-29T01:37:21,24.0,18.4,53,56,700,8,0.8,44
2021-06-29T01:53:00,23.8,18.2,53,57,700,7,0.9,30
2021-06-29T02:08:45,23.7,18.0,54,60,700,7,0.4,301
2021-06-29T02:24:24,23.4,17.7,54,62,700,7,0.5,47
2021-06-29T02:40:02,23.3,17.1,55,66,700,6,0.3,238
2021-06-29T02:55:40,23.3,17.1,54,64,700,6,0.5,203
2021-06-29T03:11:26,23.3,17.4,54,64,700,6,0.2,220
2021-06-29T03:27:04,23.3,17.7,55,64,700,6,0.6,254
2021-06-29T03:42:43,23.3,17.3,55,63,700,6,0.3,205
2021-06-29T03:58:21,23.3,16.7,55,66,700,6,0.2,133
2021-06-29T04:14:07,23.2,16.7,54,66,700,6,0.1,202
2021-06-29T04:29:45,23.2,16.4,55,68,600,5,0.5,153
2021-06-29T04:45:23,23.1,15.9,56,71,700,6,0.2,41
2021-06-29T05:01:15,23.1,16.0,56,69,700,6,0.2,1
2021-06-29T05:16:53,23.0,16.5,56,68,700,6,0.2,57
2021-06-29T05:32:32,23.1,15.8,57,71,800,6,0.2,39
2021-06-29T05:48:16,22.9,15.6,58,73,800,7,0.4,302
2021-06-29T06:04:01,22.8,15.3,58,73,800,7,0.1,3
2021-06-29T06:19:39,23.0,16.0,57,72,800,7,0.5,312
2021-06-29T06:35:18,22.9,16.0,58,72,800,7,0.7,267
2021-06-29T06:50:56,23.0,15.6,59,73,800,8,0.7,296
2021-06-29T07:06:47,23.0,15.6,59,74,800,8,0.8,314
2021-06-29T07:22:26,23.1,15.8,60,74,800,8,0.3,251
2021-06-29T07:38:04,23.2,16.1,62,73,900,8,1.4,206
2021-06-29T07:53:48,23.2,16.4,60,72,700,7,1.9,166
2021-06-29T08:09:33,23.1,16.7,61,71,700,7,1.3,254
2021-06-29T08:24:35,23.2,17.9,60,69,800,8,0.9,277
2021-06-29T08:40:17,23.2,18.0,59,69,700,6,1.8,317
2021-06-29T08:56:00,23.4,18.9,56,66,700,6,3.3,314
2021-06-29T09:11:50,23.3,19.4,57,64,700,4,0.4,248
2021-06-29T09:27:32,23.3,20.1,58,61,600,4,0.2,230
2021-06-29T09:43:13,23.3,19.4,55,63,600,4,0.2,245
2021-06-29T09:58:55,23.3,20.7,54,58,600,4,2.0,255
2021-06-29T10:14:45,23.5,20.9,54,58,600,3,2.8,261
2021-06-29T10:30:28,24.0,21.5,54,56,600,4,1.8,227
2021-06-29T10:46:15,24.1,22.0,59,54,800,5,0.9,118
2021-06-29T11:02:06,24.8,22.5,63,52,1200,10,2.5,288
2021-06-29T11:17:39,24.6,23.6,61,48,900,9,1.4,283
2021-06-29T11:33:12,24.8,24.0,60,47,800,9,1.5,291
2021-06-29T11:48:45,25.1,25.1,60,43,900,8,1.7,254
2021-06-29T12:04:26,25.1,25.4,59,39,800,7,0.1,267
2021-06-29T12:20:05,25.1,26.4,55,36,700,8,2.2,89
2021-06-29T12:35:38,25.0,26.4,54,36,700,8,0.4,241
2021-06-29T12:51:17,25.1,26.7,54,37,700,8,1.5,263
2021-06-29T13:06:59,25.3,27.1,57,37,800,8,0.6,285
2021-06-29T13:22:31,25.3,26.7,55,37,700,8,2.7,285
2021-06-29T13:38:04,25.3,27.1,56,36,700,7,0.9,272
2021-06-29T13:53:37,25.4,27.0,53,35,700,8,1.1,327
2021-06-29T14:09:18,25.7,28.3,52,36,700,8,1.1,250
2021-06-29T14:24:57,25.7,28.1,53,34,700,7,2.4,104
2021-06-29T14:40:30,25.8,29.1,52,34,700,7,0.9,292
2021-06-29T14:56:02,25.8,28.6,52,33,700,7,1.0,326
2021-06-29T15:11:44,26.1,28.9,51,33,700,8,1.7,315
2021-06-29T15:27:22,26.1,29.1,51,33,700,7,0.4,287
2021-06-29T15:42:55,26.4,29.8,52,32,700,7,0.2,154
2021-06-29T15:58:28,26.6,29.5,52,32,700,7,0.7,192
2021-06-29T16:14:10,26.7,29.4,50,33,700,7,1.4,264
2021-06-29T16:29:43,26.7,30.2,51,30,700,7,0.8,83
2021-06-29T16:45:16,26.7,29.5,51,32,700,7,0.7,262
2021-06-29T17:00:58,26.7,29.8,50,31,700,7,0.6,267
2021-06-29T17:16:37,27.0,30.0,49,31,700,7,0.2,132
2021-06-29T17:32:11,26.9,29.2,50,32,700,7,0.6,278
2021-06-29T17:47:44,27.1,29.5,49,32,700,7,0.2,33
2021-06-29T18:03:25,27.1,29.3,49,31,700,7,0.8,273
2021-06-29T18:18:59,27.1,28.9,51,32,700,7,1.2,130
2021-06-29T18:34:32,27.1,29.5,49,33,700,7,1.1,261
2021-06-29T18:50:11,27.1,29.1,48,30,700,8,0.5,269
2021-06-29T19:05:53,27.1,28.7,47,31,700,7,1.0,122
2021-06-29T19:21:32,27.1,28.4,48,27,700,8,0.5,285
2021-06-29T19:37:06,27.2,28.5,47,30,700,8,0.6,225
2021-06-29T19:52:39,27.2,28.2,47,28,700,9,0.7,283
2021-06-29T20:08:22,27.2,28.2,47,30,800,8,1.7,276
2021-06-29T20:23:55,27.2,27.3,48,31,800,10,1.1,293
2021-06-29T20:39:27,27.2,27.1,52,32,800,9,1.7,236
2021-06-29T20:55:01,27.1,26.8,53,33,800,10,0.4,113
2021-06-29T21:10:43,26.8,26.1,51,35,800,10,0.4,193
2021-06-29T21:26:16,26.4,25.4,51,35,800,10,0.3,284
2021-06-29T21:41:49,26.3,24.1,52,40,900,11,0.2,296
2021-06-29T21:57:22,26.0,23.8,51,40,800,9,0.6,250
2021-06-29T22:13:03,25.9,23.4,52,42,800,10,0.3,321
2021-06-29T22:28:42,25.7,23.1,51,43,800,8,0.1,316
2021-06-29T22:44:15,25.6,22.2,52,45,800,8,0.3,246
2021-06-29T22:59:48,25.7,22.2,54,50,800,7,0.3,268
2021-06-29T23:15:30,25.8,21.9,58,59,800,8,0.9,313
2021-06-29T23:31:03,25.6,21.6,58,59,800,8,1.3,281
2021-06-29T23:46:42,25.5,21.0,59,59,800,8,0.7,73
2021-06-30T00:02:23,25.4,21.0,62,68,800,8,0.2,140
2021-06-30T00:18:02,25.5,21.0,62,70,800,8,0.7,237
2021-06-30T00:33:35,25.5,20.7,64,72,800,8,0.9,252
2021-06-30T00:49:08,25.5,20.8,65,74,800,8,0.2,309
2021-06-30T01:04:49,25.5,20.8,65,75,800,8,1.5,260
2021-06-30T01:20:22,25.5,20.7,66,75,800,8,1.4,255
2021-06-30T01:35:55,25.5,20.5,65,76,800,8,0.3,219
2021-06-30T01:51:27,25.5,20.4,66,77,800,8,0.5,207
2021-06-30T02:07:09,25.5,19.4,65,78,800,8,0.7,164
2021-06-30T02:22:42,25.4,19.2,66,80,800,8,0.2,41
2021-06-30T02:38:15,25.3,18.4,67,82,800,8,1.1,88
2021-06-30T02:53:48,25.3,18.2,66,83,800,9,0.2,128
2021-06-30T03:09:29,25.2,18.4,67,83,800,8,0.6,41
2021-06-30T03:25:01,25.1,18.4,66,83,800,8,0.7,118
2021-06-30T03:40:34,25.0,18.3,67,83,800,8,1.7,99
2021-06-30T03:56:07,25.0,18.1,68,84,800,8,0.3,147
2021-06-30T04:11:48,25.0,18.0,67,84,800,8,1.2,133
2021-06-30T04:27:27,25.0,17.6,67,84,800,8,1.4,111
2021-06-30T04:43:00,25.0,17.6,66,84,800,9,1.4,97
2021-06-30T04:58:32,24.6,17.5,68,85,900,8,0.4,1
2021-06-30T05:14:14,24.5,16.7,66,85,900,9,0.6,8
2021-06-30T05:29:47,24.2,16.6,67,86,900,9,0.5,2
2021-06-30T05:45:20,24.0,16.6,66,88,800,9,0.1,314
2021-06-30T06:01:02,24.0,16.3,65,87,900,9,0.3,195
2021-06-30T06:16:35,24.0,16.4,67,89,900,9,0.6,22
2021-06-30T06:32:07,24.0,16.8,67,87,900,10,0.3,336
2021-06-30T06:47:40,23.9,16.0,67,86,900,10,0.4,42
2021-06-30T07:03:22,23.9,16.0,67,86,1000,10,0.8,53
2021-06-30T07:18:55,23.9,16.6,67,78,1000,10,0.6,327
2021-06-30T07:34:27,23.8,17.1,68,83,1000,10,0.5,278
2021-06-30T07:50:00,23.8,17.0,68,84,1000,10,0.8,322
2021-06-30T08:05:41,23.8,18.1,67,76,1000,10,0.2,327
2021-06-30T08:21:24,23.9,18.6,66,73,900,8,0.8,277
2021-06-30T08:36:58,23.9,19.1,64,67,900,9,0.7,238
2021-06-30T08:52:37,24.1,19.4,64,66,900,9,0.8,316
2021-06-30T09:08:22,24.1,19.6,62,64,800,9,1.1,309
2021-06-30T09:23:58,24.1,20.0,62,64,800,9,0.3,285
2021-06-30T09:39:37,24.1,20.4,63,64,800,9,1.0,280
2021-06-30T09:55:12,23.8,20.6,59,63,600,6,0.3,225
2021-06-30T09:57:42,23.7,21.2,57,61,600,6,0.2,300
2021-06-30T10:13:33,23.6,22.8,60,58,600,4,1.3,280
2021-06-30T10:29:11,23.9,22.9,61,57,700,5,0.2,139
2021-06-30T10:44:47,24.5,22.7,65,59,1000,8,0.7,252
2021-06-30T11:00:33,24.8,22.8,65,55,1000,9,0.3,117
2021-06-30T11:16:24,24.8,22.8,64,55,900,9,1.8,93
2021-06-30T11:32:02,24.8,23.5,63,54,800,9,0.8,212
2021-06-30T11:47:38,25.1,24.2,63,54,800,8,0.6,78
2021-06-30T12:03:23,25.2,25.6,62,52,800,8,1.4,218
2021-06-30T12:18:59,25.4,25.3,63,53,700,8,0.2,207
2021-06-30T12:34:37,25.5,26.6,64,53,700,8,0.5,197
2021-06-30T12:50:13,25.8,26.7,63,53,700,8,0.3,137
2021-06-30T13:05:59,25.8,25.9,63,56,700,8,1.2,211
2021-06-30T13:21:34,26.1,26.9,63,55,700,8,1.0,197
2021-06-30T13:37:10,26.6,27.8,65,53,800,9,1.5,277
2021-06-30T13:52:45,26.7,27.9,64,52,800,8,0.4,248
2021-06-30T14:08:30,26.8,28.0,63,51,800,7,0.9,232
2021-06-30T14:24:06,27.0,27.5,64,54,700,7,0.5,197
2021-06-30T14:39:42,27.1,27.7,64,53,700,7,0.3,323
2021-06-30T14:55:17,27.1,28.5,62,50,700,8,0.3,153
2021-06-30T15:11:02,27.4,28.8,63,52,800,8,0.9,254
2021-06-30T15:26:38,27.4,29.3,64,52,800,8,3.5,172
2021-06-30T15:42:21,27.8,27.9,63,55,800,8,0.5,253
2021-06-30T15:57:57,27.7,27.9,64,55,800,9,0.4,146
2021-06-30T16:13:47,27.9,28.4,65,53,800,9,0.7,277
2021-06-30T16:29:23,27.9,28.8,63,52,800,9,1.3,211
2021-06-30T16:44:59,28.0,29.5,64,51,800,8,1.0,275
2021-06-30T17:00:43,28.0,29.2,63,51,800,9,2.1,231
2021-06-30T17:16:29,28.0,28.9,64,53,800,9,1.5,256
2021-06-30T17:32:05,28.3,29.4,62,51,800,10,0.2,236
2021-06-30T17:47:41,28.3,29.5,61,49,800,10,1.8,236
2021-06-30T18:03:26,28.3,29.5,61,48,800,10,0.4,228
2021-06-30T18:19:08,28.6,29.4,62,49,800,10,2.1,206
2021-06-30T18:34:44,28.6,29.0,61,49,800,11,0.9,146
2021-06-30T18:50:20,28.7,29.6,61,48,800,9,0.4,159
2021-06-30T19:06:06,28.7,28.7,63,53,800,9,0.8,247
2021-06-30T19:21:48,28.7,28.6,62,54,800,10,0.6,157
2021-06-30T19:37:24,28.5,27.6,63,56,700,8,0.9,241
2021-06-30T19:53:01,28.5,27.5,65,56,800,9,1.6,228
2021-06-30T20:08:50,28.4,26.9,66,59,800,9,1.6,246
2021-06-30T20:24:26,28.2,26.6,65,59,800,10,2.5,259
2021-06-30T20:40:02,28.1,26.0,67,61,800,8,1.1,261
2021-06-30T20:55:39,28.0,25.2,65,64,800,10,0.7,253
2021-06-30T21:11:23,27.7,24.7,67,66,800,10,0.8,283
2021-06-30T21:26:59,27.6,23.9,68,69,800,10,0.3,169
2021-06-30T21:42:35,27.3,23.6,67,71,800,10,1.8,239
2021-06-30T21:58:11,27.2,23.1,68,72,800,10,1.5,240
2021-06-30T22:13:55,27.2,22.7,67,73,800,10,1.4,239
2021-06-30T22:29:30,27.0,22.7,68,73,900,10,0.5,230
2021-06-30T22:45:06,26.8,22.5,68,73,800,8,0.7,183
2021-06-30T23:00:50,26.8,21.6,68,75,800,8,0.5,111
2021-06-30T23:16:26,26.5,21.4,69,76,800,9,0.3,104
2021-06-30T23:32:02,26.4,20.9,69,78,800,8,0.2,118
2021-06-30T23:47:38,26.4,20.8,69,78,800,8,0.7,119
2021-07-01T00:03:23,26.4,20.7,69,79,800,8,0.4,146
2021-07-01T00:18:58,26.4,20.5,68,79,800,8,0.3,119
2021-07-01T00:34:34,26.3,20.5,69,80,800,8,1.3,111
2021-07-01T00:50:10,26.2,20.2,68,80,800,8,0.8,160
2021-07-01T01:06:00,26.1,20.0,68,81,800,8,0.7,78
2021-07-01T01:21:36,26.0,19.9,68,81,800,8,0.3,179
2021-07-01T01:37:11,26.0,19.7,68,81,800,8,1.5,111
2021-07-01T01:52:47,25.7,19.4,68,82,800,8,1.6,98
2021-07-01T02:08:32,25.7,19.2,68,82,800,8,0.2,223
2021-07-01T02:24:07,25.6,19.2,68,81,800,8,0.3,322
2021-07-01T02:39:43,25.6,19.2,68,81,800,8,0.3,232
2021-07-01T02:55:19,25.6,19.4,68,81,800,8,1.8,150
2021-07-01T03:11:03,25.5,19.2,68,82,700,8,0.9,299
2021-07-01T03:26:44,25.5,19.1,69,82,700,8,0.4,78
2021-07-01T03:42:26,25.4,19.0,69,83,800,8,0.3,112
2021-07-01T03:58:02,25.4,18.8,69,83,800,8,1.8,79
2021-07-01T04:13:47,25.3,18.8,69,83,800,8,2.0,88
2021-07-01T04:29:23,25.3,18.7,68,84,800,8,0.3,68
2021-07-01T04:45:04,25.2,18.6,68,85,800,8,0.7,167
2021-07-01T05:00:49,25.0,18.5,68,84,700,8,0.8,126
2021-07-01T05:16:31,25.0,18.5,69,84,800,9,1.1,83
2021-07-01T05:32:07,25.0,18.6,68,84,700,8,0.7,89
2021-07-01T05:47:43,25.1,18.7,69,84,700,8,0.7,121
2021-07-01T06:03:28,25.1,18.6,69,84,800,8,0.2,1
2021-07-01T06:19:03,25.1,18.6,69,84,800,8,0.8,166
2021-07-01T06:34:38,25.0,18.6,70,84,800,9,0.4,90
2021-07-01T06:50:14,25.0,18.6,70,85,800,9,0.4,118
2021-07-01T07:05:59,25.1,18.7,71,84,800,10,1.1,90
2021-07-01T07:21:35,25.1,18.8,71,84,800,10,0.2,45
2021-07-01T07:37:10,25.1,18.9,73,83,900,10,0.8,135
2021-07-01T07:52:46,25.1,19.4,73,82,900,10,1.8,109
2021-07-01T08:08:34,25.1,19.6,72,82,800,9,1.6,113
2021-07-01T08:24:10,24.5,20.7,70,78,700,6,0.4,104
2021-07-01T08:39:46,24.3,21.4,71,76,600,6,1.5,107
2021-07-01T08:55:22,24.4,22.5,71,72,600,6,0.2,171
2021-07-01T09:11:08,24.8,23.0,69,71,600,5,0.3,126
2021-07-01T09:26:35,24.8,23.8,68,68,600,5,0.4,290
2021-07-01T09:42:02,25.0,24.2,68,67,600,5,1.5,97
2021-07-01T09:57:36,25.1,24.7,67,65,600,4,0.9,117
2021-07-01T10:13:15,25.3,25.6,65,62,600,4,0.2,67
2021-07-01T10:28:45,25.4,26.1,64,60,700,4,0.5,75
2021-07-01T10:44:16,25.5,26.6,67,58,600,4,0.9,219
2021-07-01T10:59:46,26.2,26.8,68,58,700,6,0.3,179
2021-07-01T11:15:23,26.4,27.5,68,56,900,9,0.5,283
2021-07-01T11:30:53,26.5,28.0,68,54,800,9,0.4,305
2021-07-01T11:46:23,26.7,29.5,68,51,800,10,1.0,151
2021-07-01T12:02:04,26.9,29.2,69,51,900,10,0.5,236
2021-07-01T12:17:35,26.9,28.7,66,52,800,10,0.7,279
2021-07-01T12:33:06,27.1,29.7,65,50,800,10,0.4,289
2021-07-01T12:48:36,27.1,28.6,65,54,800,10,0.4,254
2021-07-01T13:04:14,27.1,29.2,65,52,800,9,0.6,250
2021-07-01T13:19:44,27.4,29.7,67,50,900,10,0.2,225
2021-07-01T13:35:14,27.4,30.5,66,50,900,10,0.2,267
2021-07-01T13:50:45,27.6,30.5,66,49,800,10,0.2,268
2021-07-01T14:06:21,27.6,31.4,65,46,800,10,0.9,278
2021-07-01T14:21:54,27.7,31.2,64,47,700,10,0.9,284
2021-07-01T14:37:25,27.9,31.7,62,45,700,9,0.8,203
2021-07-01T14:52:55,27.9,31.9,63,46,700,9,0.4,207
2021-07-01T15:08:32,28.3,32.2,63,45,800,10,0.2,116
2021-07-01T15:24:02,28.3,33.2,63,43,700,10,0.6,289
2021-07-01T15:39:39,28.6,32.9,62,45,700,9,0.5,279
2021-07-01T15:55:09,28.7,33.5,61,43,700,8,0.3,282
2021-07-01T16:10:47,29.0,33.1,62,43,800,9,1.3,193
2021-07-01T16:26:16,29.0,32.4,64,45,800,9,1.5,207
2021-07-01T16:41:53,29.0,33.6,63,43,800,10,1.4,270
2021-07-01T16:57:24,29.1,31.7,60,45,700,10,0.4,284
2021-07-01T17:13:01,29.0,31.5,62,46,800,10,0.4,267
2021-07-01T17:28:31,29.0,32.6,59,42,700,10,0.9,261
2021-07-01T17:44:02,29.3,32.7,60,40,700,8,0.1,2
2021-07-01T17:59:33,29.3,32.0,59,42,800,9,1.2,234
2021-07-01T18:15:09,29.4,32.9,59,41,800,9,1.1,261
2021-07-01T18:30:40,29.3,32.1,62,41,700,9,0.3,268
2021-07-01T18:46:10,29.4,32.4,59,41,700,8,1.1,235
2021-07-01T19:01:48,29.4,32.3,60,44,700,8,1.0,252
2021-07-01T19:17:18,29.4,32.2,60,47,800,9,0.6,252
2021-07-01T19:32:48,29.4,31.5,62,49,700,10,0.6,121
2021-07-01T19:48:24,29.5,31.1,63,51,800,10,0.9,260
2021-07-01T20:04:01,29.5,30.6,64,54,800,10,0.6,255
2021-07-01T20:19:38,29.5,29.8,67,57,800,11,2.3,220
2021-07-01T20:35:14,29.5,29.4,66,59,800,12,1.5,241
2021-07-01T20:50:44,29.2,28.2,68,61,800,11,1.4,259
2021-07-01T21:06:21,28.9,27.6,68,63,800,11,1.7,221
2021-07-01T21:21:52,28.9,26.8,68,65,800,11,0.7,239
2021-07-01T21:37:22,28.7,26.6,68,66,800,10,0.8,228
2021-07-01T21:52:53,28.5,25.8,69,66,800,10,1.1,193
2021-07-01T22:08:30,28.3,25.4,68,68,800,9,0.9,214
2021-07-01T22:24:00,28.1,25.1,69,69,800,10,0.4,187
2021-07-01T22:39:31,28.1,24.8,68,69,800,10,0.9,79
2021-07-01T22:55:07,28.0,24.4,69,71,800,8,0.5,137
2021-07-01T23:10:44,28.0,23.9,68,73,800,8,1.2,97
2021-07-01T23:26:15,27.8,23.5,69,73,700,8,0.4,118
2021-07-01T23:41:51,27.6,23.1,68,73,800,8,0.3,151
2021-07-01T23:57:22,27.5,22.9,68,74,700,8,0.8,164
2021-07-02T00:12:59,27.3,22.5,67,74,700,8,1.0,99
2021-07-02T00:28:35,27.3,22.2,68,75,700,8,0.6,159
2021-07-02T00:44:05,27.3,22.0,67,76,700,8,1.1,106
2021-07-02T00:59:35,27.1,22.0,67,75,700,8,0.4,19
2021-07-02T01:15:11,26.9,21.9,67,74,700,8,1.0,95
2021-07-02T01:30:42,26.7,21.7,67,75,700,7,0.7,75
2021-07-02T01:46:11,26.7,21.4,66,75,800,8,1.3,77
2021-07-02T02:01:48,26.4,20.8,67,78,700,8,0.4,162
2021-07-02T02:17:24,26.4,20.8,68,78,700,8,0.5,72
2021-07-02T02:33:00,26.4,20.5,67,79,700,9,0.4,119
2021-07-02T02:48:30,26.4,20.5,68,79,700,8,1.6,104
2021-07-02T03:04:07,26.4,20.0,68,79,700,9,1.9,83
2021-07-02T03:19:37,26.2,20.1,67,79,700,9,0.4,314
2021-07-02T03:35:06,26.0,20.2,68,78,700,8,0.2,106
2021-07-02T03:50:37,26.0,20.2,66,78,700,8,0.4,132
2021-07-02T04:06:14,25.9,19.9,67,78,700,8,0.3,0
2021-07-02T04:21:44,25.9,19.8,67,78,700,8,0.3,326
2021-07-02T04:37:14,25.9,19.6,65,78,700,8,0.1,262
2021-07-02T04:52:44,25.7,19.5,65,78,700,8,0.3,109
2021-07-02T05:08:20,25.6,19.2,65,79,700,8,0.5,220
2021-07-02T05:23:50,25.5,19.0,66,80,700,9,0.0,3
2021-07-02T05:39:20,25.4,19.1,66,79,700,8,0.7,173
2021-07-02T05:54:50,25.3,19.0,66,79,700,8,0.5,132
2021-07-02T06:10:33,25.2,18.7,67,80,700,8,0.3,232
2021-07-02T06:26:03,25.2,18.3,67,82,700,8,0.3,248
2021-07-02T06:41:33,25.0,18.3,67,80,700,8,0.5,66
2021-07-02T06:57:03,25.0,18.1,66,77,700,8,0.9,99
2021-07-02T07:12:45,24.9,18.2,67,75,700,8,0.3,111
2021-07-02T07:28:21,24.6,18.1,66,75,800,8,0.6,15
2021-07-02T07:43:51,24.8,18.3,68,76,800,9,0.4,318
2021-07-02T07:59:20,24.8,18.8,68,74,800,8,0.2,225
2021-07-02T08:15:00,24.8,20.8,68,70,800,8,0.4,10
2021-07-02T08:30:32,25.1,21.8,65,64,800,9,0.4,306
2021-07-02T08:46:11,25.1,23.0,67,62,800,8,0.2,126
2021-07-02T09:01:59,25.3,23.3,66,60,800,8,0.2,126
2021-07-02T09:17:37,25.4,24.1,66,60,800,8,0.4,219
2021-07-02T09:33:16,25.0,24.9,61,60,600,5,0.4,232
2021-07-02T09:48:54,25.0,25.6,62,57,600,4,0.5,225
2021-07-02T10:04:40,25.2,25.9,60,57,600,4,0.9,236
2021-07-02T10:20:19,25.2,26.6,61,56,600,4,0.6,232
2021-07-02T10:35:59,25.8,26.7,67,53,1000,7,0.3,133
2021-07-02T10:51:38,26.3,27.3,65,54,1100,9,0.4,302
2021-07-02T11:07:26,26.6,28.0,66,51,1100,10,0.8,166
2021-07-02T11:23:05,26.7,28.3,67,49,900,10,0.2,303
2021-07-02T11:38:44,26.7,29.5,63,45,800,9,0.7,315
2021-07-02T11:54:23,26.8,29.8,62,43,800,8,1.3,165
2021-07-02T12:07:47,27.1,29.8,58,40,700,8,0.7,216
2021-07-02T12:23:30,27.1,30.3,59,39,700,9,0.0,1
2021-07-02T12:39:10,27.2,30.4,60,41,700,9,0.3,120
2021-07-02T12:54:50,27.4,29.7,59,43,700,9,0.3,203
2021-07-02T13:10:38,27.4,31.1,57,39,700,9,0.2,240
2021-07-02T13:26:16,27.6,31.4,57,40,700,9,0.9,275
2021-07-02T13:41:56,27.9,32.4,57,38,700,8,0.7,106
2021-07-02T13:57:42,27.9,32.9,57,38,700,10,0.1,267
2021-07-02T14:13:29,28.3,32.0,58,39,700,10,0.7,216
2021-07-02T14:29:08,28.2,32.9,60,39,700,10,0.4,318
2021-07-02T14:44:48,28.3,33.4,59,39,700,9,0.2,194
2021-07-02T15:00:36,28.7,32.8,60,42,700,8,1.5,246
2021-07-02T15:16:24,28.7,33.9,59,40,700,8,0.2,185
2021-07-02T15:32:04,28.7,34.2,60,40,700,8,1.2,98
2021-07-02T15:47:44,28.8,34.3,60,39,700,8,0.2,310
2021-07-02T16:03:31,29.0,34.9,61,38,700,8,1.1,280
2021-07-02T16:19:11,29.4,35.0,61,38,800,10,0.1,268
2021-07-02T16:34:51,29.4,35.7,59,36,700,8,0.4,210
2021-07-02T16:50:31,29.8,35.3,58,36,700,8,1.1,248
2021-07-02T17:06:18,29.8,35.3,57,35,700,8,0.4,249
2021-07-02T17:21:58,29.8,36.1,59,36,800,10,0.2,249
2021-07-02T17:37:44,30.0,36.5,57,35,800,10,0.8,153
2021-07-02T17:53:25,30.1,36.1,56,32,700,9,1.1,236
2021-07-02T18:09:11,30.1,35.4,54,31,700,9,0.7,211
2021-07-02T18:24:57,30.1,34.9,55,31,700,8,1.6,223
2021-07-02T18:40:35,30.1,34.8,54,33,700,7,0.5,189
2021-07-02T18:56:13,30.1,34.7,56,34,800,9,0.4,103
2021-07-02T19:12:00,30.1,34.5,56,35,800,10,1.1,148
2021-07-02T19:27:41,30.1,33.5,62,42,800,9,0.7,205
2021-07-02T19:43:20,30.1,33.1,62,43,900,12,1.5,240
2021-07-02T19:59:00,30.1,32.4,62,45,800,11,0.9,275
2021-07-02T20:14:46,30.1,32.3,64,46,800,11,0.8,224
2021-07-02T20:30:26,30.1,31.1,65,54,800,12,1.3,233
2021-07-02T20:46:11,30.0,30.2,65,57,800,12,0.3,243
2021-07-02T21:01:59,29.7,29.8,64,55,800,11,1.2,243
2021-07-02T21:17:38,29.4,28.4,63,57,800,12,0.2,200
2021-07-02T21:33:19,29.2,27.8,65,59,800,12,0.3,206
2021-07-02T21:49:05,29.1,27.3,66,63,800,10,0.6,138
2021-07-02T22:04:53,28.9,27.0,66,61,700,10,0.3,145
2021-07-02T22:20:33,28.9,26.1,67,65,800,11,0.2,189
2021-07-02T22:36:12,28.8,25.6,66,68,700,10,0.9,153
2021-07-02T22:51:52,28.5,24.8,65,69,700,9,1.0,113
2021-07-02T23:07:40,28.1,24.4,66,69,700,8,0.4,218
2021-07-02T23:23:20,28.1,24.3,65,68,700,8,0.4,196
2021-07-02T23:39:00,28.1,23.8,65,69,700,8,0.3,221
2021-07-02T23:54:40,27.9,23.7,66,69,800,8,0.6,135
2021-07-03T00:10:28,27.9,23.4,66,70,800,8,0.2,153
2021-07-03T00:26:07,27.5,23.2,64,70,700,8,0.4,203
2021-07-03T00:41:47,27.3,22.8,64,69,700,8,0.1,179
2021-07-03T00:57:27,27.2,22.7,65,69,700,8,0.3,242
2021-07-03T01:13:14,27.1,22.4,63,69,700,8,0.3,120
2021-07-03T01:28:53,27.1,22.4,65,69,700,7,0.7,316
2021-07-03T01:44:39,26.9,22.1,63,69,700,7,0.2,179
2021-07-03T02:00:18,26.9,22.2,62,69,700,7,0.1,127
2021-07-03T02:16:06,26.7,21.6,63,70,700,8,0.6,136
2021-07-03T02:31:46,26.4,21.0,63,72,700,8,0.4,87
2021-07-03T02:47:25,26.4,20.8,63,72,700,8,0.9,106
2021-07-03T03:03:12,26.3,20.5,64,73,700,8,0.7,187
2021-07-03T03:18:52,26.2,20.2,63,74,700,8,0.4,133
2021-07-03T03:34:38,26.0,20.1,63,74,700,8,0.5,222
2021-07-03T03:50:16,25.6,20.2,64,75,700,8,0.3,138
2021-07-03T04:06:05,25.5,19.3,64,77,700,8,0.3,312
2021-07-03T04:21:44,25.4,19.5,64,77,700,7,0.1,267
2021-07-03T04:37:24,25.4,19.7,63,74,600,8,0.9,97
2021-07-03T04:53:03,25.4,19.6,63,74,600,8,0.4,104
2021-07-03T05:08:50,25.4,19.9,63,71,600,7,0.4,292
2021-07-03T05:24:30,25.4,20.0,62,71,600,7,0.3,36
2021-07-03T05:40:09,25.3,19.9,63,71,700,7,0.2,226
2021-07-03T05:55:50,25.1,19.1,64,74,700,7,0.5,324
2021-07-03T06:11:37,25.0,18.9,64,75,600,7,0.3,267
2021-07-03T06:27:16,25.0,19.0,65,76,700,8,1.1,321
2021-07-03T06:42:56,25.0,18.8,66,76,700,8,0.7,314
2021-07-03T06:58:35,25.0,18.9,67,76,700,8,0.8,324
2021-07-03T07:14:29,25.0,18.8,67,78,800,10,0.4,300
2021-07-03T07:30:08,24.9,18.9,69,78,800,10,0.7,12
2021-07-03T07:45:48,24.9,18.8,68,80,800,9,0.4,122
2021-07-03T08:01:35,24.9,19.4,69,76,800,9,0.2,301
2021-07-03T08:17:15,25.3,20.8,69,73,800,9,0.4,228
2021-07-03T08:32:54,25.3,21.7,69,71,800,8,0.6,330
2021-07-03T08:48:33,25.4,21.9,71,71,800,8,0.1,88
2021-07-03T09:04:20,25.6,22.0,70,71,800,8,0.1,213
2021-07-03T09:19:59,25.8,23.8,70,67,700,8,0.7,106
2021-07-03T09:27:54,25.8,24.5,71,67,800,8,0.3,236
2021-07-03T09:43:52,26.1,25.2,71,65,800,8,0.4,244
2021-07-03T09:59:28,26.2,25.2,71,67,800,8,0.4,205
2021-07-03T10:15:17,26.3,25.4,71,66,800,8,0.5,253
2021-07-03T10:30:53,26.4,25.9,71,64,800,8,0.4,190
2021-07-03T10:46:29,26.4,26.4,68,61,800,8,0.5,222
2021-07-03T11:02:12,26.4,26.8,69,58,800,8,2.2,279
2021-07-03T11:17:48,26.7,27.0,68,55,700,8,0.2,290
2021-07-03T11:33:23,26.7,27.4,68,56,700,8,0.9,142
2021-07-03T11:49:00,27.0,28.1,65,53,700,8,2.1,210
2021-07-03T12:04:48,27.1,28.5,64,52,700,8,0.8,239
2021-07-03T12:20:24,27.1,27.6,63,54,700,7,0.6,292
2021-07-03T12:36:00,27.2,28.4,65,54,700,8,0.3,237
2021-07-03T12:51:40,27.2,27.8,63,54,700,8,0.7,232
2021-07-03T13:07:25,27.2,27.3,63,56,700,8,1.1,260
2021-07-03T13:23:01,27.2,27.7,64,57,700,9,0.9,278
2021-07-03T13:38:37,27.2,28.1,64,55,700,8,0.5,72
2021-07-03T13:54:12,27.4,28.2,64,56,700,8,1.0,262
2021-07-03T14:09:57,27.8,28.3,63,56,700,8,2.2,265
2021-07-03T14:25:38,27.9,30.3,63,52,700,8,1.2,277
2021-07-03T14:41:14,28.0,30.6,63,50,800,8,0.3,287
2021-07-03T14:56:51,28.3,31.7,62,48,700,9,1.0,276
2021-07-03T15:12:35,28.3,32.3,62,47,700,9,1.3,84
2021-07-03T15:28:11,28.7,32.7,62,45,700,8,0.7,206
2021-07-03T15:43:47,28.7,32.8,61,45,700,8,1.8,300
2021-07-03T15:59:23,29.0,32.8,61,47,700,10,2.1,233
2021-07-03T16:15:07,29.0,33.2,61,44,700,9,0.9,202
2021-07-03T16:30:44,29.2,33.2,61,44,700,9,1.4,290
2021-07-03T16:46:21,29.4,33.7,59,43,700,8,1.5,261
2021-07-03T17:02:04,29.4,33.5,60,43,700,11,1.2,281
2021-07-03T17:17:40,29.4,34.6,56,39,600,11,0.8,290
2021-07-03T17:33:17,29.4,34.7,53,31,600,10,0.6,318
2021-07-03T17:48:53,29.4,33.9,56,32,700,10,0.3,84
2021-07-03T18:04:36,29.5,34.6,56,33,700,9,0.7,293
2021-07-03T18:20:12,29.5,34.5,52,32,600,8,0.4,197
2021-07-03T18:35:54,29.5,34.8,51,31,700,10,0.3,179
2021-07-03T18:51:30,29.5,34.1,52,32,700,9,0.5,267
2021-07-03T19:07:14,29.5,34.1,54,33,700,9,0.7,292
2021-07-03T19:22:50,29.8,34.2,56,33,800,10,0.5,235
2021-07-03T19:38:27,29.8,32.9,56,39,700,11,0.8,189
2021-07-03T19:54:02,29.6,32.0,54,38,700,10,0.9,244
2021-07-03T20:09:47,29.6,32.3,54,36,700,10,0.7,211
2021-07-03T20:25:23,29.5,31.7,55,38,800,10,0.5,239
2021-07-03T20:40:59,29.4,31.4,57,40,800,12,0.5,259
2021-07-03T20:56:35,29.4,30.8,59,42,800,10,0.8,200
2021-07-03T21:12:19,29.4,30.6,57,42,700,11,1.1,195
2021-07-03T21:27:55,29.2,30.0,59,44,800,11,0.3,173
2021-07-03T21:43:32,29.1,29.6,61,49,800,10,1.9,174
2021-07-03T21:59:07,28.9,26.5,64,64,700,10,0.8,179
2021-07-03T22:14:52,28.8,26.1,65,66,700,9,0.5,167
2021-07-03T22:30:28,28.7,25.3,67,69,700,9,1.3,91
2021-07-03T22:46:03,28.5,25.2,67,69,700,10,1.6,120
2021-07-03T23:01:53,28.2,24.9,66,69,700,9,1.5,149
2021-07-03T23:17:30,28.1,24.9,66,69,700,8,0.6,139
2021-07-03T23:33:06,28.1,24.5,67,71,800,8,1.9,119
2021-07-03T23:48:42,28.1,24.2,65,69,700,8,0.9,204
2021-07-04T00:04:26,28.0,24.0,65,69,700,8,1.6,106
2021-07-04T00:20:02,27.9,23.9,64,68,700,8,0.5,160
2021-07-04T00:35:38,27.8,24.0,66,68,700,8,0.8,107
2021-07-04T00:51:15,27.6,23.6,66,70,700,7,0.7,169
2021-07-04T01:06:59,27.5,23.7,66,70,700,8,1.7,112
2021-07-04T01:22:34,27.5,23.4,67,72,700,7,1.1,114
2021-07-04T01:38:11,27.4,23.1,67,72,700,8,0.3,106
2021-07-04T01:53:47,27.3,22.7,68,73,700,8,1.2,121
2021-07-04T02:09:31,27.3,22.6,67,73,700,8,1.3,132
2021-07-04T02:25:07,27.2,22.3,67,74,700,8,2.3,121
2021-07-04T02:40:43,27.1,22.1,67,74,600,7,0.7,130
2021-07-04T02:56:19,26.9,22.0,66,74,700,8,1.7,105
2021-07-04T03:12:02,26.8,21.7,66,74,700,7,1.7,92
2021-07-04T03:27:38,26.8,21.6,66,74,700,7,1.0,131
2021-07-04T03:43:14,26.7,21.4,66,75,700,8,0.4,145
2021-07-04T03:58:50,26.5,21.4,66,75,600,7,1.1,110
2021-07-04T04:14:34,26.5,21.4,66,74,700,7,0.5,87
2021-07-04T04:30:10,26.4,21.3,65,74,600,7,1.4,90
2021-07-04T04:45:46,26.4,21.1,67,75,700,7,1.4,97
2021-07-04T05:01:29,26.4,21.1,67,74,700,7,0.7,158
2021-07-04T05:17:05,26.3,21.1,66,74,600,8,1.1,116
2021-07-04T05:32:46,26.3,20.9,66,75,700,8,1.4,139
2021-07-04T05:48:22,26.3,20.8,66,75,600,8,0.4,78
2021-07-04T06:04:06,26.3,20.8,66,75,600,7,0.4,244
2021-07-04T06:19:42,26.2,20.8,66,75,700,7,1.3,104
2021-07-04T06:35:18,26.2,20.8,66,75,700,8,0.2,147
2021-07-04T06:51:00,26.1,20.7,68,76,700,8,0.4,39
2021-07-04T07:06:43,26.2,20.8,68,76,800,8,0.2,0
2021-07-04T07:22:19,26.2,20.9,70,76,800,8,0.4,248
2021-07-04T07:37:55,26.2,21.4,70,77,800,10,0.7,281
2021-07-04T07:53:30,26.1,21.3,71,76,800,9,0.2,149
2021-07-04T08:09:13,26.1,20.7,70,79,700,9,0.6,200
2021-07-04T08:24:49,26.1,21.5,70,76,800,8,0.7,157
2021-07-04T08:40:26,26.1,22.0,70,74,800,9,0.7,183
2021-07-04T08:56:02,26.2,23.1,70,70,800,8,1.0,227
2021-07-04T09:11:51,26.4,24.0,69,68,800,8,0.7,198
2021-07-04T09:27:27,26.6,24.7,70,66,800,8,0.3,281
2021-07-04T09:43:03,26.7,24.8,69,64,800,9,0.2,235
2021-07-04T09:58:40,26.6,25.9,69,60,800,10,0.5,268
2021-07-04T10:14:23,26.7,26.0,68,61,800,10,0.4,134
2021-07-04T10:30:04,26.7,26.7,69,59,700,10,0.3,200
2021-07-04T10:45:40,26.7,27.0,68,60,700,9,1.1,272
2021-07-04T11:01:23,26.9,28.1,65,52,700,8,0.9,84
2021-07-04T11:16:58,27.1,28.6,69,57,700,9,0.4,282
2021-07-04T11:32:34,27.1,28.4,68,56,700,8,0.7,327
2021-07-04T11:48:10,27.2,28.9,66,54,700,8,1.1,243
2021-07-04T12:03:55,27.4,28.7,66,54,700,9,0.4,286
2021-07-04T12:19:31,27.4,30.0,65,52,700,9,0.9,245
2021-07-04T12:35:07,27.4,29.7,63,50,600,8,0.4,178
2021-07-04T12:50:49,27.8,30.3,63,51,700,8,0.7,283
2021-07-04T13:06:33,27.9,30.7,63,47,700,8,1.0,95
2021-07-04T13:22:15,27.9,31.3,62,47,700,9,0.9,88
2021-07-04T13:37:52,27.9,30.9,61,48,700,10,1.0,313
2021-07-04T13:53:28,27.9,31.4,62,45,600,9,0.5,308
2021-07-04T14:09:11,28.0,31.8,60,44,600,9,0.7,283
2021-07-04T14:24:47,28.2,31.8,59,41,600,9,0.9,288
2021-07-04T14:40:23,28.1,30.8,55,40,600,9,1.1,114
2021-07-04T14:56:00,28.1,31.2,56,39,600,9,1.7,325
2021-07-04T15:11:50,28.1,32.1,52,34,600,8,4.6,285
2021-07-04T15:27:45,28.1,31.8,51,31,600,8,0.4,201
2021-07-04T15:43:21,28.1,31.9,47,28,600,8,2.2,287
2021-07-04T15:58:58,28.1,31.6,48,25,700,8,1.9,295
2021-07-04T16:14:42,28.1,32.3,44,23,600,8,0.6,217
2021-07-04T16:30:19,28.3,32.8,44,24,600,8,1.5,96
2021-07-04T16:45:55,28.1,32.5,44,20,600,7,1.5,299
2021-07-04T17:01:39,28.3,33.1,42,18,600,8,1.2,165
2021-07-04T17:17:21,28.3,33.0,44,19,700,8,1.0,111
2021-07-04T17:32:58,28.3,32.6,43,21,600,8,0.7,266
2021-07-04T17:48:35,28.3,32.3,44,20,600,8,0.7,240
2021-07-04T18:04:18,28.3,32.2,46,22,600,8,0.7,124
2021-07-04T18:19:54,28.3,32.5,45,23,600,7,0.5,43
2021-07-04T18:35:31,28.3,31.9,47,27,600,8,1.8,74
2021-07-04T18:51:07,28.7,32.2,47,28,600,8,1.8,96
2021-07-04T19:06:51,28.7,31.7,50,28,600,8,1.3,115
2021-07-04T19:22:27,28.7,31.8,49,30,700,9,1.2,226
2021-07-04T19:38:03,28.7,31.6,50,31,700,10,0.7,259
2021-07-04T19:53:40,28.7,31.2,50,32,700,9,0.4,140
2021-07-04T20:09:24,28.8,31.1,50,32,700,10,1.0,98
2021-07-04T20:25:07,28.8,30.8,53,35,700,10,0.7,80
2021-07-04T20:40:44,28.8,30.5,53,33,700,11,0.4,51
2021-07-04T20:56:20,28.8,30.0,52,37,800,11,0.4,204
2021-07-04T21:12:03,28.8,28.8,54,40,800,11,0.9,245
2021-07-04T21:27:40,28.5,27.9,55,41,800,11,0.4,246
2021-07-04T21:43:16,28.1,27.8,52,39,700,10,0.1,44
2021-07-04T21:58:53,27.9,27.1,53,44,700,11,0.2,206
2021-07-04T22:14:37,27.8,26.1,57,48,700,9,0.7,199
2021-07-04T22:30:19,27.8,25.6,56,47,800,10,0.3,214
2021-07-04T22:45:55,27.6,25.0,57,58,700,8,2.3,230
2021-07-04T23:01:40,27.6,23.6,62,65,700,8,0.3,207
2021-07-04T23:17:16,27.6,23.3,63,67,700,8,0.4,262
2021-07-04T23:32:51,27.5,23.4,63,68,700,8,0.7,109
2021-07-04T23:48:27,27.3,22.7,65,72,700,8,1.6,95
2021-07-05T00:04:11,27.2,22.6,65,72,700,8,1.2,195
2021-07-05T00:19:47,27.2,21.9,65,74,700,8,0.5,28
2021-07-05T00:35:23,27.1,21.7,66,75,700,9,1.0,139
2021-07-05T00:50:58,26.9,21.6,67,75,700,8,0.5,78
2021-07-05T01:06:42,26.8,21.4,67,76,700,8,1.6,98
2021-07-05T01:22:18,26.8,21.1,67,77,700,8,0.3,232
2021-07-05T01:37:54,26.5,21.0,67,77,700,8,0.8,57
2021-07-05T01:53:29,26.4,20.8,67,77,700,8,0.7,110
2021-07-05T02:09:12,26.4,20.8,66,77,700,8,0.5,111
2021-07-05T02:24:48,26.3,20.7,66,77,700,8,0.3,61
2021-07-05T02:40:25,26.2,20.5,68,77,700,8,0.7,142
2021-07-05T02:56:00,26.2,20.5,66,77,700,8,1.5,114
2021-07-05T03:11:43,26.1,20.5,65,77,700,8,0.9,101
2021-07-05T03:27:19,26.0,20.5,66,77,600,8,0.3,90
2021-07-05T03:42:55,25.9,20.4,66,77,700,8,0.8,120
2021-07-05T03:58:31,25.9,20.4,65,77,600,8,1.4,104
2021-07-05T04:14:14,25.9,20.1,67,78,700,8,0.9,110
2021-07-05T04:29:50,25.9,19.9,66,79,700,8,0.7,78
2021-07-05T04:45:26,25.9,19.8,66,79,700,8,0.8,103
2021-07-05T05:01:10,25.7,19.6,66,80,700,8,0.7,106
2021-07-05T05:16:46,25.6,19.5,67,80,700,8,1.8,131
2021-07-05T05:32:21,25.6,19.3,67,80,700,8,0.7,105
2021-07-05T05:47:57,25.6,19.2,68,80,700,8,0.2,285
2021-07-05T06:03:40,25.5,19.1,68,80,700,8,0.8,113
2021-07-05T06:19:16,25.4,19.1,67,80,700,8,0.4,177
2021-07-05T06:34:53,25.3,18.9,68,80,700,8,0.2,283
2021-07-05T06:50:29,25.3,19.0,68,80,700,8,0.1,0
2021-07-05T07:06:11,25.3,19.0,69,80,800,8,0.3,283
2021-07-05T07:21:47,25.3,19.3,70,80,800,9,0.4,35
2021-07-05T07:37:22,25.2,19.3,70,79,800,9,0.4,46
2021-07-05T07:52:58,25.2,19.7,70,78,800,8,1.4,119
2021-07-05T08:01:02,25.2,19.8,70,77,800,9,0.7,97
2021-07-05T08:16:39,25.4,20.4,71,76,800,9,0.4,204
2021-07-05T08:32:16,24.7,21.7,67,72,600,6,0.3,153
2021-07-05T08:47:50,24.7,22.3,67,70,600,5,0.8,257
2021-07-05T09:03:34,24.8,23.2,65,67,600,5,0.6,163
2021-07-05T09:19:10,25.1,23.8,66,67,600,5,0.8,270
2021-07-05T09:34:51,25.2,24.7,66,65,600,6,0.3,116
2021-07-05T09:50:26,25.3,25.1,65,63,600,5,0.9,230
2021-07-05T10:06:08,25.5,25.8,66,62,600,5,0.8,103
2021-07-05T10:21:44,25.8,26.3,64,61,600,5,0.3,159
2021-07-05T10:37:20,26.1,27.0,65,60,600,4,0.3,235
2021-07-05T10:52:55,26.2,28.0,64,58,600,5,0.4,251
2021-07-05T11:08:44,26.7,28.0,66,58,600,5,0.7,220
2021-07-05T11:24:20,27.1,28.6,63,56,600,5,0.9,202
2021-07-05T11:39:55,27.1,29.4,62,55,500,4,1.1,229
2021-07-05T11:55:33,27.2,29.6,62,55,600,4,0.0,13
2021-07-05T12:11:17,27.6,29.5,60,55,500,4,0.4,243
2021-07-05T12:26:59,27.9,30.5,59,52,500,4,0.3,233
2021-07-05T12:42:35,28.0,30.6,59,50,500,4,0.3,119
2021-07-05T12:58:17,28.2,31.1,58,49,600,3,0.6,140
2021-07-05T13:14:06,28.5,31.1,60,48,500,4,0.2,185
2021-07-05T13:29:49,28.7,31.8,63,45,700,8,0.4,116
2021-07-05T13:45:27,28.7,32.5,63,44,800,8,0.2,235
2021-07-05T14:01:14,28.7,33.8,63,43,800,8,0.3,290
2021-07-05T14:16:50,28.7,33.4,62,42,800,9,0.2,153
2021-07-05T14:32:27,28.7,33.4,60,43,800,10,0.9,238
2021-07-05T14:48:04,28.8,33.7,61,42,700,9,0.2,232
2021-07-05T15:03:53,29.0,33.6,63,44,800,11,1.0,276
2021-07-05T15:19:29,29.3,33.9,61,42,800,10,0.3,116
2021-07-05T15:35:06,29.4,34.7,61,41,700,10,0.2,220
2021-07-05T15:50:42,29.4,34.3,60,39,800,9,0.1,225
2021-07-05T16:06:25,29.5,34.5,60,38,800,9,0.4,121
2021-07-05T16:22:01,29.5,34.9,57,36,700,8,1.4,236
2021-07-05T16:37:38,29.7,35.7,57,34,700,9,0.5,163
2021-07-05T16:53:20,29.8,36.0,59,35,800,10,0.4,203
2021-07-05T17:09:04,30.0,36.5,57,33,700,9,0.9,126
2021-07-05T17:24:41,30.0,36.7,57,32,800,9,0.4,225
2021-07-05T17:40:16,30.1,36.7,55,30,800,9,0.4,189
2021-07-05T17:55:53,30.1,37.1,56,30,800,12,1.1,211
2021-07-05T18:11:37,30.1,36.5,57,31,800,10,0.6,216
2021-07-05T18:27:13,30.2,36.6,57,31,800,12,0.2,164
2021-07-05T18:42:50,30.2,36.4,55,31,700,10,0.1,178
2021-07-05T18:58:26,30.4,36.3,57,33,700,10,0.7,315
2021-07-05T19:14:10,30.5,35.5,59,36,800,11,0.3,278
2021-07-05T19:29:46,30.7,34.7,60,40,800,11,0.4,57
2021-07-05T19:45:22,30.8,34.5,61,41,800,12,0.8,328
2021-07-05T20:01:06,30.7,32.9,61,45,800,12,1.2,202
2021-07-05T20:16:42,30.4,32.9,62,46,800,12,0.2,268
2021-07-05T20:32:19,30.4,31.5,64,53,800,12,0.8,268
2021-07-05T20:47:55,30.2,30.7,64,55,800,12,1.0,259
2021-07-05T21:03:39,30.0,29.7,65,56,800,12,0.4,242
2021-07-05T21:19:21,29.7,29.3,66,59,800,10,0.9,233
2021-07-05T21:34:57,29.6,27.9,66,62,800,10,0.4,281
2021-07-05T21:50:39,29.4,27.5,67,63,800,10,1.4,115
2021-07-05T22:06:22,29.2,26.5,67,65,800,10,0.8,131
2021-07-05T22:21:58,28.9,25.9,67,66,800,9,1.4,117
2021-07-05T22:37:35,28.8,25.5,66,67,700,9,1.0,107
2021-07-05T22:53:17,28.5,25.0,65,68,700,8,0.5,154
2021-07-05T23:09:00,28.2,24.5,67,69,800,9,0.4,154
2021-07-05T23:24:37,28.1,24.1,67,69,800,8,0.4,44
2021-07-05T23:40:12,28.1,23.9,67,70,800,9,1.3,84
2021-07-05T23:55:49,28.1,23.5,67,71,800,9,0.3,178
2021-07-06T00:11:33,28.0,23.4,67,71,800,9,2.2,123
2021-07-06T00:27:09,27.9,23.2,66,71,700,9,1.5,99
2021-07-06T00:42:45,27.9,23.3,65,71,700,8,0.8,154
2021-07-06T00:58:26,27.6,23.2,65,70,800,8,0.6,102
2021-07-06T01:14:10,27.6,22.8,64,70,700,9,0.5,102
2021-07-06T01:29:46,27.3,22.7,65,70,700,8,1.1,114
2021-07-06T01:45:22,27.3,22.5,65,71,700,8,0.1,202
2021-07-06T02:01:06,27.3,22.4,66,72,700,8,0.8,105
2021-07-06T02:16:41,27.3,22.2,67,73,700,8,0.5,103
2021-07-06T02:32:17,27.3,22.0,67,74,700,8,0.1,101
2021-07-06T02:47:53,27.3,21.8,68,75,700,8,0.4,152
2021-07-06T03:03:37,27.2,21.6,67,76,700,8,0.5,97
2021-07-06T03:19:12,27.1,21.5,67,77,700,8,1.1,135
2021-07-06T03:34:48,27.1,21.3,67,77,700,8,0.8,108
2021-07-06T03:50:24,27.1,21.2,67,78,700,8,0.7,166
2021-07-06T04:06:06,26.9,21.1,68,78,700,8,0.6,271
2021-07-06T04:21:42,26.8,21.2,68,78,700,8,0.7,242
2021-07-06T04:37:17,26.6,21.1,69,78,700,9,0.7,158
2021-07-06T04:52:53,26.7,21.0,69,78,800,9,1.1,138
2021-07-06T05:08:37,26.5,20.9,68,79,700,9,0.9,285
2021-07-06T05:24:12,26.5,20.8,69,79,700,9,1.3,142
2021-07-06T05:39:48,26.5,20.8,69,79,700,8,0.9,104
2021-07-06T05:55:24,26.5,20.7,68,80,700,8,0.1,202
2021-07-06T06:11:07,26.5,20.7,69,80,700,8,0.3,199
2021-07-06T06:26:42,26.4,20.5,69,81,700,8,0.3,270
2021-07-06T06:42:18,26.4,20.5,69,81,800,9,0.3,71
2021-07-06T06:57:53,26.3,20.6,70,81,800,10,0.7,312
2021-07-06T07:13:43,26.2,20.4,72,82,900,10,0.0,0
2021-07-06T07:29:19,26.2,20.9,72,79,800,10,0.3,214
2021-07-06T07:45:01,26.2,20.8,71,81,900,10,0.3,246
2021-07-06T08:00:43,26.3,21.4,73,78,900,11,0.2,142
2021-07-06T08:16:33,25.8,22.0,69,77,700,7,0.3,236
2021-07-06T08:32:07,25.6,23.4,69,73,600,5,0.7,118
2021-07-06T08:47:46,25.6,23.8,69,72,600,5,0.6,195
2021-07-06T09:03:29,25.7,24.7,69,69,500,5,0.4,65
2021-07-06T09:19:04,25.8,24.9,68,69,600,5,0.3,268
2021-07-06T09:34:41,26.1,25.4,68,67,600,4,0.9,228
2021-07-06T09:50:16,26.2,26.1,68,67,600,5,0.7,290
2021-07-06T10:05:59,26.3,26.3,68,66,600,5,0.3,242
2021-07-06T10:21:40,26.3,26.7,68,66,600,5,0.5,239
2021-07-06T10:37:14,27.2,26.6,73,65,1000,8,0.5,218
2021-07-06T10:52:52,27.8,27.6,72,64,1000,9,0.4,237
2021-07-06T11:08:36,27.6,27.3,72,64,900,11,0.2,291
2021-07-06T11:24:14,27.8,28.2,73,62,800,12,0.5,239
2021-07-06T11:39:58,27.6,28.5,71,60,800,11,0.4,281
2021-07-06T11:55:38,27.4,28.9,70,61,700,10,0.3,217
2021-07-06T12:11:25,27.4,29.5,70,59,600,10,0.8,185
2021-07-06T12:27:04,27.4,30.3,70,58,600,8,0.8,325
2021-07-06T12:42:52,27.9,30.7,69,56,600,8,1.8,328
2021-07-06T12:58:37,27.9,31.5,66,53,600,9,0.2,190
2021-07-06T13:14:23,27.9,32.3,59,37,600,9,1.7,292
2021-07-06T13:30:03,27.9,32.2,60,40,600,8,1.2,282
2021-07-06T13:45:52,27.9,32.8,59,40,600,8,1.0,275
2021-07-06T14:01:47,28.1,33.5,59,39,600,7,0.8,273
2021-07-06T14:17:37,28.1,32.6,59,39,600,7,2.0,18
2021-07-06T14:33:23,28.1,33.0,58,41,600,8,2.3,118
2021-07-06T14:49:07,28.1,33.0,55,34,600,7,1.2,226
2021-07-06T15:05:02,28.1,33.0,55,34,500,7,1.0,182
2021-07-06T15:20:46,28.0,32.2,55,36,500,6,3.0,123
2021-07-06T15:36:31,27.8,30.9,56,39,500,6,0.8,282
2021-07-06T15:52:22,27.6,30.0,56,41,500,6,1.5,90
2021-07-06T16:08:22,27.5,28.8,56,44,500,6,2.4,103
2021-07-06T16:24:13,27.3,28.2,55,43,500,6,1.3,344
2021-07-06T16:39:58,27.3,28.4,55,43,500,6,0.8,166
2021-07-06T16:55:43,27.3,28.3,55,44,600,7,1.0,152
2021-07-06T17:11:39,27.3,28.8,55,43,500,8,1.1,45
2021-07-06T17:27:24,27.3,28.9,54,40,500,7,1.4,81
2021-07-06T17:43:08,27.3,29.1,55,42,500,7,0.6,268
2021-07-06T17:58:53,27.3,27.7,55,44,500,7,1.2,154
2021-07-06T18:14:47,26.6,27.3,53,41,500,6,1.9,118
2021-07-06T18:30:32,26.5,27.2,53,39,600,6,2.1,119
2021-07-06T18:46:16,26.5,27.0,53,39,500,6,0.1,176
2021-07-06T19:02:11,26.3,26.2,54,41,500,6,1.2,288
2021-07-06T19:17:56,26.2,25.9,54,41,600,6,0.6,199
2021-07-06T19:33:47,26.0,24.7,57,44,600,7,1.1,74
2021-07-06T19:49:32,25.9,24.2,57,48,600,7,5.1,85
2021-07-06T20:05:27,25.7,23.6,57,49,600,7,3.1,81
2021-07-06T20:21:12,25.6,23.0,57,53,600,7,1.1,124
2021-07-06T20:36:57,25.4,22.5,58,54,600,8,3.5,107
2021-07-06T20:52:42,25.2,21.8,59,58,600,8,0.7,78
2021-07-06T21:08:37,25.0,21.4,60,59,600,8,2.7,117
2021-07-06T21:24:22,25.0,20.8,60,63,500,8,1.5,107
2021-07-06T21:40:08,24.6,20.7,61,63,500,7,1.0,106
2021-07-06T21:55:54,24.3,20.0,62,67,500,7,0.0,11
2021-07-06T22:11:49,24.1,19.3,63,71,500,7,0.9,90
2021-07-06T22:27:41,24.0,18.7,64,73,500,7,0.8,109
2021-07-06T22:43:27,24.0,18.6,65,74,500,7,0.2,95
2021-07-06T22:59:13,24.0,18.8,65,74,500,7,0.1,0
2021-07-06T23:15:08,24.0,18.3,67,77,600,7,0.2,186
2021-07-06T23:30:54,24.1,18.3,68,79,600,7,0.3,268
2021-07-06T23:46:39,24.0,18.0,68,81,500,7,0.4,249
2021-07-07T00:02:35,23.8,18.0,68,82,500,6,0.8,268
2021-07-07T00:18:20,24.0,18.1,68,79,600,7,0.5,215
2021-07-07T00:34:06,23.8,17.9,69,82,600,7,0.7,181
2021-07-07T00:49:52,23.7,17.7,70,83,600,7,0.3,225
2021-07-07T01:05:47,23.8,18.1,69,83,600,6,0.5,16
2021-07-07T01:21:33,23.9,17.8,68,82,600,7,0.4,226
2021-07-07T01:37:18,23.9,17.7,68,83,600,7,0.2,157
2021-07-07T01:53:05,23.6,17.6,69,84,600,7,0.7,279
2021-07-07T02:09:00,23.9,17.8,68,83,600,7,0.5,310
2021-07-07T02:24:46,23.8,17.6,68,83,600,7,0.5,132
2021-07-07T02:40:31,23.8,17.7,69,85,600,7,0.6,337
2021-07-07T02:56:16,23.8,17.5,69,84,600,6,1.0,51
2021-07-07T04:31:51,23.7,17.5,69,86,600,7,0.2,324
2021-07-07T04:38:35,23.3,17.1,68,86,600,5,0.5,342
2021-07-07T04:54:22,22.9,17.0,69,87,500,3,0.2,0
2021-07-07T05:10:16,22.8,17.1,69,86,500,3,0.4,333
2021-07-07T05:25:59,23.1,16.7,68,88,700,4,0.2,283
2021-07-07T05:41:42,22.6,16.8,70,87,600,3,0.1,4
2021-07-07T05:57:31,22.5,16.7,71,88,500,3,0.3,90
2021-07-07T06:13:24,22.3,16.6,71,87,500,5,0.8,35
2021-07-07T06:29:04,22.3,16.5,70,87,600,8,0.4,332
2021-07-07T06:44:41,22.2,16.3,69,88,500,5,0.2,95
2021-07-07T07:00:24,22.6,15.8,68,88,600,7,0.1,90
2021-07-07T07:16:11,22.6,15.9,69,88,600,7,0.6,312
2021-07-07T07:31:49,22.7,15.6,69,89,600,7,0.8,32
2021-07-07T07:47:26,22.7,15.7,69,90,600,7,0.7,242
2021-07-07T08:03:13,22.6,16.3,69,89,600,7,0.2,315
2021-07-07T08:18:53,22.7,16.8,71,88,600,7,0.1,263
2021-07-07T08:34:40,22.7,18.2,70,82,500,7,0.9,15
2021-07-07T08:50:33,22.9,19.0,69,81,500,7,0.2,37
2021-07-07T09:06:27,22.9,20.4,68,72,500,7,0.9,317
2021-07-07T09:22:11,22.9,21.3,67,69,500,6,0.4,267
2021-07-07T09:37:56,22.5,21.7,65,68,400,5,0.4,326
2021-07-07T09:53:39,22.6,22.3,67,66,500,4,0.2,311
2021-07-07T10:09:33,23.1,22.3,66,64,500,5,0.3,245
2021-07-07T10:25:16,23.6,23.0,64,61,500,6,0.9,278
2021-07-07T10:41:05,24.0,23.0,63,60,600,7,0.4,317
2021-07-07T10:56:48,23.8,23.8,68,60,500,7,0.7,342
2021-07-07T11:12:40,23.8,24.3,67,59,500,7,0.9,187
2021-07-07T11:28:23,23.9,24.7,67,56,500,7,1.2,252
2021-07-07T11:44:05,24.0,25.3,65,54,500,7,0.2,237
2021-07-07T11:59:48,23.9,25.8,65,52,500,7,1.5,298
2021-07-07T12:15:40,23.9,26.5,65,50,400,7,1.1,321
2021-07-07T12:31:23,23.9,26.4,65,50,400,7,0.5,220
2021-07-07T12:47:06,23.9,26.7,64,46,400,7,0.3,1
2021-07-07T13:02:58,23.9,26.8,63,49,400,7,0.6,285
2021-07-07T13:18:40,24.0,27.8,61,45,400,7,0.9,247
2021-07-07T13:34:23,24.0,28.1,62,42,500,7,0.3,69
2021-07-07T13:50:12,24.1,27.9,62,43,500,7,0.9,223
2021-07-07T14:06:04,24.2,27.8,61,42,400,7,1.4,262
2021-07-07T14:21:46,24.3,28.0,61,41,500,7,1.6,279
2021-07-07T14:37:29,24.4,28.3,61,42,500,7,0.7,260
2021-07-07T14:53:18,24.8,29.4,59,40,400,7,1.8,312
2021-07-07T15:09:10,25.1,29.0,58,39,400,7,0.7,259
2021-07-07T15:24:52,25.3,29.2,57,39,500,7,0.6,211
2021-07-07T15:40:35,25.3,29.6,56,38,400,7,1.3,302
2021-07-07T15:56:17,25.3,30.2,56,36,400,8,0.4,242
2021-07-07T16:12:08,25.4,30.4,54,35,400,7,0.6,231
2021-07-07T16:27:51,25.5,30.4,53,32,400,7,2.3,279
2021-07-07T16:43:39,25.5,30.6,52,34,400,7,0.4,117
2021-07-07T16:59:22,25.7,29.9,53,32,500,7,2.3,311
2021-07-07T17:15:14,25.6,29.5,53,34,400,7,0.1,178
2021-07-07T17:30:55,25.6,29.9,52,34,400,7,0.6,176
2021-07-07T17:46:38,25.6,30.0,52,32,400,7,2.8,104
2021-07-07T18:02:29,25.7,30.1,49,32,400,7,1.1,303
2021-07-07T18:18:11,25.7,29.8,49,27,400,7,1.6,263
2021-07-07T18:33:53,25.7,30.1,47,26,500,7,0.4,296
2021-07-07T18:49:35,25.7,29.8,47,25,400,7,1.8,284
2021-07-07T19:05:27,25.8,29.2,47,26,500,8,1.2,265
2021-07-07T19:21:10,25.8,29.1,46,27,500,8,1.4,283
2021-07-07T19:36:51,25.8,28.7,48,31,500,8,1.0,256
2021-07-07T19:52:33,25.8,28.4,48,31,500,8,0.9,254
2021-07-07T20:08:25,25.8,28.4,47,32,400,8,0.4,271
2021-07-07T20:24:07,25.7,27.8,48,32,500,7,1.6,278
2021-07-07T20:39:49,25.6,27.5,48,32,500,6,0.9,339
2021-07-07T20:55:30,25.5,26.4,48,34,500,6,1.2,151
2021-07-07T21:11:23,25.2,25.2,50,38,400,6,0.9,267
2021-07-07T21:27:05,25.0,24.9,51,39,500,6,2.0,91
2021-07-07T21:42:48,24.7,24.1,53,43,400,6,0.1,24
2021-07-07T21:58:29,24.4,23.6,54,44,400,5,0.7,28
2021-07-07T22:14:20,24.0,23.3,55,44,500,6,1.8,295
2021-07-07T22:30:02,23.8,23.1,55,45,400,6,2.1,295
2021-07-07T22:45:44,23.8,22.7,55,46,500,6,0.2,207
2021-07-07T23:01:36,23.8,22.7,55,47,500,6,2.1,329
2021-07-07T23:17:18,23.7,22.2,55,46,500,6,0.5,233
2021-07-07T23:33:00,23.7,21.6,55,49,500,6,1.4,70
2021-07-07T23:48:41,23.7,21.4,55,50,500,6,0.3,232
2021-07-08T00:04:34,23.7,21.2,55,50,500,6,1.1,101
2021-07-08T00:20:16,23.6,20.9,55,52,500,7,0.9,157
2021-07-08T00:35:58,23.5,20.8,55,50,500,6,1.2,85
2021-07-08T00:51:41,23.3,20.8,54,50,500,7,0.7,39
2021-07-08T01:07:33,23.1,20.5,54,51,500,7,1.4,138
2021-07-08T01:23:16,22.9,20.3,53,52,400,6,0.2,51
2021-07-08T01:38:58,22.9,19.7,53,53,400,6,0.9,318
2021-07-08T01:54:40,22.9,19.3,52,55,400,5,0.3,301
2021-07-08T02:10:32,23.0,19.0,50,55,400,5,1.1,218
2021-07-08T02:26:15,23.0,18.6,49,58,400,6,0.9,79
2021-07-08T02:41:58,23.0,18.4,49,58,400,6,1.4,293
2021-07-08T02:57:40,23.1,18.0,49,59,400,5,0.6,285
2021-07-08T03:13:31,23.1,17.7,49,60,400,5,0.3,278
2021-07-08T03:29:14,23.0,17.6,49,60,400,5,0.7,265
2021-07-08T03:44:57,22.9,17.6,49,60,500,6,1.2,301
2021-07-08T04:00:49,22.8,17.3,49,60,500,5,1.8,310
2021-07-08T04:16:32,22.7,16.9,49,61,500,5,2.0,267
2021-07-08T04:32:15,22.6,16.6,49,60,500,5,2.8,302
2021-07-08T04:47:58,22.7,16.5,48,60,500,5,1.1,262
2021-07-08T05:03:49,22.6,16.5,47,60,500,5,1.1,262
2021-07-08T05:19:31,22.7,16.3,48,61,500,5,1.0,280
2021-07-08T05:35:14,22.7,16.2,48,61,600,5,0.8,225
2021-07-08T05:50:57,22.7,15.9,49,63,500,5,0.5,243
2021-07-08T06:06:48,22.7,15.7,49,63,500,5,0.5,74
2021-07-08T06:22:31,22.7,15.6,49,64,500,5,1.9,262
2021-07-08T06:38:14,22.6,15.4,50,65,600,5,1.8,260
2021-07-08T06:53:56,22.5,15.3,52,66,600,5,3.1,269
2021-07-08T07:09:49,22.6,15.5,52,66,600,5,0.6,241
2021-07-08T07:25:32,22.7,15.6,52,67,600,5,2.5,281
2021-07-08T07:41:14,22.6,15.8,53,68,600,5,0.9,301
2021-07-08T07:56:56,22.7,15.9,52,68,600,5,1.1,252
2021-07-08T08:12:49,22.7,16.4,53,67,600,5,1.3,307
2021-07-08T08:28:36,22.7,16.7,55,67,600,6,0.2,59
2021-07-08T08:44:20,22.7,17.3,54,64,600,6,2.0,285
2021-07-08T09:00:04,22.7,17.6,53,63,500,6,1.9,221
2021-07-08T09:15:56,22.7,17.9,53,63,600,7,2.4,10
2021-07-08T09:31:40,23.0,18.6,54,61,600,7,0.7,63
2021-07-08T09:47:34,22.9,19.0,54,60,600,8,0.8,213
2021-07-08T10:03:16,22.9,19.7,53,58,600,7,1.0,285
2021-07-08T10:18:51,23.0,19.9,53,58,500,7,0.4,199
2021-07-08T10:34:26,23.0,20.4,52,55,500,6,1.0,272
2021-07-08T10:50:02,23.1,20.6,52,55,500,7,2.9,329
2021-07-08T11:05:41,23.3,21.6,51,52,500,7,1.5,267
2021-07-08T11:21:14,23.9,21.8,50,51,600,10,0.8,313
2021-07-08T11:36:52,23.9,22.6,50,50,600,7,3.2,315
2021-07-08T11:52:24,23.9,23.0,50,48,500,8,0.2,210
2021-07-08T12:08:03,23.8,23.1,56,49,500,8,0.3,266
2021-07-08T12:23:41,23.7,23.9,58,46,600,8,1.6,183
2021-07-08T12:39:14,23.4,24.2,57,44,500,8,0.9,317
2021-07-08T12:54:46,23.3,24.5,56,42,500,7,0.2,166
2021-07-08T13:10:25,23.3,24.6,55,42,500,7,1.3,349
2021-07-08T13:26:02,23.3,25.2,55,40,500,6,1.6,286
2021-07-08T13:41:35,23.3,25.3,56,41,500,7,0.9,249
2021-07-08T13:57:07,23.5,25.7,56,39,500,7,0.4,205
2021-07-08T14:12:46,23.5,26.1,55,36,500,7,1.3,263
2021-07-08T14:28:19,23.6,26.2,55,35,500,7,3.3,135
2021-07-08T14:43:52,23.9,27.6,56,34,500,7,0.5,207
2021-07-08T14:59:24,23.9,27.2,55,34,500,7,1.8,307
2021-07-08T15:15:03,24.0,28.3,55,32,500,7,1.6,173
2021-07-08T15:30:35,24.0,27.9,54,31,500,7,0.6,194
2021-07-08T15:46:07,24.1,28.4,54,30,500,7,0.7,17
2021-07-08T16:01:46,24.1,28.1,55,31,500,7,0.6,341
2021-07-08T16:17:18,24.1,28.8,54,30,500,7,1.9,58
2021-07-08T16:32:50,24.2,28.8,54,30,500,7,1.5,216
2021-07-08T16:48:23,24.2,29.3,53,28,500,6,0.9,137
2021-07-08T17:04:01,24.2,29.4,54,27,500,7,3.0,282
2021-07-08T17:19:33,24.2,29.5,53,27,500,7,0.9,2
2021-07-08T17:35:05,24.3,29.5,53,27,500,6,1.2,288
2021-07-08T17:50:49,24.8,29.2,51,29,500,7,0.7,104
2021-07-08T18:06:27,25.0,29.3,52,29,500,6,1.2,97
2021-07-08T18:21:59,25.1,28.8,51,29,500,6,1.1,287
2021-07-08T18:37:31,25.1,28.2,49,29,500,6,0.5,194
2021-07-08T18:53:03,25.1,28.1,51,29,500,6,1.7,166
2021-07-08T19:08:42,25.1,28.6,51,29,500,7,0.6,304
2021-07-08T19:24:14,25.1,28.4,52,29,500,7,1.6,278
2021-07-08T19:39:46,25.1,27.9,48,30,500,8,0.2,245
2021-07-08T19:55:17,25.1,27.6,51,28,500,8,1.1,280
2021-07-08T20:10:56,25.2,27.3,49,30,500,8,0.4,284
2021-07-08T20:26:28,25.1,27.1,48,30,500,8,1.1,276
2021-07-08T20:42:06,25.0,26.4,50,33,500,7,0.7,259
2021-07-08T20:57:44,25.0,25.9,49,35,500,6,0.3,272
2021-07-08T21:13:28,25.0,24.6,50,39,500,6,0.4,224
2021-07-08T21:29:00,24.1,23.4,53,42,500,5,0.2,5
2021-07-08T21:44:31,23.8,22.7,54,44,500,6,0.1,268
2021-07-08T22:00:03,23.7,21.9,54,47,500,6,0.7,70
2021-07-08T22:15:42,23.6,21.8,54,46,500,6,0.2,334
2021-07-08T22:31:14,23.4,21.1,55,49,500,6,0.4,331
2021-07-08T22:46:53,23.3,20.9,55,50,600,7,0.3,328
2021-07-08T23:02:31,23.2,20.7,55,48,600,7,0.5,18
2021-07-08T23:18:04,23.2,20.8,54,49,600,6,0.5,76
2021-07-08T23:33:36,23.2,19.8,53,51,600,6,0.6,36
2021-07-08T23:49:14,23.1,19.9,55,51,600,7,0.5,43
2021-07-09T00:04:53,23.0,19.3,55,54,600,6,1.2,102
2021-07-09T00:20:25,22.9,18.4,54,59,500,6,0.3,291
2021-07-09T00:35:58,22.9,18.5,54,60,500,6,0.8,110
2021-07-09T00:51:31,22.9,18.4,56,64,500,6,0.4,105
2021-07-09T01:07:15,22.8,18.3,57,66,500,5,0.0,1
2021-07-09T01:22:48,22.8,17.1,57,70,500,5,0.4,268
2021-07-09T01:38:21,22.8,16.9,57,71,500,5,0.6,10
2021-07-09T01:53:54,22.8,16.1,57,73,600,6,0.5,51
2021-07-09T02:09:33,22.8,15.8,58,75,600,6,0.5,106
2021-07-09T02:25:06,22.8,15.4,59,78,600,6,0.5,49
2021-07-09T02:40:44,22.8,16.7,59,77,500,5,0.3,199
2021-07-09T02:56:23,22.7,15.1,59,78,600,7,0.2,0
2021-07-09T03:12:02,22.7,15.1,59,79,600,6,0.4,330
2021-07-09T03:27:35,22.7,15.1,60,81,600,6,0.1,64
2021-07-09T03:43:08,22.7,15.4,60,80,600,6,0.3,330
2021-07-09T03:58:41,22.7,15.0,60,82,600,7,0.5,116
2021-07-09T04:14:19,22.7,15.0,61,83,600,7,0.4,335
2021-07-09T04:29:52,22.7,14.8,61,84,600,7,0.3,338
2021-07-09T04:45:25,22.7,14.6,61,85,600,8,0.3,312
2021-07-09T05:01:11,22.6,14.4,61,86,700,8,0.4,39
2021-07-09T05:16:44,22.6,14.2,61,85,800,8,0.2,267
2021-07-09T05:32:16,22.6,14.3,62,87,700,9,0.3,332
2021-07-09T05:47:54,22.6,14.1,62,87,700,9,0.7,1
2021-07-09T06:03:34,22.6,14.1,61,87,700,8,0.3,47
2021-07-09T06:19:06,22.6,13.5,61,87,800,9,0.4,6
2021-07-09T06:34:39,22.6,13.4,62,87,900,12,0.2,321
2021-07-09T06:50:11,22.6,13.2,62,88,900,12,0.5,229
2021-07-09T07:05:51,22.5,13.3,63,88,900,12,0.3,318
2021-07-09T07:21:24,22.6,13.3,63,89,900,11,0.2,315
2021-07-09T07:36:56,22.5,13.5,63,88,900,12,0.4,308
2021-07-09T07:52:29,22.6,13.8,63,87,900,11,0.5,341
2021-07-09T08:08:10,22.7,14.8,64,88,800,9,0.5,337
2021-07-09T08:23:45,22.7,16.0,66,86,800,6,0.2,327
2021-07-09T08:39:20,22.7,17.9,64,78,700,7,0.4,50
2021-07-09T08:54:56,22.7,18.7,63,74,700,7,0.3,150
2021-07-09T09:10:38,22.9,19.1,60,70,600,7,0.5,282
2021-07-09T09:26:12,22.5,19.7,57,67,500,4,1.5,274
2021-07-09T09:41:43,22.3,20.5,59,64,600,5,1.3,269
2021-07-09T09:57:13,22.6,21.3,59,61,500,4,0.5,222
2021-07-09T10:12:57,22.7,21.9,58,60,500,4,0.2,131
2021-07-09T10:28:30,22.9,22.7,57,57,500,4,0.9,308
2021-07-09T10:44:01,23.3,23.2,56,53,500,4,0.6,89
2021-07-09T10:59:31,23.5,24.0,52,50,500,4,0.7,282
2021-07-09T11:15:09,23.6,24.5,51,49,400,4,0.3,258
2021-07-09T11:30:42,23.6,24.7,50,47,400,4,1.5,272
2021-07-09T11:46:11,23.9,25.2,52,44,400,4,0.6,200
2021-07-09T12:01:47,24.1,25.9,48,42,400,4,1.8,253
2021-07-09T12:17:17,24.1,26.2,50,41,400,3,1.2,253
2021-07-09T12:32:47,24.3,27.1,49,39,400,3,1.4,287
2021-07-09T12:48:16,24.5,26.8,48,39,400,3,1.6,305
2021-07-09T13:03:51,25.1,27.8,47,39,400,2,0.5,268
2021-07-09T13:19:18,25.2,27.8,52,38,400,3,1.2,239
2021-07-09T13:34:51,25.2,29.1,53,37,500,6,1.8,107
2021-07-09T13:50:20,25.0,28.9,54,36,500,6,1.7,250
2021-07-09T14:05:58,25.1,29.1,55,36,500,6,1.9,269
2021-07-09T14:21:27,25.1,29.2,56,36,500,6,1.8,242
2021-07-09T14:36:57,25.2,29.5,54,36,500,6,1.1,266
2021-07-09T14:52:27,25.3,29.9,56,35,500,7,0.2,124
2021-07-09T15:08:03,25.4,30.2,56,35,500,7,0.7,282
2021-07-09T15:23:33,25.5,30.4,56,34,500,7,1.7,250
2021-07-09T15:39:02,25.7,29.9,55,35,500,6,1.2,274
2021-07-09T15:54:32,25.8,30.6,56,35,500,8,1.1,225
2021-07-09T16:10:10,26.1,31.0,57,36,500,8,0.3,229
2021-07-09T16:25:40,26.2,30.6,56,35,500,7,2.5,259
2021-07-09T16:41:10,26.2,30.5,56,37,500,6,2.8,243
2021-07-09T16:56:40,26.3,31.4,57,35,500,6,1.0,297
2021-07-09T17:12:16,26.6,31.0,56,35,500,6,1.4,251
2021-07-09T17:27:46,26.7,31.6,55,34,600,6,0.3,303
2021-07-09T17:43:16,26.7,31.5,54,34,500,7,0.7,276
2021-07-09T17:58:46,26.7,31.9,54,34,500,7,0.8,259
2021-07-09T18:14:24,26.7,31.8,53,31,500,8,0.9,123
2021-07-09T18:29:53,26.9,31.7,54,33,500,9,0.4,303
2021-07-09T18:45:29,27.0,31.6,54,32,500,7,0.6,229
2021-07-09T19:01:05,27.1,31.4,53,32,500,6,1.1,163
2021-07-09T19:16:35,27.1,31.1,53,33,500,8,1.5,256
2021-07-09T19:32:05,27.1,31.0,54,35,500,7,1.3,251
2021-07-09T19:47:35,27.1,30.6,52,33,500,8,1.0,277
2021-07-09T20:03:11,27.1,30.5,54,33,500,8,0.7,279
2021-07-09T20:18:41,27.2,29.5,60,47,500,7,2.1,271
2021-07-09T20:34:11,27.2,29.0,60,50,500,7,1.2,247
2021-07-09T20:49:41,27.3,28.5,60,51,500,7,1.3,248
2021-07-09T21:05:19,27.2,27.5,61,53,500,7,1.1,206
2021-07-09T21:20:49,26.9,27.1,62,55,500,8,1.6,272
2021-07-09T21:36:18,26.8,26.2,62,57,500,8,1.6,255
2021-07-09T21:51:48,26.5,25.8,63,59,500,8,1.1,235
2021-07-09T22:07:30,26.4,25.2,64,61,500,8,0.7,260
2021-07-09T22:23:06,26.3,25.1,63,61,500,8,0.8,195
2021-07-09T22:38:36,26.2,24.5,63,62,500,8,1.1,230
2021-07-09T22:54:06,26.1,24.4,64,64,500,8,1.7,106
2021-07-09T23:09:43,26.0,23.5,65,67,500,8,0.4,121
2021-07-09T23:25:19,26.0,23.1,65,68,500,8,0.2,139
2021-07-09T23:40:50,25.7,22.8,65,69,600,7,0.4,118
2021-07-09T23:56:20,25.6,22.4,66,70,500,7,1.0,111
2021-07-10T00:11:57,25.6,21.9,66,72,500,7,1.3,96
2021-07-10T00:27:27,25.5,21.3,67,73,600,7,0.8,97
2021-07-10T00:43:02,25.3,21.4,66,73,500,6,0.4,41
2021-07-10T00:58:33,25.1,21.2,67,73,500,7,0.2,136
2021-07-10T01:14:11,25.1,21.1,66,73,500,7,0.8,76
2021-07-10T01:29:41,25.0,21.1,66,72,500,7,0.5,102
2021-07-10T01:45:11,25.0,20.9,65,72,500,7,0.6,141
2021-07-10T02:00:47,25.0,20.6,65,73,500,6,0.1,94
2021-07-10T02:16:25,25.0,20.5,65,73,500,7,1.1,95
2021-07-10T02:31:55,24.5,20.0,66,75,500,7,0.7,223
2021-07-10T02:47:31,24.5,19.3,67,77,600,8,1.2,111
2021-07-10T03:03:08,24.5,19.4,67,77,500,8,1.1,69
2021-07-10T03:18:38,24.5,19.6,67,77,500,7,0.5,126
2021-07-10T03:34:07,24.5,19.4,67,78,500,7,2.3,115
2021-07-10T03:49:37,24.3,19.5,68,78,500,8,0.7,91
2021-07-10T04:05:14,24.2,19.4,68,79,500,7,1.1,76
2021-07-10T04:20:45,24.1,19.2,68,80,500,6,0.5,126
2021-07-10T04:36:15,24.0,19.2,69,80,500,7,1.4,96
2021-07-10T04:51:45,23.9,18.9,69,81,500,7,0.6,286
2021-07-10T05:07:21,23.9,18.7,69,82,500,7,2.2,84
2021-07-10T05:22:51,23.8,18.6,69,82,500,6,0.4,18
2021-07-10T05:38:21,23.8,18.6,69,82,500,6,0.3,199
2021-07-10T05:53:57,23.8,18.5,69,83,500,6,1.1,96
2021-07-10T06:09:40,23.8,18.4,70,83,600,6,1.0,51
2021-07-10T06:25:10,23.9,18.4,70,83,600,6,0.8,256
2021-07-10T06:40:40,23.8,18.6,70,83,600,7,0.7,100
2021-07-10T06:56:10,23.8,18.5,70,83,600,7,0.7,134
2021-07-10T07:11:46,23.8,18.6,71,82,600,7,0.5,134
2021-07-10T07:27:16,23.8,18.8,71,82,500,8,0.2,55
2021-07-10T07:42:46,23.9,19.1,71,81,600,8,0.6,120
2021-07-10T07:58:16,23.9,19.4,71,80,600,8,0.9,154
2021-07-10T08:13:53,23.9,20.0,71,79,600,8,0.1,4
2021-07-10T08:29:23,23.9,20.8,72,76,600,8,0.5,38
2021-07-10T08:44:54,23.9,21.6,72,72,600,8,0.9,185
2021-07-10T09:00:30,24.1,22.1,73,71,600,8,1.8,93
2021-07-10T09:16:07,24.3,23.2,71,69,600,8,0.7,190
2021-07-10T09:31:43,24.5,24.2,71,66,600,8,0.8,295
2021-07-10T09:47:20,24.8,24.7,71,65,600,8,0.3,192
2021-07-10T10:03:00,24.8,25.3,69,60,500,7,0.6,153
2021-07-10T10:18:30,25.1,26.1,69,59,600,8,0.8,249
2021-07-10T10:34:00,25.1,27.4,68,53,600,8,0.1,138
2021-07-10T10:49:29,25.2,27.5,68,52,600,7,0.3,321
2021-07-10T11:05:07,25.3,28.7,66,47,600,7,0.3,289
2021-07-10T11:20:43,25.3,29.2,64,45,600,8,0.3,213
2021-07-10T11:36:13,25.4,29.5,63,47,500,9,0.9,268
2021-07-10T11:51:44,25.4,29.9,62,44,500,7,0.4,90
2021-07-10T12:07:26,25.4,29.8,63,43,500,7,0.4,284
2021-07-10T12:22:56,25.5,29.9,62,44,500,7,1.1,277
2021-07-10T12:38:26,25.7,30.8,63,43,500,6,0.7,267
2021-07-10T12:53:56,25.8,30.7,63,44,500,6,0.2,311
2021-07-10T13:09:34,26.1,31.3,64,43,500,7,0.3,271
2021-07-10T13:25:04,26.3,31.9,63,42,500,8,1.2,174
2021-07-10T13:40:34,26.6,31.9,63,42,500,7,1.3,194
2021-07-10T13:56:03,26.7,32.2,64,41,500,7,0.2,231
2021-07-10T14:11:40,26.9,32.3,63,41,500,8,1.1,259
2021-07-10T14:27:11,27.0,33.3,63,40,500,8,0.8,123
2021-07-10T14:42:40,27.1,34.1,63,40,500,8,0.6,283
2021-07-10T14:58:10,27.1,34.3,62,37,500,8,0.3,178
2021-07-10T15:13:46,27.4,35.2,61,37,500,8,0.6,308
2021-07-10T15:29:16,27.4,34.2,61,37,500,8,1.0,318
2021-07-10T15:44:47,27.5,33.9,60,36,500,8,0.7,236
2021-07-10T16:00:17,27.8,34.9,59,35,500,9,0.4,245
2021-07-10T16:15:54,27.9,34.7,59,36,500,8,1.5,240
2021-07-10T16:31:25,27.9,35.6,58,34,500,7,0.5,101
2021-07-10T16:46:56,27.9,35.8,58,33,500,7,1.2,283
2021-07-10T17:02:33,28.0,34.9,58,34,500,7,0.7,268
2021-07-10T17:18:03,28.3,36.2,58,32,500,9,0.4,285
2021-07-10T17:33:34,28.3,36.2,57,31,500,9,0.9,149
2021-07-10T17:49:04,28.3,34.9,58,35,500,7,0.3,53
2021-07-10T18:04:43,28.6,35.2,57,34,500,7,1.0,291
2021-07-10T18:20:19,28.6,34.7,57,34,500,7,0.2,311
2021-07-10T18:35:50,28.7,35.1,56,35,500,8,0.1,267
2021-07-10T18:51:20,28.7,34.9,56,31,500,8,0.9,314
2021-07-10T19:06:58,28.7,35.5,57,34,500,8,0.3,292
2021-07-10T19:22:30,28.7,34.9,57,34,500,8,0.5,283
2021-07-10T19:38:01,28.7,33.3,58,37,500,9,2.0,223
2021-07-10T19:53:31,28.7,32.8,59,39,500,10,1.9,272
2021-07-10T20:09:08,28.7,32.2,59,41,500,10,0.2,225
2021-07-10T20:24:44,28.6,31.7,59,43,500,10,2.1,259
2021-07-10T20:40:15,28.5,30.9,59,45,500,11,1.5,260
2021-07-10T20:55:52,28.5,30.4,60,47,500,10,0.2,11
2021-07-10T21:11:29,28.1,28.9,60,51,500,10,1.2,258
2021-07-10T21:27:00,27.9,28.6,60,51,500,8,0.9,230
2021-07-10T21:42:31,27.6,28.1,60,53,500,10,0.5,225
2021-07-10T21:58:07,27.3,27.3,60,55,500,9,0.7,238
2021-07-10T22:13:45,27.3,26.8,61,55,500,9,0.3,261
2021-07-10T22:29:15,27.1,26.5,60,57,500,8,0.1,258
2021-07-10T22:44:46,27.0,26.3,61,56,500,8,0.1,268
2021-07-10T23:00:16,26.6,25.2,62,61,600,8,0.4,147
2021-07-10T23:15:53,26.4,24.8,65,63,500,8,0.3,224
2021-07-10T23:31:24,26.4,24.0,65,66,500,8,0.4,318
2021-07-10T23:46:54,26.3,23.9,65,67,500,7,0.4,70
2021-07-11T00:02:31,26.2,24.0,64,64,600,7,0.5,343
2021-07-11T00:18:02,26.2,24.1,65,65,600,7,0.3,268
2021-07-11T00:33:32,25.9,23.7,64,65,500,7,0.2,41
2021-07-11T00:49:02,25.6,23.4,64,65,500,7,0.2,309
2021-07-11T01:04:39,25.6,23.1,64,66,500,7,0.2,240
2021-07-11T01:20:15,25.6,22.7,64,67,500,7,0.5,215
2021-07-11T01:35:46,25.5,22.5,64,67,500,7,0.4,67
2021-07-11T01:51:22,25.5,22.2,66,71,500,7,1.4,117
2021-07-11T02:06:59,25.5,22.0,66,71,500,7,0.0,138
2021-07-11T02:22:29,25.5,22.2,65,68,500,7,0.7,113
2021-07-11T02:37:59,25.3,22.2,65,69,500,6,0.2,214
2021-07-11T02:53:29,25.2,21.5,67,72,600,6,0.2,311
2021-07-11T03:09:05,25.2,21.3,65,70,500,6,0.2,214
2021-07-11T03:24:35,25.1,21.2,64,67,500,6,0.3,137
2021-07-11T03:40:06,25.0,21.1,63,65,500,6,0.3,1
2021-07-11T03:55:37,24.5,21.6,62,62,500,7,0.5,221
2021-07-11T04:11:14,24.5,21.6,62,63,500,6,0.7,114
2021-07-11T04:26:44,24.3,20.9,64,66,500,6,0.8,236
2021-07-11T04:42:14,24.3,20.3,63,68,600,6,0.2,229
2021-07-11T04:57:44,24.3,20.1,63,68,600,6,0.4,70
2021-07-11T05:13:21,24.3,19.6,63,69,600,6,0.6,106
2021-07-11T05:28:51,24.2,19.6,63,69,600,6,1.2,96
2021-07-11T05:44:21,24.2,19.6,63,70,600,6,0.4,166
2021-07-11T05:59:57,24.1,19.5,63,70,600,6,1.0,88
2021-07-11T06:15:34,24.0,19.3,64,70,600,6,0.3,242
2021-07-11T06:31:05,24.0,18.8,64,71,600,7,0.8,68
2021-07-11T06:46:35,23.7,19.1,65,69,600,7,0.4,132
2021-07-11T07:02:11,23.6,19.0,65,70,600,8,0.5,103
2021-07-11T07:17:48,23.8,19.3,65,69,700,8,0.2,33
2021-07-11T07:33:18,23.7,19.4,65,68,600,8,0.5,34
2021-07-11T07:48:49,23.7,19.8,64,68,600,8,0.4,268
2021-07-11T08:04:26,23.9,20.2,65,67,700,8,2.1,126
2021-07-11T08:19:56,23.9,20.8,66,66,600,8,0.8,248
2021-07-11T08:35:27,23.9,21.9,66,64,600,8,0.4,179
2021-07-11T08:50:57,24.0,22.4,67,63,600,8,1.1,86
2021-07-11T09:06:34,24.3,23.7,67,61,600,8,0.5,242
2021-07-11T09:22:05,24.5,24.4,67,59,600,7,2.0,100
2021-07-11T09:37:41,24.8,25.7,68,56,600,8,0.6,232
2021-07-11T09:53:17,24.8,26.1,65,54,500,8,0.2,267
2021-07-11T10:08:54,24.8,26.8,65,52,500,8,0.3,286
2021-07-11T10:24:30,25.1,27.2,64,51,500,8,0.3,293
2021-07-11T10:40:00,25.2,27.4,64,51,600,8,1.4,218
2021-07-11T10:55:30,25.3,28.3,64,48,600,8,0.5,204
2021-07-11T11:11:07,25.5,28.7,64,47,600,8,0.5,165
2021-07-11T11:26:37,25.7,29.5,63,45,500,8,0.5,258
2021-07-11T11:42:13,25.8,29.6,64,46,500,8,0.2,265
2021-07-11T11:57:44,26.1,29.6,64,48,500,8,0.1,254
2021-07-11T12:13:20,26.2,30.8,64,44,500,8,0.4,80
2021-07-11T12:28:50,26.3,30.7,63,44,500,8,2.0,113
2021-07-11T12:44:19,26.7,31.4,61,43,500,8,1.1,263
2021-07-11T12:59:50,26.7,31.3,60,40,500,8,1.2,114
2021-07-11T13:15:27,26.9,31.8,61,40,500,7,2.3,110
2021-07-11T13:30:57,27.1,32.8,62,40,500,8,1.0,165
2021-07-11T13:46:27,27.2,33.2,62,40,500,7,0.7,99
2021-07-11T14:02:03,27.4,33.6,60,39,500,7,1.3,103
2021-07-11T14:17:34,27.4,34.0,60,37,500,8,0.1,179
2021-07-11T14:33:10,27.8,33.6,60,37,500,8,1.8,113
2021-07-11T14:48:47,27.8,32.5,59,39,500,8,0.5,152
2021-07-11T15:04:25,27.9,33.3,59,37,500,8,0.3,116
2021-07-11T15:19:55,27.9,33.9,59,36,500,7,0.8,273
2021-07-11T15:35:26,27.9,34.0,59,36,500,7,1.2,246
2021-07-11T15:50:57,28.3,33.9,59,36,500,7,1.1,280
2021-07-11T16:06:40,28.3,34.2,57,35,500,8,0.2,64
2021-07-11T16:22:12,28.3,34.4,58,34,500,8,1.5,108
2021-07-11T16:37:42,28.6,34.7,58,34,500,7,1.0,114
2021-07-11T16:53:14,28.7,35.2,59,36,500,8,0.8,134
2021-07-11T17:08:51,28.7,34.2,59,38,500,8,0.7,134
2021-07-11T17:24:28,28.7,34.5,59,38,500,8,1.9,104
2021-07-11T17:39:58,28.7,31.8,58,41,500,9,1.6,187
2021-07-11T17:55:29,28.6,32.0,58,41,500,8,1.6,206
2021-07-11T18:11:07,28.7,32.8,58,39,500,8,0.9,178
2021-07-11T18:26:38,28.7,32.2,59,41,500,9,1.3,241
2021-07-11T18:42:09,28.7,32.7,59,40,500,9,0.8,196
2021-07-11T18:57:40,28.7,31.7,60,41,500,8,0.8,202
2021-07-11T19:13:17,28.5,30.8,58,43,500,9,0.6,142
2021-07-11T19:28:49,28.1,30.2,59,44,500,10,0.6,252
2021-07-11T19:44:20,28.1,30.0,60,46,500,10,0.7,279
2021-07-11T19:59:50,28.1,30.0,59,45,500,10,0.8,258
2021-07-11T20:15:34,27.9,28.8,58,46,500,9,0.3,286
2021-07-11T20:31:04,27.6,28.0,59,49,500,9,0.6,23
2021-07-11T20:46:35,27.3,27.4,58,49,500,8,0.6,280
2021-07-11T21:02:11,27.2,26.7,59,51,500,9,0.9,133
2021-07-11T21:17:42,27.0,26.3,60,53,500,9,0.9,134
2021-07-11T21:33:11,26.8,25.4,60,56,500,8,0.3,268
2021-07-11T21:48:47,26.5,25.2,60,57,500,8,0.8,296
2021-07-11T22:04:25,26.4,24.8,60,57,500,8,1.3,119
2021-07-11T22:19:55,26.2,25.0,60,55,500,8,1.8,7
2021-07-11T22:35:26,26.2,24.9,66,65,500,7,0.9,106
2021-07-11T22:51:02,26.2,22.3,68,73,500,8,0.2,247
2021-07-11T23:06:38,26.2,21.4,68,74,500,10,0.7,43
2021-07-11T23:22:09,25.9,21.3,67,75,500,10,2.2,93
2021-07-11T23:37:39,25.6,20.7,65,73,500,10,2.0,117
2021-07-11T23:53:09,25.3,20.2,63,70,500,9,0.4,37
2021-07-12T00:08:45,25.3,19.9,64,71,500,9,0.7,210
2021-07-12T00:24:15,25.1,19.9,63,69,500,9,1.1,73
2021-07-12T00:39:45,25.0,20.2,64,70,500,8,0.5,163
2021-07-12T00:55:16,25.0,20.2,65,71,500,7,0.2,262
2021-07-12T01:10:59,24.8,20.3,66,72,500,7,0.2,134
2021-07-12T01:26:35,24.8,20.3,67,74,500,7,0.2,72
2021-07-12T01:42:05,25.1,20.4,68,74,600,7,0.1,0
2021-07-12T01:57:36,25.0,20.0,67,78,600,8,0.3,305
2021-07-12T02:13:12,25.0,20.0,67,75,500,7,1.4,135
2021-07-12T02:28:42,25.0,20.2,66,74,500,7,1.2,130
2021-07-12T02:44:13,25.0,20.2,65,73,500,7,0.8,189
2021-07-12T02:59:49,24.7,20.3,65,72,500,7,0.7,76
2021-07-12T03:15:25,24.4,20.2,65,70,500,6,1.6,90
2021-07-12T03:30:55,24.3,20.1,65,71,500,6,0.6,124
2021-07-12T03:46:26,24.2,20.1,65,68,500,6,0.0,24
2021-07-12T04:02:02,24.2,20.3,63,66,500,7,0.3,250
2021-07-12T04:17:33,24.2,20.5,62,63,500,7,0.8,147
2021-07-12T04:33:04,24.1,20.6,62,62,500,7,1.4,126
2021-07-12T04:48:34,24.0,20.8,62,61,500,7,0.8,98
2021-07-12T05:04:10,24.0,20.8,62,61,500,7,1.2,105
2021-07-12T05:19:40,23.8,20.7,62,60,500,7,0.9,149
2021-07-12T05:35:17,23.8,20.6,61,60,500,7,2.3,100
2021-07-12T05:50:47,23.9,20.5,62,62,500,7,1.7,111
2021-07-12T06:06:23,23.9,20.7,63,63,600,7,1.7,111
2021-07-12T06:21:54,24.0,20.6,64,65,600,7,1.1,114
2021-07-12T06:37:24,24.0,20.4,65,68,600,8,1.1,104
2021-07-12T06:52:54,24.0,20.4,67,69,600,7,1.1,120
2021-07-12T07:08:32,24.1,20.3,67,70,600,8,0.4,76
2021-07-12T07:24:02,24.0,20.3,67,70,600,8,0.4,28
2021-07-12T07:39:32,24.0,20.5,68,68,600,8,0.3,33
2021-07-12T07:55:02,24.0,20.8,68,67,600,7,0.5,314
2021-07-12T08:10:37,24.1,21.1,69,70,600,8,1.9,228
2021-07-12T08:26:04,24.1,20.9,70,71,600,8,0.4,211
2021-07-12T08:41:32,24.0,21.6,71,70,600,8,1.2,261
2021-07-12T08:57:08,24.1,21.7,71,70,600,8,0.2,220
2021-07-12T09:12:43,24.0,21.7,71,71,600,8,0.6,316
2021-07-12T09:28:11,24.2,22.3,71,70,500,7,0.5,224
2021-07-12T09:43:44,24.8,23.8,73,69,600,6,0.2,110
2021-07-12T09:59:15,24.8,23.1,71,69,600,9,0.9,240
2021-07-12T10:14:50,24.8,23.0,70,67,600,8,0.7,297
2021-07-12T10:30:17,24.5,23.0,71,67,600,7,1.3,306
2021-07-12T10:45:50,24.7,23.2,68,67,500,7,1.2,267
2021-07-12T11:01:25,24.8,23.2,68,69,400,4,0.3,212
2021-07-12T11:16:53,24.8,23.1,67,69,400,4,0.4,45
2021-07-12T11:32:23,24.6,23.0,67,68,400,4,0.4,268
2021-07-12T11:47:54,24.8,23.2,67,67,400,4,0.3,21
2021-07-12T12:03:30,24.8,23.7,65,65,400,4,0.3,130
2021-07-12T12:19:07,25.1,23.8,68,65,500,5,0.3,223
2021-07-12T12:34:37,25.1,24.5,68,64,500,7,1.4,284
2021-07-12T12:50:14,25.1,24.9,68,63,500,7,1.5,281
2021-07-12T13:05:50,25.1,25.2,68,63,500,8,0.3,268
2021-07-12T13:21:27,25.2,25.4,68,64,500,8,1.1,251
2021-07-12T13:37:04,25.3,25.2,68,64,500,7,1.4,164
2021-07-12T13:52:34,25.3,25.3,69,66,500,7,0.5,247
2021-07-12T14:08:11,25.3,24.6,69,68,500,7,0.6,258
2021-07-12T14:23:42,25.3,25.0,68,65,500,7,0.4,193
2021-07-12T14:39:13,25.4,25.2,68,65,500,7,0.5,164
2021-07-12T14:54:43,25.5,25.8,68,63,500,7,1.6,146
2021-07-12T15:10:20,25.5,26.1,68,62,500,7,1.1,226
2021-07-12T15:25:51,25.9,28.1,68,57,500,7,1.0,220
2021-07-12T15:41:21,26.2,28.2,68,56,500,8,1.4,208
2021-07-12T15:56:52,26.3,28.8,67,56,500,8,0.4,196
2021-07-12T16:12:29,26.5,29.3,65,54,400,8,1.5,249
2021-07-12T16:28:00,26.7,31.2,64,48,500,8,0.9,321
2021-07-12T16:43:30,26.8,30.8,54,33,500,8,0.7,15
2021-07-12T16:59:00,26.5,30.6,53,32,500,8,1.4,317
2021-07-12T17:14:37,26.4,30.7,52,32,500,8,0.8,341
2021-07-12T17:30:07,26.4,30.1,53,31,500,8,0.5,237
2021-07-12T17:45:38,26.5,30.1,50,31,500,8,1.8,102
2021-07-12T18:01:14,26.4,29.6,52,34,500,7,0.4,319
2021-07-12T18:16:45,26.3,28.1,52,36,500,8,1.9,60
2021-07-12T18:32:15,26.2,28.1,51,36,500,7,1.8,284
2021-07-12T18:47:46,26.2,27.9,53,37,500,7,1.2,130
2021-07-12T19:03:23,26.0,27.6,52,37,500,7,2.1,318
2021-07-12T19:18:54,26.0,28.3,49,33,500,8,2.0,292
2021-07-12T19:34:24,25.8,27.8,50,33,500,7,1.8,276
2021-07-12T19:50:01,25.8,27.4,48,31,500,7,1.7,331
2021-07-12T20:05:38,25.7,27.0,46,31,500,6,1.6,53
2021-07-12T20:21:09,25.6,26.3,48,32,500,6,2.4,344
2021-07-12T20:36:39,25.3,24.5,51,39,500,6,2.5,327
2021-07-12T20:52:09,25.0,23.8,51,40,500,6,2.0,269
2021-07-12T21:07:47,24.0,22.8,53,41,500,6,1.8,71
2021-07-12T21:23:17,23.8,22.3,53,43,500,6,2.5,206
2021-07-12T21:38:48,23.4,21.4,52,44,500,6,3.7,311
2021-07-12T21:54:18,23.4,21.0,51,44,500,6,3.5,69
2021-07-12T22:09:55,23.4,20.6,51,44,500,6,2.5,275
2021-07-12T22:25:26,23.3,20.4,51,44,500,6,2.8,275
2021-07-12T22:40:57,23.2,19.5,51,46,500,6,1.5,30
2021-07-12T22:56:27,23.2,19.2,50,47,500,5,5.2,303
2021-07-12T23:12:04,22.8,18.6,48,49,400,4,1.6,297
2021-07-12T23:27:35,22.8,18.1,48,49,400,4,1.2,335
2021-07-12T23:43:05,22.8,17.9,47,50,400,4,0.7,132
2021-07-12T23:58:48,22.8,17.7,45,51,400,4,2.9,284
2021-07-13T00:14:26,22.8,17.5,45,51,500,4,2.5,283
2021-07-13T00:30:02,22.8,17.0,45,53,500,4,1.3,316
2021-07-13T00:45:33,22.8,16.9,45,53,500,4,1.4,279
2021-07-13T01:01:11,22.6,16.3,45,56,500,5,3.1,93
2021-07-13T01:16:42,22.7,16.4,45,55,500,5,3.5,277
2021-07-13T01:32:18,22.7,16.4,46,56,500,5,1.6,135
2021-07-13T01:47:49,22.7,16.4,46,56,500,5,1.9,17
2021-07-13T02:03:27,22.7,16.1,46,57,500,6,6.9,307
2021-07-13T02:18:58,22.6,15.9,46,58,500,6,2.9,293
2021-07-13T02:34:29,22.6,15.9,47,59,500,5,2.5,40
2021-07-13T02:50:00,22.7,15.5,46,59,500,6,1.7,78
2021-07-13T03:05:37,22.5,15.4,47,60,600,6,1.3,84
2021-07-13T03:21:07,22.6,15.2,47,62,500,6,1.2,323
2021-07-13T03:36:38,22.6,15.0,48,62,600,7,1.6,261
2021-07-13T03:52:15,22.5,14.9,48,63,600,7,1.0,277
2021-07-13T04:07:53,22.5,14.8,48,63,600,6,1.4,263
2021-07-13T04:23:30,22.6,14.5,49,65,600,7,1.0,103
2021-07-13T04:39:01,22.6,14.4,50,65,600,8,0.5,14
2021-07-13T04:54:32,22.5,14.4,50,66,600,8,0.7,286
2021-07-13T05:10:08,22.5,14.3,49,66,600,8,1.8,87
2021-07-13T05:25:39,22.5,14.3,51,67,600,8,0.7,277
2021-07-13T05:41:10,22.5,14.2,50,68,600,7,0.6,252
2021-07-13T05:56:41,22.4,13.9,52,69,600,8,0.3,220
2021-07-13T06:12:24,22.4,13.8,52,69,700,8,0.3,268
2021-07-13T06:27:54,22.4,13.8,52,70,700,8,1.1,320
2021-07-13T06:43:25,22.4,13.7,53,70,700,9,0.4,66
2021-07-13T06:58:56,22.4,13.8,53,69,800,9,1.7,273
2021-07-13T07:14:35,22.5,13.8,53,70,700,8,0.5,65
2021-07-13T07:30:06,22.5,13.8,54,70,800,8,2.8,224
2021-07-13T07:45:37,22.5,14.1,53,70,700,8,0.9,262
2021-07-13T08:01:13,22.5,14.3,55,69,700,8,3.3,318
2021-07-13T08:16:53,22.5,15.1,55,68,700,8,1.7,138
2021-07-13T08:32:24,22.5,15.9,54,66,700,7,0.6,281
2021-07-13T08:48:01,22.5,16.5,52,63,500,5,2.6,297
2021-07-13T09:03:39,22.2,17.3,55,62,500,5,1.7,79
2021-07-13T09:19:10,22.2,17.8,53,61,600,5,0.7,258
2021-07-13T09:34:41,21.9,18.5,53,58,500,5,0.4,241
2021-07-13T09:50:11,21.8,18.9,53,57,600,7,2.9,298
2021-07-13T10:05:49,21.8,19.8,51,54,500,5,2.4,276
2021-07-13T10:21:31,22.3,-40.0,49,0,500,0,0.0,0
2021-07-13T10:37:11,22.3,20.9,47,48,500,4,2.3,90
2021-07-13T10:52:49,23.2,21.1,54,48,700,5,2.6,104
2021-07-13T11:08:33,23.6,21.2,52,50,700,5,0.0,252
2021-07-13T11:24:11,23.6,21.5,53,49,600,6,1.0,220
2021-07-13T11:39:48,23.3,22.5,50,49,400,4,1.8,264
2021-07-13T11:55:27,22.8,23.0,50,45,400,3,1.6,277
2021-07-13T12:11:11,23.6,23.9,46,45,400,2,1.3,159
2021-07-13T12:26:55,23.9,23.6,43,41,400,2,1.0,328
2021-07-13T12:42:33,24.1,23.4,50,42,400,3,3.2,301
2021-07-13T12:58:16,23.4,24.0,54,42,500,5,3.0,223
2021-07-13T13:13:55,23.2,24.5,55,41,500,5,2.1,297
2021-07-13T13:29:32,23.2,24.4,54,41,500,5,1.1,337
2021-07-13T13:45:08,23.2,25.0,54,41,500,5,1.4,279
2021-07-13T14:00:52,23.2,24.4,56,43,500,5,2.8,285
2021-07-13T14:16:36,23.2,24.9,56,42,500,5,2.1,274
2021-07-13T14:32:12,23.6,25.3,54,37,500,5,3.3,85
2021-07-13T14:47:48,23.6,26.0,55,37,500,5,1.4,289
2021-07-13T15:03:32,23.7,26.2,53,35,500,5,1.2,305
2021-07-13T15:19:09,23.8,27.0,54,34,500,5,1.8,270
2021-07-13T15:34:45,23.8,26.7,52,31,500,5,2.7,193
2021-07-13T15:50:22,23.8,27.2,53,32,500,5,2.3,263
2021-07-13T16:06:05,23.8,26.8,53,33,500,5,2.5,103
2021-07-13T16:21:41,23.8,26.2,53,35,500,5,0.3,219
2021-07-13T16:37:24,23.9,26.3,54,34,500,5,2.3,332
2021-07-13T16:53:00,23.9,26.2,53,34,500,6,2.3,286
2021-07-13T17:08:43,23.9,26.0,54,35,500,5,3.3,243
2021-07-13T17:24:20,23.9,26.0,53,35,500,6,2.3,139
2021-07-13T17:39:57,23.9,26.0,54,36,500,6,1.1,340
2021-07-13T17:55:40,23.9,25.7,55,37,500,6,1.1,313
2021-07-13T18:11:22,23.8,26.0,54,36,500,6,1.9,297
2021-07-13T18:27:04,23.8,25.4,55,36,500,6,0.5,287
2021-07-13T18:42:41,23.9,25.2,54,38,500,6,1.1,264
2021-07-13T18:58:18,23.8,25.2,53,36,500,5,1.0,97
2021-07-13T19:14:08,23.8,24.9,53,37,500,6,2.2,286
2021-07-13T19:29:45,23.9,24.7,54,38,500,7,1.1,351
2021-07-13T19:45:20,23.8,24.1,55,40,500,7,0.6,308
2021-07-13T20:01:03,23.8,23.8,55,40,500,6,1.7,311
2021-07-13T20:16:39,23.8,23.3,54,42,500,6,2.9,301
2021-07-13T20:32:16,23.7,22.8,55,43,500,6,1.8,305
2021-07-13T20:47:52,23.4,22.2,55,45,500,7,1.6,44
2021-07-13T21:03:35,23.4,21.6,54,46,500,6,1.6,34
2021-07-13T21:19:12,23.4,20.8,55,49,500,7,3.1,292
2021-07-13T21:34:49,23.3,20.4,55,51,500,8,2.6,97
2021-07-13T21:50:26,23.3,20.0,54,52,600,7,2.5,129
2021-07-13T22:06:10,22.9,19.4,53,52,500,6,1.8,285
2021-07-13T22:21:47,22.7,19.1,53,53,500,5,2.3,321
2021-07-13T22:37:24,22.6,18.7,53,54,500,5,2.8,283
2021-07-13T22:53:08,22.7,18.6,51,54,500,5,1.4,333
2021-07-13T23:08:50,22.7,18.2,49,55,500,5,1.2,209
2021-07-13T23:24:27,22.7,17.9,49,56,500,5,3.6,120
2021-07-13T23:40:04,22.7,17.6,49,57,500,5,0.9,255
2021-07-13T23:55:41,22.7,17.5,48,57,500,5,0.5,283
2021-07-14T00:11:25,22.7,17.2,48,58,500,5,1.8,293
2021-07-14T00:27:02,22.7,17.1,49,59,600,6,2.5,306
2021-07-14T00:42:38,22.7,16.8,48,60,600,5,0.9,275
2021-07-14T00:58:15,22.7,16.7,49,60,500,5,1.4,275
2021-07-14T01:14:03,22.7,16.5,49,62,500,6,0.4,225
2021-07-14T01:29:40,22.7,16.2,49,62,500,5,0.5,68
2021-07-14T01:45:16,22.7,16.1,49,63,500,6,0.3,289
2021-07-14T02:01:01,22.6,15.9,49,64,600,5,0.4,281
2021-07-14T02:16:44,22.6,15.8,49,64,600,6,1.0,288
2021-07-14T02:32:20,22.5,15.4,50,66,500,5,0.8,272
2021-07-14T02:47:57,22.5,15.1,51,68,500,5,0.8,103
2021-07-14T03:03:40,22.5,14.7,52,70,600,6,0.3,73
2021-07-14T03:19:24,22.5,14.6,52,71,600,6,0.4,233
2021-07-14T03:35:01,22.5,14.3,53,72,600,7,0.2,311
2021-07-14T03:50:38,22.5,14.1,53,73,600,6,0.2,305
2021-07-14T04:06:23,22.4,14.0,53,74,600,7,0.8,214
2021-07-14T04:22:00,22.4,14.0,54,74,600,7,0.7,349
2021-07-14T04:37:36,22.4,14.0,54,74,600,7,0.7,256
2021-07-14T04:53:13,22.4,13.9,54,75,700,8,0.3,317
2021-07-14T05:08:58,22.4,13.8,54,75,700,8,0.7,153
2021-07-14T05:24:34,22.4,13.6,55,76,700,8,2.3,271
2021-07-14T05:40:11,22.4,13.7,56,76,700,8,0.1,111
2021-07-14T05:55:55,22.4,13.5,56,77,700,8,0.5,252
2021-07-14T06:11:39,22.4,13.3,57,78,800,10,0.2,166
2021-07-14T06:27:16,22.4,12.4,57,80,800,11,0.5,46
2021-07-14T06:42:53,22.4,12.3,58,80,800,11,0.7,338
2021-07-14T06:58:36,22.4,12.4,58,80,800,12,0.3,298
2021-07-14T07:14:20,22.4,12.1,58,81,900,12,0.3,67
2021-07-14T07:29:57,22.4,12.1,59,81,900,12,0.1,1
2021-07-14T07:45:35,22.4,12.5,60,82,1000,13,0.1,90
2021-07-14T08:01:18,22.4,12.8,61,80,1000,13,0.6,64
2021-07-14T08:17:01,22.4,14.0,59,76,800,11,1.4,122
2021-07-14T08:32:38,22.4,15.2,58,73,800,10,0.9,222
2021-07-14T08:48:15,22.5,16.1,58,71,700,10,0.4,325
2021-07-14T09:03:57,22.6,16.5,57,69,800,9,0.8,250
2021-07-14T09:19:31,22.5,17.5,57,66,700,10,1.1,285
2021-07-14T09:35:07,22.5,17.7,57,66,700,10,0.8,317
2021-07-14T09:50:46,22.6,18.4,56,63,600,8,0.4,117
2021-07-14T10:06:29,21.9,19.1,55,61,500,7,1.1,172
2021-07-14T10:22:07,21.9,19.3,56,60,600,7,0.9,233
2021-07-14T10:37:44,21.9,19.9,56,59,500,6,1.9,221
2021-07-14T10:53:19,22.3,20.5,57,55,600,7,0.8,292
2021-07-14T11:09:06,22.9,21.3,54,54,600,6,1.0,182
2021-07-14T11:24:46,23.1,21.4,53,53,500,5,1.8,282
2021-07-14T11:40:21,23.1,22.1,53,54,500,6,1.8,214
2021-07-14T11:55:54,23.6,22.4,52,51,600,7,3.0,274
2021-07-14T12:11:33,23.8,23.0,52,49,600,8,2.6,279
2021-07-14T12:27:06,23.9,23.6,54,49,600,7,0.9,288
2021-07-14T12:42:38,23.7,24.9,57,43,600,7,0.0,1
2021-07-14T12:58:17,23.0,24.6,56,45,500,6,0.7,241
2021-07-14T13:13:57,23.1,25.3,55,39,500,5,0.6,248
2021-07-14T13:29:36,23.2,25.4,55,39,500,5,0.9,91
2021-07-14T13:45:11,23.2,26.4,56,39,500,6,1.8,269
2021-07-14T14:00:52,23.2,26.1,56,39,500,6,0.4,287
2021-07-14T14:16:24,23.2,26.3,56,38,500,5,3.2,265
2021-07-14T14:31:57,23.3,27.3,55,35,500,6,1.5,266
2021-07-14T14:47:30,23.6,27.2,56,35,500,6,1.6,258
2021-07-14T15:03:10,23.9,28.8,56,32,600,7,0.7,312
2021-07-14T15:18:43,23.9,29.2,54,29,500,6,0.5,168
2021-07-14T15:34:15,24.0,29.0,53,31,500,7,0.3,331
2021-07-14T15:49:48,24.0,28.7,54,29,500,6,0.3,27
2021-07-14T16:05:27,24.0,29.2,53,29,500,6,1.1,275
2021-07-14T16:21:00,24.1,29.2,54,30,500,6,1.1,256
2021-07-14T16:36:32,24.1,29.3,53,31,500,6,2.4,204
2021-07-14T16:52:04,24.2,29.0,53,29,500,6,0.4,245
2021-07-14T17:07:42,24.8,29.5,51,29,500,6,0.8,225
2021-07-14T17:23:16,25.1,29.7,50,28,500,7,0.7,267
2021-07-15T08:03:21,22.4,14.4,62,80,800,11,0.3,126
2021-07-15T08:19:00,22.7,15.3,60,77,800,10,0.6,285
2021-07-15T08:34:37,22.5,17.1,60,69,800,9,0.3,208
2021-07-15T08:50:13,22.6,17.7,59,67,700,10,1.2,259
2021-07-15T09:05:59,22.6,18.1,58,67,600,9,0.4,319
2021-07-15T09:21:35,22.7,18.1,58,67,700,8,1.1,312
2021-07-15T09:37:14,22.7,18.8,58,66,600,8,0.6,243
2021-07-15T09:52:48,22.7,19.8,57,63,600,8,0.7,307
2021-07-15T10:08:29,22.8,20.4,57,61,600,7,0.9,278
2021-07-15T10:24:02,22.8,20.2,58,61,600,7,0.8,250
2021-07-15T10:39:37,22.9,20.8,57,59,500,7,0.7,249
2021-07-15T10:55:17,23.1,21.3,57,58,500,6,0.3,147
2021-07-15T11:10:57,23.5,21.7,57,56,600,7,0.2,38
2021-07-15T11:26:31,23.5,22.8,56,55,600,7,1.2,98
2021-07-15T11:42:05,23.6,22.6,56,55,500,7,0.9,289
2021-07-15T11:57:43,23.9,23.6,57,53,500,7,1.7,285
2021-07-15T12:13:30,23.7,23.5,62,53,600,8,1.6,325
2021-07-15T12:29:02,23.7,24.9,61,51,500,8,0.7,242
2021-07-15T12:44:37,23.4,24.0,61,51,500,7,1.2,278
2021-07-15T13:00:13,23.4,25.2,61,48,500,7,1.9,186
2021-07-15T13:15:54,23.6,25.1,62,49,500,8,1.5,199
2021-07-15T13:31:29,23.9,26.3,60,47,600,7,0.6,283
2021-07-15T13:47:10,23.9,26.3,62,46,700,0,0.8,328
2021-07-15T14:02:53,23.8,26.3,61,47,500,7,0.4,288
2021-07-15T14:18:26,23.9,26.6,61,44,500,7,0.8,121
2021-07-15T14:34:11,23.9,26.6,61,44,500,7,1.1,311
2021-07-15T14:49:45,23.9,27.6,61,41,500,7,0.2,151
2021-07-15T15:05:31,23.9,27.1,61,42,500,7,0.8,219
2021-07-15T15:21:05,23.9,27.3,60,43,500,7,1.6,289
2021-07-15T15:36:39,24.0,28.4,59,39,500,6,0.7,226
2021-07-15T15:52:19,24.1,28.9,59,39,500,6,1.0,243
2021-07-15T16:07:59,24.1,28.7,59,37,500,6,1.0,229
2021-07-15T16:23:32,24.3,29.5,59,36,500,6,1.2,275
2021-07-15T16:39:05,24.8,29.2,56,37,500,7,1.6,237
2021-07-15T16:54:39,25.1,29.7,55,36,400,6,0.2,2
2021-07-15T17:10:19,25.3,29.0,55,37,500,6,1.6,288
2021-07-15T17:25:53,25.4,29.5,54,34,500,6,0.4,256
2021-07-15T17:41:27,25.5,29.9,54,35,500,6,0.6,302
2021-07-15T17:57:00,25.5,30.2,54,36,500,7,0.7,246
2021-07-15T18:12:39,25.5,30.5,53,34,500,7,1.3,279
2021-07-15T18:28:19,25.7,30.1,52,34,500,7,1.4,279
2021-07-15T18:43:52,25.8,29.5,51,31,500,7,0.8,192
2021-07-15T18:59:26,25.8,29.4,50,32,500,7,1.1,288
2021-07-15T19:15:05,25.8,29.6,50,31,500,7,0.2,246
2021-07-15T19:30:39,25.8,29.3,51,31,500,7,0.7,283
2021-07-15T19:46:11,25.8,29.2,51,34,500,7,0.4,218
2021-07-15T20:01:52,25.8,29.3,52,34,500,7,0.3,233
2021-07-15T20:17:24,25.8,28.7,52,38,500,7,0.7,273
2021-07-15T20:32:58,25.8,28.6,53,38,500,7,0.7,267
2021-07-15T20:48:32,25.8,28.1,53,40,500,7,0.4,239
2021-07-15T21:04:11,25.8,27.6,58,40,600,7,0.4,247
2021-07-15T21:19:46,25.5,26.0,57,44,500,7,0.3,203
2021-07-15T21:35:19,25.3,25.1,57,46,500,7,0.4,202
2021-07-15T21:50:53,25.1,24.6,57,48,500,7,0.5,139
2021-07-15T22:06:34,25.0,24.1,57,48,500,7,0.2,128
2021-07-15T22:22:07,25.0,24.0,58,50,500,7,0.5,203
2021-07-15T22:37:41,24.6,22.8,60,57,500,6,1.1,242
2021-07-15T22:53:15,24.5,22.1,61,60,600,6,0.1,4
2021-07-15T23:08:56,24.2,21.8,62,61,500,7,0.2,304
2021-07-15T23:24:29,24.0,21.6,63,62,500,7,0.6,69
2021-07-15T23:40:02,24.0,21.1,63,64,500,7,0.2,179
2021-07-15T23:55:35,23.9,20.6,63,66,500,7,2.2,123
2021-07-16T00:11:20,23.9,20.5,64,67,600,7,0.5,131
2021-07-16T00:26:55,23.8,20.3,63,67,600,8,0.8,119
2021-07-16T00:42:28,23.8,20.3,62,64,500,7,1.4,116
2021-07-16T00:58:02,23.8,20.3,62,65,500,7,1.2,80
2021-07-16T01:13:42,23.7,20.2,63,66,500,7,1.2,135
2021-07-16T01:29:16,23.7,19.8,64,69,500,7,1.5,107
2021-07-16T01:44:49,23.7,19.6,64,70,500,7,0.7,89
2021-07-16T02:00:30,23.7,19.4,65,72,600,7,1.0,120
2021-07-16T02:16:11,23.4,19.2,66,73,500,7,2.1,111
2021-07-16T02:31:45,23.6,18.9,66,75,600,7,0.3,66
2021-07-16T02:47:18,23.7,18.6,66,76,600,7,1.6,95
2021-07-16T03:02:58,23.7,18.4,66,77,600,7,0.5,91
2021-07-16T03:18:32,23.7,18.4,66,77,500,7,0.6,175
2021-07-16T03:34:06,23.6,18.1,66,78,500,7,1.4,105
2021-07-16T03:49:40,23.4,18.1,67,79,500,7,1.0,83
2021-07-16T04:05:20,23.3,17.8,67,80,500,7,0.4,68
2021-07-16T04:20:55,23.3,17.6,66,80,500,7,2.0,113
2021-07-16T04:36:29,23.3,17.3,66,81,500,8,0.7,135
2021-07-16T04:52:10,22.9,16.8,66,81,500,7,1.4,105
2021-07-16T05:07:51,22.8,16.7,66,82,600,7,0.4,54
2021-07-16T05:23:25,22.6,16.4,65,80,600,7,0.4,292
2021-07-16T05:39:00,22.6,16.2,64,80,600,7,0.4,268
2021-07-16T05:54:34,22.5,15.9,64,80,600,8,0.5,224
2021-07-16T06:10:14,22.5,15.8,63,79,600,8,0.2,255
2021-07-16T06:25:48,22.6,15.6,63,79,600,7,0.2,225
2021-07-16T06:41:22,22.6,15.4,63,80,600,8,0.1,179
2021-07-16T06:56:56,22.6,15.5,62,78,600,8,0.0,164
2021-07-16T07:12:41,22.6,15.5,63,78,600,8,0.3,306
2021-07-16T07:28:15,22.7,15.5,63,79,600,8,0.5,287
2021-07-16T07:43:54,22.6,15.5,65,78,700,8,0.2,265
2021-07-16T07:59:27,22.5,15.6,62,78,600,9,0.7,285
2021-07-16T08:15:11,22.6,16.3,62,76,600,8,0.6,179
2021-07-16T08:30:50,22.6,17.1,62,73,700,8,0.7,217
2021-07-16T08:46:27,22.7,18.2,62,73,600,8,0.2,90
2021-07-16T09:02:07,22.7,18.2,61,69,600,8,0.5,310
2021-07-16T09:17:40,22.7,18.8,60,67,600,9,1.4,279
2021-07-16T09:33:12,22.9,19.0,59,65,600,7,0.9,281
2021-07-16T09:48:45,22.3,19.7,62,64,500,7,0.7,179
2021-07-16T10:04:24,22.9,20.0,60,63,500,7,0.9,250
2021-07-16T10:19:57,23.0,20.8,59,63,500,6,0.3,0
2021-07-16T10:35:30,23.1,21.0,61,61,500,6,0.8,279
2021-07-16T10:51:10,23.6,21.5,60,61,600,7,0.9,286
2021-07-16T11:06:54,23.6,22.7,60,58,600,8,0.6,207
2021-07-16T11:22:28,23.9,22.8,58,57,600,9,0.7,305
2021-07-16T11:38:01,24.0,23.4,61,55,600,8,0.8,196
2021-07-16T11:53:34,23.3,24.5,62,52,500,7,1.3,108
2021-07-16T12:09:17,23.3,24.5,62,51,500,7,0.7,241
2021-07-16T12:24:56,23.3,24.8,62,51,500,7,0.9,220
2021-07-16T12:40:29,23.6,25.2,63,49,500,7,2.1,261
2021-07-16T12:56:00,23.9,25.3,63,49,500,8,0.9,280
2021-07-16T13:11:38,23.8,26.3,63,47,500,7,0.1,179
2021-07-16T13:27:14,23.9,26.1,62,48,500,7,1.1,227
2021-07-16T13:42:50,23.9,27.1,62,44,500,6,1.4,268
2021-07-16T13:58:23,23.9,27.8,61,43,500,6,1.3,240
2021-07-16T14:14:02,24.0,27.7,61,42,400,6,0.6,254
2021-07-16T14:29:36,24.1,29.7,60,38,400,6,0.4,289
2021-07-16T14:45:09,24.1,29.3,61,40,400,6,0.7,277
2021-07-16T15:00:55,24.2,28.9,59,38,500,6,1.1,279
2021-07-16T15:16:29,24.5,29.2,60,37,400,6,0.0,267
2021-07-16T15:32:02,25.1,29.8,57,35,500,6,0.7,286
2021-07-16T15:47:36,25.2,29.9,54,34,500,6,0.7,281
2021-07-16T16:03:16,25.3,30.3,54,31,500,6,2.3,245
2021-07-16T16:18:49,25.4,30.5,53,30,500,5,0.4,295
2021-07-16T16:34:23,25.4,31.3,54,31,500,5,1.0,183
2021-07-16T16:49:57,25.4,31.0,53,29,400,5,0.4,225
2021-07-16T17:05:43,25.7,31.3,52,30,400,6,0.2,138
2021-07-16T17:21:16,25.8,31.7,52,29,500,6,0.8,250
2021-07-16T17:36:49,26.0,31.7,51,28,500,6,0.2,89
2021-07-16T17:52:22,26.1,31.7,52,30,500,6,1.2,301
2021-07-16T18:08:01,26.2,31.2,52,32,500,7,0.8,332
2021-07-16T18:23:34,26.3,31.4,51,29,500,6,0.7,247
2021-07-16T18:39:14,26.3,31.7,52,30,500,6,0.5,219
2021-07-16T18:54:47,26.7,31.3,53,31,500,6,0.4,267
2021-07-16T19:10:26,26.7,31.4,51,30,500,7,0.7,288
2021-07-16T19:26:05,26.7,31.6,51,29,500,7,0.1,267
2021-07-16T19:41:37,26.7,31.6,51,30,500,7,0.6,242
2021-07-16T19:57:16,26.9,31.2,51,31,500,7,0.6,317
2021-07-16T20:12:55,26.9,30.8,50,31,500,7,0.3,290
2021-07-16T20:28:28,26.9,30.5,50,35,500,7,0.4,238
2021-07-16T20:44:01,26.9,29.7,53,37,500,7,1.3,173
2021-07-16T20:59:35,26.9,29.3,53,39,500,7,0.2,213
2021-07-16T21:15:15,26.5,27.8,54,41,500,7,0.9,214
2021-07-16T21:30:50,26.4,27.6,53,41,500,7,0.6,198
2021-07-16T21:46:24,26.4,27.0,53,41,500,0,0.8,136
2021-07-16T22:02:04,26.0,26.7,54,42,500,8,0.7,100
2021-07-16T22:17:38,25.8,25.8,56,47,500,7,0.7,119
2021-07-16T22:33:11,25.6,24.6,61,58,500,7,0.4,127
2021-07-16T22:48:46,25.6,23.4,64,65,500,7,0.8,233
2021-07-16T23:04:33,25.4,23.0,64,65,500,7,0.4,119
2021-07-16T23:20:14,25.2,22.1,65,68,500,7,0.7,164
2021-07-16T23:35:48,25.0,21.9,66,70,500,8,1.0,110
2021-07-16T23:51:23,25.0,21.9,65,70,500,8,0.4,229
2021-07-17T00:07:03,25.0,21.6,66,71,500,7,1.6,90
2021-07-17T00:22:38,24.6,21.6,66,69,500,7,0.2,153
2021-07-17T00:38:17,24.5,21.2,67,71,400,7,1.4,104
2021-07-17T00:53:52,24.4,21.1,68,72,500,7,1.1,113
2021-07-17T01:09:33,24.1,20.8,69,74,400,6,0.5,139
2021-07-17T01:25:07,24.0,20.8,69,74,400,7,1.4,137
2021-07-17T01:40:40,24.0,20.7,70,75,500,7,0.8,73
2021-07-17T01:56:20,24.0,20.6,70,75,400,7,1.7,104
2021-07-17T02:12:01,23.8,20.4,69,76,500,7,1.4,109
2021-07-17T02:27:34,23.8,20.3,69,76,500,7,0.8,54
2021-07-17T02:43:08,23.8,20.1,69,76,500,8,0.3,150
2021-07-17T02:58:42,23.9,20.1,69,75,500,8,2.0,124
2021-07-17T03:14:22,23.8,19.9,69,76,500,8,0.7,177
2021-07-17T03:29:56,23.8,19.7,69,76,500,8,1.0,97
2021-07-17T03:45:36,23.8,19.7,68,75,500,8,0.5,206
2021-07-17T04:01:22,23.8,19.4,68,76,500,8,0.5,157
2021-07-17T04:17:02,23.8,19.1,68,77,500,8,0.9,104
2021-07-17T04:32:37,23.7,19.0,68,77,500,8,0.9,194
2021-07-17T04:48:10,23.6,18.6,68,79,500,8,0.7,217
2021-07-17T05:03:50,23.4,18.3,68,79,500,7,0.4,129
2021-07-17T05:19:24,23.4,18.3,68,79,500,7,0.8,120
2021-07-17T05:34:59,23.4,18.1,68,79,500,7,0.7,151
2021-07-17T05:50:33,23.4,17.9,68,80,500,7,0.6,91
2021-07-17T06:06:13,23.3,18.1,67,79,500,8,0.9,103
2021-07-17T06:21:47,23.3,17.9,67,80,500,7,0.9,220
2021-07-17T06:37:20,23.2,18.2,67,78,500,7,0.0,187
2021-07-17T06:52:55,23.1,17.7,68,79,500,7,0.3,213
2021-07-17T07:08:37,22.9,17.7,68,79,500,7,0.9,298
2021-07-17T07:24:10,22.8,-40.0,67,0,600,0,0.0,0
2021-07-17T07:39:44,22.8,-40.0,67,0,500,7,0.0,0
2021-07-17T07:55:19,22.8,-40.0,67,0,500,7,0.0,0
2021-07-17T08:11:00,23.0,-40.0,66,0,600,7,0.0,0
2021-07-17T08:26:33,22.9,-40.0,66,0,500,7,0.0,0
2021-07-17T08:42:07,22.9,-40.0,66,0,500,7,0.0,0
2021-07-17T08:57:41,23.0,-40.0,65,0,500,7,0.0,0
2021-07-17T09:13:21,23.2,-40.0,64,0,500,7,0.0,0
2021-07-17T09:28:55,23.4,-40.0,64,0,600,7,0.0,0
2021-07-17T09:44:30,23.7,-39.9,62,0,500,8,0.0,0
2021-07-17T10:00:04,23.9,-40.0,62,0,500,8,0.0,0
2021-07-17T10:15:46,24.1,-39.9,65,0,500,8,0.0,0
2021-07-17T10:31:26,24.0,-39.9,67,0,600,8,0.0,0
2021-07-17T10:47:01,23.9,-40.0,68,0,600,8,0.0,0
2021-07-17T11:02:43,23.9,-40.0,69,0,600,8,0.0,64
2021-07-17T11:18:19,24.0,24.6,69,59,600,8,0.7,236
2021-07-17T11:34:00,24.1,24.7,66,60,500,7,0.4,259
2021-07-17T11:49:39,24.2,25.6,64,57,400,5,1.6,213
2021-07-17T12:05:28,24.8,25.9,66,57,500,5,1.0,290
2021-07-17T12:21:07,24.8,26.7,61,54,400,4,0.9,298
2021-07-17T12:36:46,25.2,26.9,59,54,300,3,0.6,224
2021-07-17T12:52:25,25.3,27.8,56,50,400,3,0.9,235
2021-07-17T13:08:10,25.5,28.6,56,49,400,2,1.4,277
2021-07-17T13:23:49,25.6,28.5,56,48,400,3,2.0,201
2021-07-17T13:39:28,25.6,29.0,59,47,400,3,1.5,115
2021-07-17T13:55:09,25.5,29.2,60,44,400,6,0.9,235
2021-07-17T14:10:52,25.5,29.7,60,42,400,6,0.8,278
2021-07-17T14:26:29,25.5,30.5,60,41,400,7,1.7,200
2021-07-17T14:42:06,25.5,30.3,60,42,400,6,1.9,261
2021-07-17T14:57:42,25.7,31.1,61,40,400,7,0.5,243
2021-07-17T15:13:26,25.8,31.4,59,39,400,7,0.5,102
2021-07-17T15:29:02,25.9,31.4,58,39,400,7,0.8,278
2021-07-17T15:44:38,26.1,32.3,56,36,400,7,1.1,119
2021-07-17T16:00:15,26.3,32.7,55,36,400,6,1.1,272
2021-07-17T16:15:58,26.4,33.0,56,32,400,7,0.7,277
2021-07-17T16:31:34,26.4,32.6,56,36,400,6,1.5,246
2021-07-17T16:47:16,26.6,32.9,55,34,400,7,1.4,267
2021-07-17T17:02:59,26.9,33.2,53,32,400,7,1.8,230
2021-07-17T17:18:34,27.1,33.9,53,31,400,7,1.6,273
2021-07-17T17:34:11,27.1,34.2,52,28,400,7,0.2,176
2021-07-17T17:49:46,27.1,33.9,52,28,400,7,0.9,285
2021-07-17T18:05:30,27.1,32.4,49,27,400,7,1.6,250
2021-07-17T18:21:11,27.1,32.7,48,28,400,6,0.9,223
2021-07-17T18:36:47,27.1,32.8,50,28,400,6,1.2,248
2021-07-17T18:52:23,27.1,32.7,50,28,400,6,0.9,120
2021-07-17T19:08:05,27.1,32.4,50,31,400,6,0.9,287
2021-07-17T19:23:41,27.2,32.9,49,28,400,7,0.9,268
2021-07-17T19:39:19,27.2,33.4,49,30,400,7,0.6,337
2021-07-17T19:54:55,27.2,32.6,50,30,400,8,0.5,234
2021-07-17T20:10:38,27.2,32.4,51,33,400,7,0.7,204
2021-07-17T20:26:15,27.4,31.9,52,36,400,7,0.4,268
2021-07-17T20:41:51,27.4,31.3,53,38,400,7,0.4,243
2021-07-17T20:57:28,27.4,30.6,53,36,400,8,0.7,238
2021-07-17T21:13:10,27.3,29.8,52,36,400,8,0.5,219
2021-07-17T21:28:47,26.9,28.8,53,41,400,8,0.7,232
2021-07-17T21:44:23,26.7,27.8,60,50,400,7,0.9,179
2021-07-17T21:59:59,26.4,26.3,62,58,400,7,0.2,318
2021-07-17T22:15:43,26.3,25.9,63,60,400,7,0.8,258
2021-07-17T22:31:19,26.0,25.1,64,62,400,7,0.1,226
2021-07-17T22:46:56,25.9,24.8,64,63,400,7,0.3,157
2021-07-17T23:02:38,25.6,24.0,65,65,400,7,2.0,110
2021-07-17T23:18:15,25.5,23.5,65,66,500,8,0.9,118
2021-07-17T23:33:52,25.4,23.2,65,66,400,7,2.0,160
2021-07-17T23:49:29,25.3,23.3,65,66,400,7,0.9,119
2021-07-18T00:05:12,25.2,23.1,65,66,400,7,2.3,112
2021-07-18T00:20:49,25.1,22.7,66,67,400,7,0.9,77
2021-07-18T00:36:25,25.0,22.5,66,68,400,7,1.0,167
2021-07-18T00:52:01,25.0,22.4,67,69,400,7,0.9,77
2021-07-18T01:07:45,24.5,22.4,67,69,400,6,1.2,76
2021-07-18T01:23:27,24.2,22.2,68,68,400,6,1.8,117
2021-07-18T01:39:09,24.0,22.1,68,68,400,6,0.9,156
2021-07-18T01:54:46,24.0,21.7,68,69,400,6,1.0,96
2021-07-18T02:10:29,24.0,21.5,68,70,400,6,0.7,103
2021-07-18T02:26:05,23.8,21.3,68,70,400,6,0.4,285
2021-07-18T02:41:42,23.8,21.2,68,69,400,6,0.8,113
2021-07-18T02:57:18,23.8,20.9,68,70,400,6,0.9,156
2021-07-18T03:13:07,23.8,20.8,68,70,400,7,0.5,232
2021-07-18T03:28:43,23.7,20.7,68,71,400,6,0.2,49
2021-07-18T03:44:20,23.5,20.1,68,73,400,6,0.3,264
2021-07-18T03:59:57,23.4,19.8,68,74,400,6,0.4,300
2021-07-18T04:15:40,23.3,19.6,68,74,400,6,0.1,3
2021-07-18T04:31:16,23.3,19.6,68,74,400,6,0.9,146
2021-07-18T04:46:53,23.3,19.6,68,74,400,6,0.9,67
2021-07-18T05:02:36,23.2,19.5,68,75,400,6,1.5,111
2021-07-18T05:18:12,23.1,19.1,69,76,400,6,1.8,103
2021-07-18T05:33:48,23.0,19.1,69,76,400,7,0.3,66
2021-07-18T05:49:25,23.0,18.9,68,76,400,6,0.6,301
2021-07-18T06:05:09,22.9,18.8,68,76,400,6,0.2,33
2021-07-18T06:20:45,22.8,18.7,68,76,400,5,0.9,101
2021-07-18T06:36:22,22.8,18.5,68,77,400,5,0.4,276
2021-07-18T06:52:04,22.6,18.4,69,78,400,5,0.2,230
2021-07-18T07:07:47,22.6,18.8,69,78,500,5,0.5,314
2021-07-18T07:23:23,22.6,18.8,69,78,500,6,0.4,308
2021-07-18T07:39:05,22.6,18.3,70,80,500,6,0.5,283
2021-07-18T07:54:42,22.9,18.8,70,79,500,5,0.4,33
2021-07-18T08:10:26,23.0,19.9,70,76,400,6,0.4,267
2021-07-18T08:26:02,23.2,20.6,69,74,500,7,0.2,227
2021-07-18T08:41:39,23.2,21.4,68,72,500,6,0.6,255
2021-07-18T08:57:16,23.5,21.8,67,70,500,6,1.3,232
2021-07-18T09:12:59,23.6,21.8,68,69,500,7,1.3,200
2021-07-18T09:28:35,23.6,22.7,67,68,500,7,0.7,104
2021-07-18T09:44:11,23.8,23.4,67,66,500,7,0.6,219
2021-07-18T09:59:47,23.9,23.9,67,65,500,7,0.8,276
2021-07-18T10:15:31,23.9,24.2,66,64,500,7,0.6,279
2021-07-18T10:31:07,24.0,24.5,70,63,500,7,0.4,241
2021-07-18T10:46:43,23.8,25.0,71,61,500,8,1.0,312
2021-07-18T11:02:26,23.8,25.5,71,60,400,7,0.6,229
2021-07-18T11:18:02,23.9,26.3,71,59,400,8,0.4,124
2021-07-18T11:33:39,24.0,26.2,71,59,400,7,1.1,256
2021-07-18T11:49:21,24.1,26.5,71,59,400,6,0.5,75
2021-07-18T12:05:05,24.3,27.3,72,58,400,7,0.7,227
2021-07-18T12:20:41,24.4,27.7,72,56,400,7,1.8,270
2021-07-18T12:36:16,25.1,28.4,70,56,400,6,2.2,237
2021-07-18T12:51:53,25.3,29.1,69,55,400,7,2.1,247
2021-07-18T13:07:37,25.4,29.5,68,53,400,7,1.4,240
2021-07-18T13:23:14,25.7,29.8,68,52,400,7,0.3,233
2021-07-18T13:38:50,25.8,29.9,67,51,400,7,1.8,275
2021-07-18T13:54:26,25.8,30.6,67,49,400,6,1.2,242
2021-07-18T14:10:15,26.1,30.8,65,48,400,6,0.7,294
2021-07-18T14:25:51,26.2,31.3,64,46,400,7,0.3,157
2021-07-18T14:41:34,26.4,31.4,64,46,400,7,1.2,222
2021-07-18T14:57:10,26.7,31.6,63,46,400,7,0.8,232
2021-07-18T15:12:53,26.8,32.0,63,43,400,8,0.8,301
2021-07-18T15:28:30,26.9,32.2,62,43,400,7,2.1,263
2021-07-18T15:44:06,26.9,32.7,59,40,400,7,1.0,278
2021-07-18T15:59:42,27.1,33.6,58,35,400,8,1.3,229
2021-07-18T16:15:24,27.1,33.9,56,34,400,8,0.3,52
2021-07-18T16:31:01,27.2,33.9,55,32,400,7,0.4,286
2021-07-18T16:46:37,27.2,33.7,54,32,400,7,2.3,263
2021-07-18T17:02:20,27.4,33.6,54,33,400,7,1.8,286
2021-07-18T17:17:56,27.4,34.0,52,30,400,7,1.5,242
2021-07-18T17:33:32,27.4,34.3,53,30,400,7,1.3,230
2021-07-18T17:49:08,27.6,34.2,51,29,400,7,0.6,284
2021-07-18T18:04:51,27.9,34.1,53,30,400,6,0.7,242
2021-07-18T18:20:27,27.9,35.0,52,27,400,7,1.4,274
2021-07-18T18:36:03,27.9,34.3,51,31,400,7,1.1,203
2021-07-18T18:51:39,28.3,34.3,52,29,400,7,1.0,99
2021-07-18T19:07:23,28.3,34.3,51,31,400,7,0.9,193
2021-07-18T19:23:00,28.3,34.3,52,30,400,6,0.8,195
2021-07-18T19:38:37,28.6,34.2,51,30,400,8,0.8,227
2021-07-18T19:54:13,28.7,34.0,53,31,500,7,0.4,202
2021-07-18T20:09:57,28.7,33.5,52,33,400,7,0.3,66
2021-07-18T20:25:33,28.5,33.3,53,33,500,7,1.0,113
2021-07-18T20:41:16,28.2,30.1,58,47,400,7,0.4,153
2021-07-18T20:56:52,28.0,29.4,58,47,400,8,1.2,225
2021-07-18T21:12:36,27.3,27.6,58,51,400,8,1.8,176
2021-07-18T21:28:12,27.2,27.3,59,51,400,8,0.7,214
2021-07-18T21:43:48,26.9,26.5,59,52,400,8,0.5,249
2021-07-18T21:59:25,26.4,26.1,58,53,400,7,1.0,112
2021-07-18T22:15:07,26.3,25.4,59,55,400,7,0.9,134
2021-07-18T22:30:50,26.2,25.2,62,58,400,7,0.9,97
2021-07-18T22:46:26,26.1,24.6,63,63,400,7,0.5,167
2021-07-18T23:02:10,25.9,24.0,63,62,400,7,0.7,114
2021-07-18T23:17:52,25.6,24.0,61,61,400,7,1.2,107
2021-07-18T23:33:29,25.6,23.7,61,61,500,7,0.5,12
2021-07-18T23:49:05,25.5,23.6,61,61,400,7,0.9,115
2021-07-19T00:04:48,25.3,23.3,62,62,400,7,1.4,123
2021-07-19T00:20:24,25.3,23.2,62,62,400,7,1.8,128
2021-07-19T00:36:01,25.3,23.0,62,63,400,7,1.6,116
2021-07-19T00:51:37,25.1,23.0,62,63,400,7,0.6,110
2021-07-19T01:07:20,25.0,22.8,63,63,400,7,1.5,121
2021-07-19T01:22:57,25.0,22.7,62,63,400,6,0.9,115
2021-07-19T01:38:34,25.0,22.5,63,64,400,6,1.1,175
2021-07-19T01:54:11,24.6,22.4,63,64,400,6,0.5,117
2021-07-19T02:09:53,24.3,22.4,65,64,400,6,0.3,156
2021-07-19T02:25:36,24.1,22.1,66,65,500,6,0.3,284
2021-07-19T02:41:13,24.0,22.1,66,65,400,6,0.2,156
2021-07-19T02:56:49,23.8,21.7,66,66,500,6,0.3,198
2021-07-19T03:12:38,23.8,21.3,67,67,500,7,0.0,1
2021-07-19T03:28:15,23.7,21.0,66,69,500,6,0.3,232
2021-07-19T03:43:51,23.7,20.9,67,70,500,6,0.5,339
2021-07-19T03:59:28,23.6,20.8,67,71,500,6,0.4,295
2021-07-19T04:15:11,23.4,20.8,67,70,500,6,0.2,179
2021-07-19T04:30:48,23.3,20.4,67,71,500,6,0.4,294
2021-07-19T04:46:25,23.3,20.5,67,70,500,6,0.2,317
2021-07-19T05:02:07,23.3,20.5,67,70,500,6,0.3,25
2021-07-19T05:17:44,23.3,20.5,67,70,500,6,0.0,0
2021-07-19T05:33:21,23.2,19.9,67,72,500,6,0.2,1
2021-07-19T05:48:58,23.1,19.7,68,73,500,6,0.2,276
2021-07-19T06:04:41,23.0,19.5,68,74,500,7,0.4,288
2021-07-19T06:20:18,22.8,18.5,68,77,500,6,0.3,160
2021-07-19T06:35:55,22.8,18.6,68,77,500,6,0.2,237
2021-07-19T06:51:31,22.8,18.5,69,77,500,6,0.6,44
2021-07-19T07:07:21,22.8,18.6,69,78,500,6,0.2,76
2021-07-19T07:23:02,22.7,18.6,69,78,600,6,0.3,296
2021-07-19T07:38:39,22.7,18.9,69,78,600,7,0.4,295
2021-07-19T07:54:16,22.7,18.7,70,79,600,7,0.4,296
2021-07-19T08:08:53,23.0,20.0,71,76,600,7,0.4,340
2021-07-19T08:24:31,23.2,20.8,69,75,600,7,0.6,309
2021-07-19T08:40:11,23.5,22.2,68,68,400,5,0.2,156
2021-07-19T08:47:41,23.6,22.6,68,66,500,6,0.2,40
2021-07-19T09:03:26,23.8,22.8,68,67,500,7,0.6,308
2021-07-19T09:19:07,24.0,23.5,68,66,500,7,0.8,287
2021-07-19T09:34:46,24.0,24.0,71,65,500,7,0.9,207
2021-07-19T09:50:31,24.0,24.5,69,63,400,7,0.5,240
2021-07-19T10:06:19,24.0,24.6,69,64,500,6,0.5,146
2021-07-19T10:21:58,24.1,25.4,71,60,400,6,1.1,223
2021-07-19T10:37:44,24.1,25.3,71,61,400,7,0.5,283
2021-07-19T10:53:24,24.1,26.3,71,59,400,6,1.1,233
2021-07-19T11:09:10,24.1,26.2,71,59,400,6,0.8,257
2021-07-19T11:24:49,24.2,27.1,71,57,400,6,0.5,273
2021-07-19T11:40:29,24.3,27.8,71,55,400,6,0.9,237
2021-07-19T11:56:08,24.5,28.6,71,54,400,6,1.4,242
2021-07-19T12:11:54,25.1,28.6,68,52,400,6,1.2,271
2021-07-19T12:27:33,25.4,29.3,66,52,400,7,0.7,267
2021-07-19T12:43:18,25.5,29.9,65,49,400,7,1.4,285
2021-07-19T12:58:58,25.6,30.1,65,48,400,7,1.2,236
2021-07-19T13:14:44,25.8,30.9,64,46,400,7,1.1,275
2021-07-19T13:30:30,26.1,30.9,63,44,500,7,1.5,140
2021-07-19T13:46:09,26.2,31.9,63,44,400,7,0.7,221
2021-07-19T14:01:54,26.3,32.2,61,42,400,7,0.9,218
2021-07-19T14:17:33,26.7,32.6,61,40,400,7,0.2,286
2021-07-19T14:33:11,26.7,32.7,60,40,400,7,0.9,192
2021-07-19T14:48:50,26.9,33.0,60,40,400,8,0.3,144
2021-07-19T15:04:37,27.1,33.5,60,40,400,7,0.4,185
2021-07-19T15:20:16,27.1,34.8,61,37,400,6,0.3,245
2021-07-19T15:35:55,27.2,34.3,59,36,400,7,0.2,325
2021-07-19T15:51:35,27.4,34.1,59,36,400,6,0.3,262
2021-07-19T16:07:21,27.7,34.2,59,37,400,7,0.9,302
2021-07-19T16:23:00,27.7,34.9,58,36,400,7,0.2,212
2021-07-19T16:38:46,27.9,35.5,57,35,400,6,0.3,296
2021-07-19T16:54:25,27.9,35.8,57,35,400,6,0.1,90
2021-07-19T17:10:11,27.9,34.9,57,34,400,7,0.8,277
2021-07-19T17:25:57,27.9,34.9,56,34,400,7,1.8,276
2021-07-19T17:41:36,28.0,34.9,56,34,400,7,0.5,291
2021-07-19T17:57:22,28.3,35.3,55,32,400,7,0.8,285
2021-07-19T18:13:08,28.3,35.0,55,34,400,6,0.8,266
2021-07-19T18:28:48,28.6,35.6,56,33,400,7,0.3,248
2021-07-19T18:44:28,28.7,35.8,53,33,400,7,0.4,225
2021-07-19T19:00:08,28.7,35.3,53,33,400,7,0.1,179
2021-07-19T19:15:55,28.7,35.0,53,32,400,7,0.6,278
2021-07-19T19:31:35,28.7,35.3,53,33,400,7,0.5,274
2021-07-19T19:47:15,28.7,34.2,54,34,500,7,1.3,276
2021-07-19T20:03:02,28.7,33.6,56,39,500,7,1.6,271
2021-07-19T20:18:42,28.7,32.3,56,41,500,8,0.7,197
2021-07-19T20:34:21,28.7,31.9,57,44,400,8,0.3,240
2021-07-19T20:50:00,28.7,31.0,58,47,400,7,0.3,196
2021-07-19T21:05:48,28.4,30.3,58,47,500,8,1.0,228
2021-07-19T21:21:28,27.9,29.4,59,47,400,8,0.6,190
2021-07-19T21:37:07,27.6,28.5,60,52,400,8,0.8,187
2021-07-19T21:52:47,27.3,27.3,60,54,400,8,0.3,180
2021-07-19T22:08:34,27.1,26.8,61,55,400,7,0.5,145
2021-07-19T22:24:20,26.9,26.4,61,56,400,7,0.5,107
2021-07-19T22:39:59,26.5,25.6,62,59,400,7,1.1,121
2021-07-19T22:55:38,26.4,25.1,62,60,400,7,0.6,103
2021-07-19T23:11:25,26.3,24.9,61,60,400,7,1.8,92
2021-07-19T23:27:05,26.1,24.6,62,60,400,7,1.0,171
2021-07-19T23:42:50,25.9,24.0,62,61,500,7,0.5,50
2021-07-19T23:58:29,25.6,23.8,61,61,400,7,0.7,120
2021-07-20T00:14:15,25.6,23.8,61,60,400,7,0.4,249
2021-07-20T00:29:55,25.6,23.8,61,60,400,7,0.9,79
2021-07-20T00:45:34,25.5,23.6,61,60,400,6,1.6,106
2021-07-20T01:01:20,25.4,23.4,62,61,400,6,0.9,161
2021-07-20T01:17:00,25.3,22.9,62,63,400,7,0.3,90
2021-07-20T01:32:39,25.3,22.8,62,63,400,6,0.5,178
2021-07-20T01:48:25,25.2,22.9,62,62,400,6,0.9,139
2021-07-20T02:04:11,25.2,23.1,61,61,400,6,0.2,114
2021-07-20T02:19:50,25.1,23.1,62,61,400,6,0.8,267
2021-07-20T02:35:28,25.0,22.7,62,62,400,6,1.1,90
2021-07-20T02:51:07,25.0,22.7,62,62,400,6,0.8,114
2021-07-20T03:06:53,25.0,22.1,62,64,400,6,0.7,73
2021-07-20T03:22:33,24.4,22.0,63,64,400,6,1.0,131
2021-07-20T03:38:12,24.0,22.0,65,64,400,5,0.7,98
2021-07-20T03:53:51,24.0,21.8,65,64,400,5,0.7,52
2021-07-20T04:09:38,23.9,21.3,65,65,400,5,1.1,97
2021-07-20T04:25:16,23.8,21.3,65,65,400,6,1.3,79
2021-07-20T04:40:55,23.8,21.2,64,64,400,6,1.5,96
2021-07-20T04:56:35,23.8,21.2,64,63,400,6,1.6,128
2021-07-20T05:12:21,23.8,21.3,64,63,400,6,0.8,157
2021-07-20T05:28:01,23.7,21.1,64,64,500,6,0.4,188
2021-07-20T05:43:40,23.7,20.9,64,65,400,7,0.3,250
2021-07-20T05:59:19,23.7,20.5,64,66,400,7,0.8,209
2021-07-20T06:15:06,23.5,20.3,64,67,400,7,0.3,244
2021-07-20T06:30:45,23.4,20.2,64,67,500,6,0.5,100
2021-07-20T06:46:25,23.3,20.0,65,67,500,6,0.7,129
2021-07-20T07:02:11,23.3,20.2,64,67,500,6,0.7,107
2021-07-20T07:17:51,23.3,20.3,65,67,500,6,0.4,98
2021-07-20T07:33:30,23.3,20.2,65,68,500,6,0.2,90
2021-07-20T07:49:10,23.3,20.6,65,67,500,6,0.9,91
2021-07-20T08:05:00,23.3,20.8,65,67,500,6,0.3,45
2021-07-20T08:20:41,23.7,22.4,63,63,400,5,0.6,130
2021-07-20T08:36:22,23.9,23.2,62,61,400,4,0.7,143
2021-07-20T08:52:02,24.2,24.3,61,58,400,3,1.0,103
2021-07-20T09:07:49,24.5,24.8,60,57,400,4,0.1,231
2021-07-20T09:23:29,24.8,25.9,59,54,400,4,0.7,80
2021-07-20T09:39:07,25.2,26.4,58,52,400,4,0.2,40
2021-07-20T09:54:46,25.4,27.9,56,48,400,4,0.4,245
2021-07-20T10:10:30,25.5,28.5,59,43,500,5,0.6,227
2021-07-20T10:26:05,25.5,29.4,60,42,500,7,1.2,206
2021-07-20T10:41:41,25.7,29.8,55,41,500,7,0.9,231
2021-07-20T10:57:16,26.4,30.5,51,39,400,3,0.2,201
2021-07-20T11:13:05,26.7,31.6,50,37,400,2,0.6,211
2021-07-20T11:28:42,27.1,31.6,48,37,400,2,1.2,247
2021-07-20T11:44:24,27.1,31.7,48,36,400,2,0.4,249
2021-07-20T12:00:04,27.4,32.5,46,33,400,2,0.3,196
2021-07-20T12:15:52,27.7,32.9,46,34,400,2,0.3,312
2021-07-20T12:31:33,28.0,33.9,45,31,400,2,0.2,214
2021-07-20T12:47:19,28.3,34.0,45,31,400,2,0.2,242
2021-07-20T13:03:06,28.5,34.4,48,30,400,3,0.2,178
2021-07-20T13:18:47,27.9,34.4,52,31,400,7,1.1,248
2021-07-20T13:34:26,27.6,35.5,52,28,400,8,1.1,164
2021-07-20T13:50:05,27.6,35.6,53,30,400,8,0.7,255
2021-07-20T14:05:53,27.8,35.2,53,30,400,7,0.8,242
2021-07-20T14:21:32,27.8,35.5,53,30,400,7,0.4,316
2021-07-20T14:37:13,27.9,35.9,53,31,400,7,0.2,216
2021-07-20T14:52:58,28.0,36.1,54,30,400,7,1.1,243
2021-07-20T15:08:44,28.3,35.9,53,30,400,7,0.2,153
2021-07-20T15:24:25,28.3,36.2,54,30,400,7,1.0,159
2021-07-20T15:40:05,28.6,37.2,54,30,400,6,0.8,160
2021-07-20T15:55:44,28.6,36.9,55,30,400,6,1.1,236
2021-07-20T16:11:32,28.7,37.2,54,30,400,7,0.2,131
2021-07-20T16:27:18,28.7,37.9,54,29,400,7,1.1,186
2021-07-20T16:42:58,29.0,37.7,54,29,400,7,0.2,268
2021-07-20T16:58:38,29.0,37.5,56,31,400,7,0.2,275
2021-07-20T17:14:26,29.2,36.6,56,34,400,7,0.7,286
2021-07-20T17:30:06,29.2,35.4,57,36,400,7,1.0,252
2021-07-20T17:45:46,29.1,35.2,57,37,400,7,1.8,275
2021-07-20T18:01:34,29.1,34.5,57,38,400,7,1.5,205
2021-07-20T18:17:14,28.9,34.4,56,38,400,8,2.7,216
2021-07-20T18:32:54,28.9,33.9,56,38,400,7,1.4,229
2021-07-20T18:48:35,28.9,33.7,56,38,400,7,1.1,211
2021-07-20T19:04:21,28.9,32.9,56,38,400,7,1.4,250
2021-07-20T19:20:01,28.9,32.3,56,40,400,7,1.2,248
2021-07-20T19:35:42,28.8,32.0,56,41,400,7,0.3,255
2021-07-20T19:51:21,28.7,31.1,57,45,400,7,0.6,282
2021-07-20T20:07:09,28.5,30.7,57,45,400,8,2.8,246
2021-07-20T20:22:49,28.5,30.1,57,47,400,8,1.6,236
2021-07-20T20:38:29,28.1,29.7,58,47,400,8,1.1,249
2021-07-20T20:54:14,28.1,28.9,58,49,400,8,1.6,242
2021-07-20T21:10:00,27.6,28.3,58,51,400,8,1.2,268
2021-07-20T21:25:40,27.3,27.5,58,52,400,8,0.6,244
2021-07-20T21:41:20,27.3,27.3,60,52,500,8,0.0,2
2021-07-20T21:57:00,27.2,26.9,59,54,400,8,0.9,102
2021-07-20T22:12:47,27.0,26.1,59,54,400,8,1.1,117
2021-07-20T22:28:27,26.8,26.1,58,53,400,8,0.8,90
2021-07-20T22:44:06,26.5,25.5,59,55,500,7,0.3,202
2021-07-20T22:59:45,26.4,25.5,59,55,400,7,0.4,144
2021-07-20T23:15:31,26.3,24.8,60,57,400,7,1.1,143
2021-07-20T23:31:17,26.3,25.1,57,54,400,7,0.4,212
2021-07-20T23:46:56,26.3,25.8,59,52,400,7,0.4,124
2021-07-21T00:02:44,26.2,25.4,61,54,400,6,0.2,3
2021-07-21T00:18:23,25.9,24.8,63,62,400,6,0.1,89
2021-07-21T00:34:02,25.6,23.9,66,68,400,6,0.7,90
2021-07-21T00:49:42,25.6,22.8,68,70,400,6,0.6,287
2021-07-21T01:05:29,25.5,23.6,66,64,400,7,0.8,332
2021-07-21T01:21:09,25.4,22.8,65,69,400,7,1.5,223
2021-07-21T01:36:49,25.2,22.1,66,70,400,6,0.2,53
2021-07-21T01:52:29,25.0,21.7,67,70,400,6,1.7,265
2021-07-21T02:08:16,25.0,20.7,68,75,400,6,2.7,104
2021-07-21T02:23:56,25.0,21.4,67,70,400,6,2.4,194
2021-07-21T02:39:35,24.9,22.0,65,67,400,6,0.7,117
2021-07-21T02:55:15,24.3,21.9,67,67,400,6,0.1,1
2021-07-21T03:11:07,24.0,21.9,69,69,400,5,0.7,231
2021-07-21T03:26:47,24.0,21.2,70,70,400,5,0.2,112
2021-07-21T03:42:27,24.0,21.0,71,72,500,6,0.4,291
2021-07-21T03:58:07,23.8,20.5,69,73,400,6,1.0,202
2021-07-21T04:13:54,23.8,20.6,69,73,400,6,0.8,228
2021-07-21T04:29:34,23.8,20.9,69,73,400,5,0.4,268
2021-07-21T04:45:14,23.8,20.9,69,73,400,5,0.7,283
2021-07-21T05:01:01,23.8,20.7,69,72,400,5,0.8,43
2021-07-21T05:16:40,23.8,20.6,69,74,500,5,0.3,286
2021-07-21T05:32:20,23.7,19.9,70,77,500,6,1.1,335
2021-07-21T05:48:00,23.4,19.6,70,78,500,6,0.9,323
2021-07-21T06:03:47,23.3,19.1,71,80,500,6,0.0,3
2021-07-21T06:19:27,23.3,18.8,71,82,500,6,0.3,293
2021-07-21T06:35:07,23.2,18.8,71,82,500,6,0.2,335
2021-07-21T06:50:46,23.2,19.0,72,80,600,7,0.1,179
2021-07-21T07:06:35,23.2,18.9,73,81,500,6,0.4,123
2021-07-21T07:22:14,23.2,18.6,73,84,500,7,1.1,109
2021-07-21T07:37:54,23.2,18.6,73,85,500,7,1.4,106
2021-07-21T07:53:33,23.2,18.9,73,84,500,8,0.0,90
2021-07-21T08:09:24,23.2,19.3,73,83,500,7,0.8,81
2021-07-21T08:25:04,23.2,20.3,73,81,500,5,1.2,113
2021-07-21T08:40:48,23.2,20.9,74,79,400,4,0.7,90
2021-07-21T08:56:29,23.6,21.9,73,77,400,5,0.2,313
2021-07-21T09:12:10,23.8,22.4,73,75,400,4,0.3,247
2021-07-21T09:27:46,24.0,23.8,72,70,400,4,0.5,157
2021-07-21T09:43:19,24.3,24.8,71,67,400,4,0.5,319
2021-07-21T09:58:52,24.8,25.4,71,66,400,5,0.2,318
2021-07-21T10:14:32,24.8,26.5,69,61,400,5,0.7,135
2021-07-21T10:30:07,25.1,26.8,66,59,400,4,0.5,212
2021-07-21T10:45:40,25.3,27.3,63,55,400,4,0.8,156
2021-07-21T11:01:29,25.5,28.0,62,52,400,3,0.8,230
2021-07-21T11:17:01,25.7,29.0,65,50,500,5,0.4,162
2021-07-21T11:32:44,25.6,29.7,64,47,400,7,1.0,196
2021-07-21T11:48:24,25.7,30.3,64,46,500,7,0.2,109
2021-07-21T12:04:04,25.8,30.7,64,46,400,7,0.2,207
2021-07-21T12:19:37,26.1,31.0,63,46,400,7,1.3,267
2021-07-21T12:35:16,26.2,32.4,61,40,400,7,1.4,228
2021-07-21T12:50:51,26.3,32.2,60,39,400,7,0.5,200
2021-07-21T13:06:31,26.7,33.2,59,38,400,6,0.7,259
2021-07-21T13:22:04,26.7,33.8,57,35,400,7,0.5,298
2021-07-21T13:37:37,26.7,34.6,55,30,400,7,0.4,315
2021-07-21T13:53:10,26.9,34.8,53,27,400,7,0.6,295
2021-07-21T14:08:52,26.9,35.3,53,27,400,7,0.7,160
2021-07-21T14:24:27,27.1,35.8,55,27,400,6,0.9,207
2021-07-21T14:40:07,27.4,36.8,55,30,400,6,0.0,1
2021-07-21T14:55:47,27.8,36.7,55,29,400,6,0.2,222
2021-07-21T15:11:36,27.9,37.0,53,28,400,7,0.4,268
2021-07-21T15:27:16,27.9,38.1,49,21,400,7,0.6,197
2021-07-21T15:42:56,28.3,37.6,52,25,400,6,1.1,249
2021-07-21T15:58:36,28.3,37.3,52,27,400,7,0.3,267
2021-07-21T16:14:23,28.6,37.9,54,27,500,8,0.4,211
2021-07-21T16:30:04,28.6,38.1,54,28,400,8,0.7,231
2021-07-21T16:45:44,28.7,38.4,55,26,400,7,0.7,233
2021-07-21T17:01:31,28.7,38.1,54,27,400,7,0.2,224
2021-07-21T17:17:11,29.0,38.4,53,28,400,7,0.6,228
2021-07-21T17:32:58,29.0,38.7,53,27,400,7,0.6,249
2021-07-21T17:48:38,29.0,38.2,54,28,400,8,0.3,124
2021-07-21T18:04:25,29.3,37.6,55,31,400,8,1.0,166
2021-07-21T18:20:06,29.4,37.2,56,32,400,8,0.8,111
2021-07-21T18:35:46,29.4,36.9,56,35,400,8,1.6,174
2021-07-21T18:51:26,29.5,-39.9,56,0,400,7,0.0,0
2021-07-21T19:07:14,29.7,37.3,55,33,500,7,0.2,137
2021-07-21T19:22:54,29.7,36.6,58,37,400,7,0.1,12
2021-07-21T19:38:33,29.6,35.4,59,39,400,8,0.5,194
2021-07-21T19:54:13,29.5,33.9,55,37,400,9,1.4,233
2021-07-21T20:10:05,29.0,33.7,55,38,400,8,0.8,249
2021-07-21T20:25:36,29.0,32.5,55,42,400,8,0.8,248
2021-07-21T20:41:07,28.9,31.7,56,43,400,8,0.7,255
2021-07-21T20:56:39,28.5,30.8,56,44,400,8,1.3,238
2021-07-21T21:12:17,28.2,29.8,56,43,400,8,0.5,209
2021-07-21T21:27:54,28.1,29.5,58,46,400,8,0.7,104
2021-07-21T21:43:26,27.6,28.3,59,51,400,8,0.1,229
2021-07-21T21:59:02,27.5,27.9,58,50,400,7,0.7,140
2021-07-21T22:14:42,27.3,27.3,58,51,400,7,0.9,117
2021-07-21T22:30:12,27.0,26.6,58,53,500,7,1.2,101
2021-07-21T22:45:43,26.8,26.3,57,50,400,7,0.6,172
2021-07-21T23:01:20,26.6,26.2,57,50,400,7,1.4,117
2021-07-21T23:16:51,26.4,26.0,57,50,500,7,0.6,96
2021-07-21T23:32:22,26.4,25.6,57,51,500,7,0.1,17
2021-07-21T23:47:52,26.2,25.2,58,52,400,7,1.1,103
2021-07-22T00:03:30,26.0,25.0,58,53,400,7,1.0,93
2021-07-22T00:19:00,26.0,25.2,58,52,500,7,0.6,76
2021-07-22T00:34:31,26.0,24.8,59,55,500,7,0.8,101
2021-07-22T00:50:02,25.9,24.6,60,57,400,7,0.4,200
2021-07-22T01:05:40,25.7,24.1,61,59,400,6,0.9,109
2021-07-22T01:21:16,25.6,24.0,61,60,400,6,0.2,222
2021-07-22T01:36:47,25.6,24.0,61,59,400,6,0.4,305
2021-07-22T01:52:17,25.5,23.8,61,59,400,6,0.3,122
2021-07-22T02:07:55,25.4,23.6,60,58,400,6,0.7,119
2021-07-22T02:23:26,25.4,23.6,60,59,400,6,0.7,80
2021-07-22T02:38:56,25.3,23.5,61,59,400,6,1.8,135
2021-07-22T02:54:27,25.2,23.3,61,59,400,6,0.9,136
2021-07-22T03:10:05,25.1,23.1,60,59,400,6,2.1,133
2021-07-22T03:25:35,25.0,22.7,60,59,400,6,1.9,111
2021-07-22T03:41:06,24.9,22.5,60,60,400,5,1.6,157
2021-07-22T03:56:42,24.2,22.5,62,59,400,6,1.9,115
2021-07-22T04:12:26,24.0,22.4,63,59,400,5,0.1,265
2021-07-22T04:27:57,24.0,22.3,63,59,400,6,1.8,111
2021-07-22T04:43:27,24.0,22.2,63,59,400,6,0.2,219
2021-07-22T04:58:58,23.9,21.8,63,61,400,6,0.5,146
2021-07-22T05:14:36,23.8,21.7,63,61,400,6,1.4,172
2021-07-22T05:30:06,23.8,21.6,64,61,400,6,0.7,154
2021-07-22T05:45:37,23.8,21.5,64,62,400,6,0.1,0
2021-07-22T06:01:22,23.7,21.4,64,62,400,6,0.9,83
2021-07-22T06:16:52,23.7,21.0,64,63,500,6,1.2,85
2021-07-22T06:32:23,23.7,20.9,64,63,500,6,0.6,112
2021-07-22T06:47:54,23.7,20.8,64,64,500,6,0.7,205
2021-07-22T07:03:38,23.5,20.6,64,64,500,6,1.0,105
2021-07-22T07:19:08,23.4,20.4,65,67,500,6,0.3,310
2021-07-22T07:34:39,23.4,20.3,66,68,500,6,0.2,306
2021-07-22T07:50:10,23.4,20.5,66,67,500,6,0.9,112
2021-07-22T08:05:47,23.4,20.8,67,66,500,6,1.6,102
2021-07-22T08:21:18,23.6,21.8,68,64,500,6,1.4,115
2021-07-22T08:36:48,23.8,23.1,68,61,500,6,0.4,71
2021-07-22T08:52:20,23.9,23.8,68,59,500,6,0.5,107
2021-07-22T09:08:00,24.8,25.0,62,57,400,5,1.1,83
2021-07-22T09:23:33,25.1,25.2,65,57,400,4,1.4,123
2021-07-22T09:39:07,25.5,27.1,60,53,500,5,0.7,106
2021-07-22T09:54:43,26.1,27.7,58,50,400,4,0.0,179
2021-07-22T10:10:28,26.6,29.2,56,45,400,4,0.8,134
2021-07-22T10:19:38,26.9,29.8,53,42,400,4,1.2,133
2021-07-22T10:35:50,27.1,30.6,51,40,400,4,0.4,230
2021-07-22T10:51:24,27.5,31.5,46,35,400,3,0.2,107
2021-07-22T11:07:05,27.9,32.1,45,30,400,2,0.2,267
2021-07-22T11:22:38,27.9,33.2,46,32,400,2,0.1,139
2021-07-22T11:38:11,28.1,33.2,43,31,400,2,0.7,106
2021-07-22T11:53:51,28.6,34.1,41,28,400,2,0.2,303
2021-07-22T12:09:41,28.7,34.8,40,26,400,2,1.1,212
2021-07-22T12:25:20,28.7,34.9,40,26,400,2,0.2,319
2021-07-22T12:40:59,28.8,34.6,47,27,400,4,0.3,228
2021-07-22T12:56:38,28.1,34.5,50,27,500,6,0.6,327
2021-07-22T13:12:23,28.0,35.2,51,26,400,6,0.1,46
2021-07-22T13:28:02,28.0,36.0,51,25,500,6,0.4,154
2021-07-22T13:43:41,28.0,36.6,51,27,400,6,0.4,179
2021-07-22T13:59:20,28.0,36.4,51,27,400,6,0.4,203
2021-07-22T14:15:06,28.3,37.7,52,28,400,6,0.4,247
2021-07-22T14:30:45,28.3,37.7,53,27,400,6,0.6,316
2021-07-22T14:46:24,28.3,36.7,54,30,400,6,1.0,247
2021-07-22T15:02:11,28.7,37.7,53,27,400,6,0.4,173
2021-07-22T15:17:50,28.7,38.7,52,24,400,6,0.4,16
