Pen Number,Animal ID,Start,End,Duration (s),Feed (g),Animal Weight (g)
4,982091062894348,2021-03-16T17:56:10Z,2021-03-16T17:56:15Z,5,0,29000
4,982091062894348,2021-03-16T17:56:27Z,2021-03-16T17:56:50Z,23,0,27600
4,982091062894348,2021-03-16T17:56:55Z,2021-03-16T17:56:57Z,2,0,32000
4,982091062894348,2021-03-16T17:57:04Z,2021-03-16T17:57:56Z,52,212,40400
4,982091062894348,2021-03-16T17:58:10Z,2021-03-16T17:58:11Z,1,0,0
4,982091062894348,2021-03-16T17:58:24Z,2021-03-16T17:58:26Z,2,0,32600
4,982091062894348,2021-03-16T17:58:29Z,2021-03-16T17:58:56Z,27,0,33500
4,982091062894348,2021-03-16T17:59:04Z,2021-03-16T17:59:42Z,38,0,10800
4,982091062894348,2021-03-16T17:59:48Z,2021-03-16T18:00:15Z,27,0,32200
4,982091062894348,2021-03-16T18:00:16Z,2021-03-16T18:00:18Z,2,0,31400
4,982091062894348,2021-03-16T18:00:20Z,2021-03-16T18:00:21Z,1,0,0
4,982091062894348,2021-03-16T18:03:33Z,2021-03-16T18:03:34Z,1,0,0
4,982091062894348,2021-03-16T18:09:09Z,2021-03-16T18:09:10Z,1,0,30100
4,982091062894348,2021-03-16T18:09:16Z,2021-03-16T18:09:17Z,1,0,31100
4,982091062894348,2021-03-16T18:09:19Z,2021-03-16T18:09:52Z,33,0,30300
4,982091062894348,2021-03-16T18:09:55Z,2021-03-16T18:10:09Z,14,0,10700
4,982091062894348,2021-03-16T18:10:12Z,2021-03-16T18:10:18Z,6,0,0
4,982091062894348,2021-03-16T18:10:21Z,2021-03-16T18:10:31Z,10,0,28800
4,982091062894348,2021-03-16T18:10:53Z,2021-03-16T18:10:57Z,4,0,27100
4,982091062894348,2021-03-16T18:11:01Z,2021-03-16T18:11:05Z,4,0,0
4,982091062894348,2021-03-16T18:11:07Z,2021-03-16T18:11:10Z,3,0,0
4,982091062894348,2021-03-16T18:11:14Z,2021-03-16T18:11:16Z,2,0,0
4,982091062894348,2021-03-16T18:11:28Z,2021-03-16T18:11:30Z,2,0,0
4,982091062894348,2021-03-16T18:17:30Z,2021-03-16T18:18:32Z,62,0,28400
4,982091062894348,2021-03-16T18:19:56Z,2021-03-16T18:19:57Z,1,0,0
4,982091062894348,2021-03-16T18:19:59Z,2021-03-16T18:20:36Z,37,0,28800
4,982091062894348,2021-03-16T18:20:43Z,2021-03-16T18:20:46Z,3,398,0
4,982091062894348,2021-03-16T18:24:03Z,2021-03-16T18:24:03Z,0,0,0
4,982091062894348,2021-03-16T18:24:09Z,2021-03-16T18:24:14Z,5,0,27400
4,982091062894348,2021-03-16T18:24:27Z,2021-03-16T18:24:39Z,12,0,44000
4,982091062894348,2021-03-16T18:24:41Z,2021-03-16T18:24:43Z,2,0,46300
4,982091062894348,2021-03-16T18:24:49Z,2021-03-16T18:25:38Z,49,0,45000
4,982091062894348,2021-03-16T18:29:45Z,2021-03-16T18:29:51Z,6,0,24700
4,982091062894348,2021-03-16T18:29:52Z,2021-03-16T18:29:53Z,1,0,25500
4,982091062894348,2021-03-16T18:30:08Z,2021-03-16T18:31:43Z,95,0,48400
4,982091062894348,2021-03-16T18:31:47Z,2021-03-16T18:31:57Z,10,0,28700
4,982091062894348,2021-03-16T18:32:10Z,2021-03-16T18:32:11Z,1,0,0
4,982091062894348,2021-03-16T18:52:40Z,2021-03-16T18:52:46Z,6,0,27300
4,982091062894348,2021-03-16T18:54:23Z,2021-03-16T18:55:20Z,57,0,25800
4,982091062894348,2021-03-16T18:55:24Z,2021-03-16T18:55:39Z,15,0,27900
4,982091062894348,2021-03-16T18:55:42Z,2021-03-16T18:55:46Z,4,0,0
4,982091062894348,2021-03-16T19:03:32Z,2021-03-16T19:03:42Z,10,0,26600
4,982091062894348,2021-03-16T19:03:43Z,2021-03-16T19:03:44Z,1,0,17400
4,982091062894348,2021-03-16T19:03:46Z,2021-03-16T19:03:47Z,1,0,0
4,982091062894348,2021-03-16T19:04:00Z,2021-03-16T19:05:12Z,72,0,16000
4,982091062894348,2021-03-16T19:23:51Z,2021-03-16T19:23:54Z,3,0,26000
4,982091062894348,2021-03-16T19:24:37Z,2021-03-16T19:24:37Z,0,0,0
4,982091062894348,2021-03-16T19:24:48Z,2021-03-16T19:25:12Z,24,0,36700
4,982091062894348,2021-03-16T19:25:26Z,2021-03-16T19:25:27Z,1,0,0
4,982091062894348,2021-03-16T19:25:27Z,2021-03-16T19:25:30Z,3,0,16400
4,982091062894348,2021-03-16T19:25:37Z,2021-03-16T19:25:42Z,5,0,17500
4,982091062894348,2021-03-16T19:25:43Z,2021-03-16T19:25:45Z,2,0,17300
4,982091062894348,2021-03-16T19:25:46Z,2021-03-16T19:25:48Z,2,0,17700
4,982091062894348,2021-03-16T19:25:49Z,2021-03-16T19:25:51Z,2,0,17500
4,982091062894348,2021-03-16T19:25:53Z,2021-03-16T19:25:59Z,6,0,17200
4,982091062894348,2021-03-16T19:26:00Z,2021-03-16T19:26:08Z,8,0,16400
4,982091062894348,2021-03-16T23:17:10Z,2021-03-16T23:18:25Z,75,0,31600
4,982091062894348,2021-03-16T23:18:43Z,2021-03-16T23:18:53Z,10,0,28000
4,982091062894348,2021-03-16T23:19:08Z,2021-03-16T23:21:20Z,132,0,29400
4,982091062894348,2021-03-16T23:21:23Z,2021-03-16T23:21:35Z,12,0,30600
4,982091062894348,2021-03-16T23:21:41Z,2021-03-16T23:21:44Z,3,0,28200
4,982091062894348,2021-03-16T23:22:13Z,2021-03-16T23:22:13Z,0,0,0
4,982091062894348,2021-03-16T23:23:10Z,2021-03-16T23:23:24Z,14,0,40400
4,982091062894348,2021-03-16T23:23:28Z,2021-03-16T23:23:29Z,1,0,40300
4,982091062894348,2021-03-17T00:32:48Z,2021-03-17T00:37:38Z,290,59,18500
4,982091062894348,2021-03-17T00:38:47Z,2021-03-17T00:40:31Z,104,15,18600
4,982091062894348,2021-03-17T00:42:54Z,2021-03-17T00:43:04Z,10,0,18500
4,982091062894348,2021-03-17T01:56:32Z,2021-03-17T01:57:17Z,45,5,18600
4,982091062894348,2021-03-17T02:47:13Z,2021-03-17T02:49:16Z,123,0,18600
4,982091062894348,2021-03-17T03:03:16Z,2021-03-17T03:03:18Z,2,0,0
4,982091062894348,2021-03-17T03:03:21Z,2021-03-17T03:11:00Z,459,145,27600
4,982091062894348,2021-03-17T03:11:08Z,2021-03-17T03:11:42Z,34,4,18900
4,982091062894348,2021-03-17T05:42:54Z,2021-03-17T05:49:03Z,369,62,20300
4,982091062894348,2021-03-17T05:56:09Z,2021-03-17T05:56:13Z,4,0,30000
4,982091062894348,2021-03-17T05:57:06Z,2021-03-17T05:57:14Z,8,0,24400
4,982091062894348,2021-03-17T05:57:19Z,2021-03-17T05:59:54Z,155,69,30000
4,982091062894348,2021-03-17T07:24:40Z,2021-03-17T07:26:33Z,113,8,18800
4,982091062894348,2021-03-17T10:35:56Z,2021-03-17T10:35:57Z,1,0,0
4,982091062894348,2021-03-17T10:36:00Z,2021-03-17T10:40:37Z,277,97,28300
4,982091062894348,2021-03-17T10:46:36Z,2021-03-17T10:46:46Z,10,0,17300
4,982091062894348,2021-03-17T10:47:08Z,2021-03-17T10:47:13Z,5,13,0
4,982091062894348,2021-03-17T10:47:42Z,2021-03-17T10:48:44Z,62,0,27500
4,982091062894348,2021-03-17T10:54:25Z,2021-03-17T10:54:26Z,1,0,20800
4,982091062894348,2021-03-17T10:54:32Z,2021-03-17T10:54:33Z,1,0,0
4,982091062894348,2021-03-17T10:54:33Z,2021-03-17T10:54:36Z,3,0,21400
4,982091062894348,2021-03-17T10:54:40Z,2021-03-17T10:55:04Z,24,0,21600
4,982091062894348,2021-03-17T10:55:10Z,2021-03-17T10:55:29Z,19,0,23900
4,982091062894348,2021-03-17T10:55:40Z,2021-03-17T11:01:30Z,350,134,22300
4,982091062894348,2021-03-17T11:24:03Z,2021-03-17T11:27:56Z,233,0,26700
4,982091062894348,2021-03-17T11:27:57Z,2021-03-17T11:28:22Z,25,24,28700
4,982091062894348,2021-03-17T12:40:34Z,2021-03-17T12:42:52Z,138,0,26300
4,982091062894348,2021-03-17T12:44:13Z,2021-03-17T12:44:16Z,3,0,18100
4,982091062894348,2021-03-17T12:44:23Z,2021-03-17T12:44:29Z,6,0,17800
4,982091062894348,2021-03-17T12:46:27Z,2021-03-17T12:46:30Z,3,0,21400
4,982091062894348,2021-03-17T13:09:36Z,2021-03-17T13:10:03Z,27,9,19100
4,982091062894348,2021-03-17T13:12:18Z,2021-03-17T13:12:35Z,17,7,19100
4,982091062894348,2021-03-17T13:22:54Z,2021-03-17T13:26:36Z,222,41,19400
4,982091062894348,2021-03-17T13:30:56Z,2021-03-17T13:31:08Z,12,3,18900
4,982091062894348,2021-03-17T13:52:51Z,2021-03-17T13:56:58Z,247,34,20000
4,982091062894348,2021-03-17T13:59:26Z,2021-03-17T13:59:30Z,4,0,23800
4,982091062894348,2021-03-17T13:59:41Z,2021-03-17T14:00:51Z,70,20,25300
4,982091062894348,2021-03-17T14:23:12Z,2021-03-17T14:24:25Z,73,10,19500
4,982091062894348,2021-03-17T15:00:15Z,2021-03-17T15:03:33Z,198,0,19300
4,982091062894348,2021-03-17T15:03:37Z,2021-03-17T15:03:38Z,1,0,0
4,982091062894348,2021-03-17T15:04:24Z,2021-03-17T15:04:25Z,1,0,0
4,982091062894348,2021-03-17T15:04:29Z,2021-03-17T15:04:34Z,5,0,30800
4,982091062894348,2021-03-17T15:18:40Z,2021-03-17T15:18:43Z,3,0,0
4,982091062894348,2021-03-17T15:19:19Z,2021-03-17T15:19:58Z,39,0,15300
4,982091062894348,2021-03-17T15:20:11Z,2021-03-17T15:20:11Z,0,0,15800
4,982091062894348,2021-03-17T15:20:24Z,2021-03-17T15:20:24Z,0,0,16300
4,982091062894348,2021-03-17T15:21:04Z,2021-03-17T15:21:09Z,5,0,19800
4,982091062894348,2021-03-17T15:23:56Z,2021-03-17T15:26:19Z,143,27,33900
4,982091062894348,2021-03-17T15:33:05Z,2021-03-17T15:34:08Z,63,9,19100
4,982091062894348,2021-03-17T16:14:59Z,2021-03-17T16:15:20Z,21,2,37700
4,982091062894348,2021-03-17T16:22:56Z,2021-03-17T16:24:30Z,94,18,40800
4,982091062894348,2021-03-17T16:25:18Z,2021-03-17T16:29:27Z,249,51,19400
4,982091062894348,2021-03-17T16:47:59Z,2021-03-17T16:48:46Z,47,8,36700
4,982091062894348,2021-03-17T17:20:09Z,2021-03-17T17:21:56Z,107,25,19500
4,982091062894348,2021-03-17T17:22:29Z,2021-03-17T17:23:32Z,63,0,19400
4,982091062894348,2021-03-17T17:23:36Z,2021-03-17T17:25:32Z,116,20,31000
4,982091062894348,2021-03-17T17:45:36Z,2021-03-17T17:45:48Z,12,0,29500
4,982091062894348,2021-03-17T17:45:50Z,2021-03-17T17:46:10Z,20,0,49300
4,982091062894348,2021-03-17T17:46:28Z,2021-03-17T17:46:29Z,1,0,0
4,982091062894348,2021-03-17T17:47:04Z,2021-03-17T17:47:04Z,0,0,0
4,982091062894348,2021-03-17T17:47:20Z,2021-03-17T17:50:17Z,177,82,39100
4,982091062894348,2021-03-17T18:06:19Z,2021-03-17T18:07:16Z,57,0,19600
4,982091062894348,2021-03-17T18:07:17Z,2021-03-17T18:09:19Z,122,62,38200
4,982091062894348,2021-03-17T18:15:54Z,2021-03-17T18:17:06Z,72,0,19400
4,982091062894348,2021-03-17T20:45:34Z,2021-03-17T20:51:10Z,336,78,19800
4,982091062894348,2021-03-17T22:13:38Z,2021-03-17T22:22:41Z,543,101,20000
4,982091062894348,2021-03-17T23:18:34Z,2021-03-17T23:20:18Z,104,19,19600
4,982091062894348,2021-03-18T00:19:28Z,2021-03-18T00:20:13Z,45,12,21300
4,982091062894348,2021-03-18T00:20:28Z,2021-03-18T00:25:04Z,276,46,20800
4,982091062894348,2021-03-18T01:23:30Z,2021-03-18T01:24:13Z,43,5,20900
4,982091062894348,2021-03-18T01:24:50Z,2021-03-18T01:26:30Z,100,9,20800
4,982091062894348,2021-03-18T01:42:43Z,2021-03-18T01:43:40Z,57,5,20900
4,982091062894348,2021-03-18T02:29:53Z,2021-03-18T02:34:59Z,306,42,19100
4,982091062894348,2021-03-18T02:36:35Z,2021-03-18T02:37:35Z,60,8,20800
4,982091062894348,2021-03-18T05:34:25Z,2021-03-18T05:34:27Z,2,0,0
4,982091062894348,2021-03-18T05:34:33Z,2021-03-18T05:34:38Z,5,0,24600
4,982091062894348,2021-03-18T05:34:50Z,2021-03-18T05:39:05Z,255,108,24200
4,982091062894348,2021-03-18T07:46:08Z,2021-03-18T07:46:20Z,12,0,39600
4,982091062894348,2021-03-18T07:50:47Z,2021-03-18T07:52:14Z,87,13,21000
4,982091062894348,2021-03-18T09:27:29Z,2021-03-18T09:27:57Z,28,4,20500
4,982091062894348,2021-03-18T09:28:44Z,2021-03-18T09:29:31Z,47,8,20700
4,982091062894348,2021-03-18T09:30:55Z,2021-03-18T09:31:00Z,5,1,20800
4,982091062894348,2021-03-18T09:46:16Z,2021-03-18T09:49:24Z,188,28,20600
4,982091062894348,2021-03-18T09:56:33Z,2021-03-18T09:59:07Z,154,16,20700
4,982091062894348,2021-03-18T10:44:50Z,2021-03-18T10:45:45Z,55,0,23300
4,982091062894348,2021-03-18T11:05:31Z,2021-03-18T11:05:39Z,8,1,20500
4,982091062894348,2021-03-18T12:32:48Z,2021-03-18T12:38:56Z,368,12,32900
4,982091062894348,2021-03-18T12:54:47Z,2021-03-18T12:55:14Z,27,0,34100
4,982091062894348,2021-03-18T12:55:34Z,2021-03-18T12:56:38Z,64,0,23200
4,982091062894348,2021-03-18T12:56:40Z,2021-03-18T13:00:45Z,245,27,23600
4,982091062894348,2021-03-18T13:00:57Z,2021-03-18T13:03:47Z,170,30,28800
4,982091062894348,2021-03-18T13:15:00Z,2021-03-18T13:15:04Z,4,0,41000
4,982091062894348,2021-03-18T13:15:07Z,2021-03-18T13:19:20Z,253,0,31900
4,982091062894348,2021-03-18T13:19:24Z,2021-03-18T13:21:32Z,128,0,32100
4,982091062894348,2021-03-18T13:24:08Z,2021-03-18T13:25:32Z,84,0,19200
4,982091062894348,2021-03-18T14:25:34Z,2021-03-18T14:26:19Z,45,0,19800
4,982091062894348,2021-03-18T14:26:23Z,2021-03-18T14:28:28Z,125,0,30100
4,982091062894348,2021-03-18T14:28:30Z,2021-03-18T14:28:34Z,4,0,0
4,982091062894348,2021-03-18T14:49:27Z,2021-03-18T14:54:14Z,287,48,27800
4,982091062894348,2021-03-18T15:05:44Z,2021-03-18T15:08:43Z,179,18,19500
4,982091062894348,2021-03-18T15:08:47Z,2021-03-18T15:09:58Z,71,8,34200
4,982091062894348,2021-03-18T15:10:03Z,2021-03-18T15:11:24Z,81,8,19400
4,982091062894348,2021-03-18T15:55:03Z,2021-03-18T15:56:59Z,116,9,19500
4,982091062894348,2021-03-18T15:57:05Z,2021-03-18T15:57:45Z,40,10,19600
4,982091062894348,2021-03-18T16:05:33Z,2021-03-18T16:06:43Z,70,7,19200
4,982091062894348,2021-03-18T17:27:22Z,2021-03-18T17:28:03Z,41,0,23100
4,982091062894348,2021-03-18T17:28:05Z,2021-03-18T17:28:17Z,12,0,27000
4,982091062894348,2021-03-18T17:28:22Z,2021-03-18T17:28:26Z,4,0,27400
4,982091062894348,2021-03-18T17:28:29Z,2021-03-18T17:28:32Z,3,0,27000
4,982091062894348,2021-03-18T17:28:40Z,2021-03-18T17:28:46Z,6,0,27400
4,982091062894348,2021-03-18T17:29:27Z,2021-03-18T17:29:28Z,1,0,0
4,982091062894348,2021-03-18T17:29:48Z,2021-03-18T17:37:11Z,443,112,27200
4,982091062894348,2021-03-18T18:35:04Z,2021-03-18T18:39:40Z,276,42,19400
4,982091062894348,2021-03-18T18:40:52Z,2021-03-18T18:41:00Z,8,6,58300
4,982091062894348,2021-03-18T18:41:01Z,2021-03-18T18:41:01Z,0,0,0
4,982091062894348,2021-03-18T18:41:06Z,2021-03-18T18:41:35Z,29,4,0
4,982091062894348,2021-03-18T18:51:19Z,2021-03-18T18:58:24Z,425,86,19600
4,982091062894348,2021-03-18T19:02:26Z,2021-03-18T19:03:57Z,91,0,19200
4,982091062894348,2021-03-18T19:24:34Z,2021-03-18T19:27:37Z,183,14,19300
4,982091062894348,2021-03-18T19:27:44Z,2021-03-18T19:30:35Z,171,37,27800
4,982091062894348,2021-03-19T00:16:03Z,2021-03-19T00:24:56Z,533,95,19200
4,982091062894348,2021-03-19T00:25:03Z,2021-03-19T00:25:42Z,39,6,21700
4,982091062894348,2021-03-19T02:46:04Z,2021-03-19T02:49:30Z,206,27,21700
4,982091062894348,2021-03-19T03:40:48Z,2021-03-19T03:45:54Z,306,49,21700
4,982091062894348,2021-03-19T05:55:23Z,2021-03-19T05:58:41Z,198,31,21700
4,982091062894348,2021-03-19T08:12:34Z,2021-03-19T08:16:23Z,229,50,21700
4,982091062894348,2021-03-19T08:51:54Z,2021-03-19T08:55:12Z,198,36,21700
4,982091062894348,2021-03-19T09:36:14Z,2021-03-19T09:41:03Z,289,13,20700
4,982091062894348,2021-03-19T10:11:17Z,2021-03-19T10:22:12Z,655,82,21000
4,982091062894348,2021-03-19T12:19:30Z,2021-03-19T12:19:42Z,12,0,25900
4,982091062894348,2021-03-19T12:23:33Z,2021-03-19T12:28:22Z,289,33,20800
4,982091062894348,2021-03-19T13:37:59Z,2021-03-19T13:52:56Z,897,125,23700
4,982091062894348,2021-03-19T13:53:01Z,2021-03-19T13:56:09Z,188,34,20900
4,982091062894348,2021-03-19T13:56:16Z,2021-03-19T13:57:15Z,59,9,20700
4,982091062894348,2021-03-19T15:53:13Z,2021-03-19T15:53:16Z,3,0,0
4,982091062894348,2021-03-19T15:53:18Z,2021-03-19T15:56:05Z,167,24,23500
4,982091062894348,2021-03-19T16:50:48Z,2021-03-19T16:52:57Z,129,0,19900
4,982091062894348,2021-03-19T16:52:59Z,2021-03-19T16:53:11Z,12,0,24200
4,982091062894348,2021-03-19T16:53:23Z,2021-03-19T16:54:14Z,51,7,20800
4,982091062894348,2021-03-19T16:54:20Z,2021-03-19T16:55:21Z,61,13,20300
4,982091062894348,2021-03-19T16:55:31Z,2021-03-19T16:56:42Z,71,11,20100
4,982091062894348,2021-03-19T17:32:26Z,2021-03-19T17:32:34Z,8,0,34600
4,982091062894348,2021-03-19T17:32:35Z,2021-03-19T17:32:39Z,4,0,20300
4,982091062894348,2021-03-19T17:33:19Z,2021-03-19T17:36:28Z,189,40,24400
4,982091062894348,2021-03-19T17:50:10Z,2021-03-19T17:58:45Z,515,71,20200
4,982091062894348,2021-03-19T18:46:18Z,2021-03-19T18:46:38Z,20,5,20100
4,982091062894348,2021-03-19T18:47:09Z,2021-03-19T18:49:01Z,112,10,20300
4,982091062894348,2021-03-19T18:56:50Z,2021-03-19T18:57:36Z,46,6,20700
4,982091062894348,2021-03-19T19:02:28Z,2021-03-19T19:05:15Z,167,22,22100
4,982091062894348,2021-03-19T19:05:28Z,2021-03-19T19:08:00Z,152,1,20000
4,982091062894348,2021-03-19T19:35:25Z,2021-03-19T19:38:45Z,200,27,20300
4,982091062894348,2021-03-19T19:38:50Z,2021-03-19T19:39:20Z,30,3,20000
4,982091062894348,2021-03-19T21:39:19Z,2021-03-19T21:40:52Z,93,11,20900
4,982091062894348,2021-03-19T22:19:10Z,2021-03-19T22:21:21Z,131,23,21300
4,982091062894348,2021-03-19T22:58:50Z,2021-03-19T23:02:16Z,206,32,20900
4,982091062894348,2021-03-19T23:11:12Z,2021-03-19T23:17:25Z,373,44,20200
4,982091062894348,2021-03-20T00:14:02Z,2021-03-20T00:18:04Z,242,31,21700
4,982091062894348,2021-03-20T01:13:15Z,2021-03-20T01:13:22Z,7,0,21000
4,982091062894348,2021-03-20T01:25:52Z,2021-03-20T01:27:01Z,69,9,21100
4,982091062894348,2021-03-20T02:20:55Z,2021-03-20T02:26:27Z,332,58,21100
4,982091062894348,2021-03-20T05:01:57Z,2021-03-20T05:07:05Z,308,45,21200
4,982091062894348,2021-03-20T07:31:15Z,2021-03-20T08:02:59Z,1904,21,38900
4,982091062894348,2021-03-20T09:52:32Z,2021-03-20T09:53:42Z,70,13,21400
4,982091062894348,2021-03-20T10:01:49Z,2021-03-20T10:09:20Z,451,54,21100
4,982091062894348,2021-03-20T10:09:26Z,2021-03-20T10:11:08Z,102,14,21100
4,982091062894348,2021-03-20T11:04:18Z,2021-03-20T11:10:13Z,355,45,21000
4,982091062894348,2021-03-20T12:50:16Z,2021-03-20T12:58:16Z,480,54,21100
4,982091062894348,2021-03-20T13:49:30Z,2021-03-20T13:58:11Z,521,66,21100
4,982091062894348,2021-03-20T16:22:58Z,2021-03-20T16:28:53Z,355,95,21100
4,982091062894348,2021-03-20T16:33:21Z,2021-03-20T16:43:52Z,631,81,28500
4,982091062894348,2021-03-20T17:58:02Z,2021-03-20T17:58:53Z,51,0,19900
4,982091062894348,2021-03-20T18:27:01Z,2021-03-20T18:39:11Z,730,38,21100
4,982091062894348,2021-03-20T21:56:14Z,2021-03-20T22:10:41Z,867,125,21100
4,982091062894348,2021-03-21T00:38:31Z,2021-03-21T00:44:44Z,373,67,20600
4,982091062894348,2021-03-21T01:39:51Z,2021-03-21T01:45:55Z,364,49,22400
4,982091062894348,2021-03-21T04:31:43Z,2021-03-21T04:33:14Z,91,19,22400
4,982091062894348,2021-03-21T04:39:04Z,2021-03-21T04:39:06Z,2,0,29400
4,982091062894348,2021-03-21T04:39:06Z,2021-03-21T04:42:55Z,229,0,22400
4,982091062894348,2021-03-21T04:42:57Z,2021-03-21T04:43:33Z,36,0,22400
4,982091062894348,2021-03-21T04:43:37Z,2021-03-21T04:43:38Z,1,0,22800
4,982091062894348,2021-03-21T04:43:53Z,2021-03-21T04:43:59Z,6,0,0
4,982091062894348,2021-03-21T04:45:16Z,2021-03-21T04:49:28Z,252,38,22000
4,982091062894348,2021-03-21T06:53:08Z,2021-03-21T06:53:58Z,50,6,21900
4,982091062894348,2021-03-21T07:09:48Z,2021-03-21T07:11:01Z,73,11,21900
4,982091062894348,2021-03-21T07:58:56Z,2021-03-21T07:59:29Z,33,8,21900
4,982091062894348,2021-03-21T08:01:49Z,2021-03-21T08:02:22Z,33,5,22500
4,982091062894348,2021-03-21T08:13:45Z,2021-03-21T08:52:29Z,2324,3,21700
4,982091062894348,2021-03-21T09:55:28Z,2021-03-21T10:01:15Z,347,45,21900
4,982091062894348,2021-03-21T10:05:04Z,2021-03-21T10:06:53Z,109,1,21800
4,982091062894348,2021-03-21T11:43:58Z,2021-03-21T11:48:03Z,245,24,22600
4,982091062894348,2021-03-21T13:00:55Z,2021-03-21T13:05:43Z,288,62,25800
4,982091062894348,2021-03-21T13:11:53Z,2021-03-21T13:16:42Z,289,40,21600
4,982091062894348,2021-03-21T13:31:55Z,2021-03-21T13:34:51Z,176,19,22200
4,982091062894348,2021-03-21T13:47:42Z,2021-03-21T13:48:21Z,39,4,21800
4,982091062894348,2021-03-21T14:07:09Z,2021-03-21T14:07:47Z,38,1,21800
4,982091062894348,2021-03-21T15:41:14Z,2021-03-21T15:49:33Z,499,62,22400
4,982091062894348,2021-03-21T15:49:38Z,2021-03-21T15:50:11Z,33,8,21700
4,982091062894348,2021-03-21T16:26:41Z,2021-03-21T16:30:35Z,234,0,22000
4,982091062894348,2021-03-21T16:30:53Z,2021-03-21T16:33:27Z,154,53,29500
4,982091062894348,2021-03-21T16:33:39Z,2021-03-21T16:38:00Z,261,31,34200
4,982091062894348,2021-03-21T17:18:06Z,2021-03-21T17:18:08Z,2,0,0
4,982091062894348,2021-03-21T17:18:17Z,2021-03-21T17:18:29Z,12,0,26000
4,982091062894348,2021-03-21T17:18:47Z,2021-03-21T17:19:13Z,26,0,39100
4,982091062894348,2021-03-21T17:19:20Z,2021-03-21T17:22:28Z,188,149,24800
4,982091062894348,2021-03-21T17:27:19Z,2021-03-21T17:34:45Z,446,42,22200
4,982091062894348,2021-03-21T17:34:48Z,2021-03-21T17:37:06Z,138,16,22000
4,982091062894348,2021-03-21T17:37:10Z,2021-03-21T17:41:24Z,254,38,22100
4,982091062894348,2021-03-21T18:31:38Z,2021-03-21T18:31:38Z,0,0,0
4,982091062894348,2021-03-21T18:32:59Z,2021-03-21T18:33:12Z,13,0,20200
4,982091062894348,2021-03-21T19:44:35Z,2021-03-21T19:46:43Z,128,19,22200
4,982091062894348,2021-03-21T19:48:29Z,2021-03-21T19:49:41Z,72,10,21700
4,982091062894348,2021-03-21T21:21:50Z,2021-03-21T21:22:30Z,40,4,22300
4,982091062894348,2021-03-21T22:14:59Z,2021-03-21T22:21:14Z,375,52,22300
4,982091062894348,2021-03-21T22:56:13Z,2021-03-21T23:01:28Z,315,49,22300
4,982091062894348,2021-03-21T23:10:27Z,2021-03-21T23:13:45Z,198,28,22200
4,982091062894348,2021-03-22T01:43:15Z,2021-03-22T01:43:17Z,2,0,0
4,982091062894348,2021-03-22T01:43:42Z,2021-03-22T01:43:45Z,3,0,23700
4,982091062894348,2021-03-22T01:44:00Z,2021-03-22T01:45:05Z,65,33,22400
4,982091062894348,2021-03-22T03:09:00Z,2021-03-22T03:10:38Z,98,12,21300
4,982091062894348,2021-03-22T03:56:55Z,2021-03-22T04:01:29Z,274,44,26600
4,982091062894348,2021-03-22T04:04:41Z,2021-03-22T04:07:50Z,189,27,21300
4,982091062894348,2021-03-22T05:06:38Z,2021-03-22T05:08:49Z,131,22,21300
4,982091062894348,2021-03-22T06:03:41Z,2021-03-22T06:07:55Z,254,44,21300
4,982091062894348,2021-03-22T09:46:00Z,2021-03-22T09:49:14Z,194,16,21300
4,982091062894348,2021-03-22T09:49:20Z,2021-03-22T09:49:34Z,14,2,21300
4,982091062894348,2021-03-22T09:49:45Z,2021-03-22T09:53:20Z,215,24,21300
4,982091062894348,2021-03-22T09:54:50Z,2021-03-22T09:56:14Z,84,8,21300
4,982091062894348,2021-03-22T09:56:19Z,2021-03-22T09:57:11Z,52,9,21300
4,982091062894348,2021-03-22T10:00:06Z,2021-03-22T10:02:50Z,164,22,21300
4,982091062894348,2021-03-22T10:08:34Z,2021-03-22T10:16:05Z,451,51,21300
4,982091062894348,2021-03-22T11:13:54Z,2021-03-22T11:16:42Z,168,5,21300
4,982091062894348,2021-03-22T13:04:48Z,2021-03-22T13:12:43Z,475,38,21300
4,982091062894348,2021-03-22T13:18:16Z,2021-03-22T13:35:30Z,1034,80,21200
4,982091062894348,2021-03-22T15:18:51Z,2021-03-22T15:21:40Z,169,25,21300
4,982091062894348,2021-03-22T15:33:56Z,2021-03-22T15:47:49Z,833,66,21300
4,982091062894348,2021-03-22T16:29:50Z,2021-03-22T16:39:23Z,573,185,20600
4,982091062894348,2021-03-22T16:47:25Z,2021-03-22T16:53:37Z,372,44,21300
4,982091062894348,2021-03-22T16:53:43Z,2021-03-22T16:55:35Z,112,13,21500
4,982091062894348,2021-03-22T19:15:14Z,2021-03-22T19:27:37Z,743,132,21300
4,982091062894348,2021-03-22T19:28:15Z,2021-03-22T19:35:22Z,427,73,21300
4,982091062894348,2021-03-23T01:53:43Z,2021-03-23T01:57:17Z,214,29,22700
4,982091062894348,2021-03-23T01:57:25Z,2021-03-23T02:00:08Z,163,19,22600
4,982091062894348,2021-03-23T02:43:57Z,2021-03-23T02:53:44Z,587,60,22900
4,982091062894348,2021-03-23T05:58:02Z,2021-03-23T06:10:31Z,749,61,22900
4,982091062894348,2021-03-23T08:06:57Z,2021-03-23T08:08:47Z,110,0,22800
4,982091062894348,2021-03-23T08:51:53Z,2021-03-23T08:54:33Z,160,17,22700
4,982091062894348,2021-03-23T09:02:09Z,2021-03-23T09:09:20Z,431,54,22900
4,982091062894348,2021-03-23T09:09:26Z,2021-03-23T09:11:31Z,125,14,22500
4,982091062894348,2021-03-23T09:11:59Z,2021-03-23T09:12:51Z,52,4,22200
4,982091062894348,2021-03-23T09:24:47Z,2021-03-23T09:27:28Z,161,29,22400
4,982091062894348,2021-03-23T11:20:31Z,2021-03-23T11:21:10Z,39,49,11200
4,982091062894348,2021-03-23T11:46:33Z,2021-03-23T11:48:41Z,128,22,22100
4,982091062894348,2021-03-23T11:49:04Z,2021-03-23T11:50:24Z,80,13,22200
4,982091062894348,2021-03-23T12:04:02Z,2021-03-23T12:11:02Z,420,66,22100
4,982091062894348,2021-03-23T14:45:35Z,2021-03-23T15:02:52Z,1037,109,22400
4,982091062894348,2021-03-23T15:40:59Z,2021-03-23T15:41:54Z,55,0,29400
4,982091062894348,2021-03-23T15:42:06Z,2021-03-23T15:42:41Z,35,0,38900
4,982091062894348,2021-03-23T15:42:42Z,2021-03-23T15:42:47Z,5,0,42400
4,982091062894348,2021-03-23T15:42:55Z,2021-03-23T15:46:11Z,196,127,31000
4,982091062894348,2021-03-23T15:46:16Z,2021-03-23T15:51:28Z,312,59,34800
4,982091062894348,2021-03-23T17:09:51Z,2021-03-23T17:13:33Z,222,349,13800
4,982091062894348,2021-03-23T17:13:37Z,2021-03-23T17:13:52Z,15,6,22300
4,982091062894348,2021-03-23T17:29:42Z,2021-03-23T17:29:48Z,6,10,46500
4,982091062894348,2021-03-23T17:30:31Z,2021-03-23T17:30:32Z,1,0,45400
4,982091062894348,2021-03-23T17:34:08Z,2021-03-23T17:50:18Z,970,187,22900
4,982091062894348,2021-03-23T18:07:06Z,2021-03-23T18:08:26Z,80,0,22800
4,982091062894348,2021-03-23T18:08:28Z,2021-03-23T18:08:32Z,4,0,0
4,982091062894348,2021-03-23T18:46:46Z,2021-03-23T18:56:13Z,567,112,22900
4,982091062894348,2021-03-24T01:12:25Z,2021-03-24T01:22:13Z,588,56,22100
4,982091062894348,2021-03-24T05:06:31Z,2021-03-24T05:17:09Z,638,58,22900
4,982091062894348,2021-03-24T06:41:56Z,2021-03-24T06:46:08Z,252,25,29900
4,982091062894348,2021-03-24T06:56:44Z,2021-03-24T07:03:33Z,409,42,22400
4,982091062894348,2021-03-24T08:46:16Z,2021-03-24T08:47:31Z,75,26,22600
4,982091062894348,2021-03-24T08:47:50Z,2021-03-24T08:49:08Z,78,12,22600
4,982091062894348,2021-03-24T08:49:28Z,2021-03-24T08:49:56Z,28,5,22600
4,982091062894348,2021-03-24T08:59:35Z,2021-03-24T08:59:49Z,14,7,22600
4,982091062894348,2021-03-24T09:18:31Z,2021-03-24T09:19:51Z,80,17,22500
4,982091062894348,2021-03-24T09:53:08Z,2021-03-24T10:05:07Z,719,103,22000
4,982091062894348,2021-03-24T10:05:47Z,2021-03-24T10:08:03Z,136,21,22000
4,982091062894348,2021-03-24T10:09:02Z,2021-03-24T10:09:38Z,36,5,22000
4,982091062894348,2021-03-24T12:51:29Z,2021-03-24T13:00:24Z,535,56,21900
4,982091062894348,2021-03-24T13:39:25Z,2021-03-24T13:42:37Z,192,29,22400
4,982091062894348,2021-03-24T14:43:50Z,2021-03-24T14:47:07Z,197,35,22200
4,982091062894348,2021-03-24T14:47:08Z,2021-03-24T14:47:29Z,21,3,22200
4,982091062894348,2021-03-24T15:03:10Z,2021-03-24T15:10:35Z,445,74,22000
4,982091062894348,2021-03-24T15:10:38Z,2021-03-24T15:13:59Z,201,36,22100
4,982091062894348,2021-03-24T16:56:36Z,2021-03-24T16:58:18Z,102,23,22000
4,982091062894348,2021-03-24T16:58:33Z,2021-03-24T16:59:30Z,57,14,22100
4,982091062894348,2021-03-24T17:45:11Z,2021-03-24T17:52:17Z,426,89,22200
4,982091062894348,2021-03-24T18:43:52Z,2021-03-24T19:00:01Z,969,205,22400
4,982091062894348,2021-03-24T19:00:04Z,2021-03-24T19:03:04Z,180,45,0
4,982091062894348,2021-03-24T22:31:45Z,2021-03-24T22:35:24Z,219,46,22700
4,982091062894348,2021-03-25T02:21:56Z,2021-03-25T02:29:09Z,433,81,23500
4,982091062894348,2021-03-25T03:37:59Z,2021-03-25T03:43:30Z,331,62,23500
4,982091062894348,2021-03-25T03:43:38Z,2021-03-25T03:44:17Z,39,3,23500
4,982091062894348,2021-03-25T08:13:25Z,2021-03-25T08:25:38Z,733,59,36100
4,982091062894348,2021-03-25T09:42:07Z,2021-03-25T09:55:11Z,784,70,23500
4,982091062894348,2021-03-25T10:37:04Z,2021-03-25T10:41:28Z,264,31,23500
4,982091062894348,2021-03-25T10:42:28Z,2021-03-25T10:49:00Z,392,24,23500
4,982091062894348,2021-03-25T10:52:06Z,2021-03-25T10:53:27Z,81,4,24100
4,982091062894348,2021-03-25T12:44:20Z,2021-03-25T12:51:06Z,406,48,23500
4,982091062894348,2021-03-25T15:07:57Z,2021-03-25T15:18:01Z,604,52,23500
4,982091062894348,2021-03-25T15:18:05Z,2021-03-25T15:18:50Z,45,0,23500
4,982091062894348,2021-03-25T15:19:19Z,2021-03-25T15:21:52Z,153,25,24200
4,982091062894348,2021-03-25T16:15:59Z,2021-03-25T16:21:16Z,317,58,23700
4,982091062894348,2021-03-25T16:47:23Z,2021-03-25T16:50:59Z,216,58,23500
4,982091062894348,2021-03-25T16:51:03Z,2021-03-25T16:51:32Z,29,1,23500
4,982091062894348,2021-03-25T16:51:45Z,2021-03-25T16:56:53Z,308,49,23500
4,982091062894348,2021-03-25T18:56:31Z,2021-03-25T19:11:32Z,901,187,23400
4,982091062894348,2021-03-25T19:11:46Z,2021-03-25T19:15:36Z,230,40,23900
4,982091062894348,2021-03-25T19:21:36Z,2021-03-25T19:26:27Z,291,62,24200
4,982091062894348,2021-03-25T19:50:42Z,2021-03-25T19:51:39Z,57,10,23900
4,982091062894348,2021-03-25T19:52:22Z,2021-03-25T19:53:08Z,46,9,24000
4,982091062894348,2021-03-26T01:32:39Z,2021-03-26T01:38:29Z,350,51,24600
4,982091062894348,2021-03-26T01:38:35Z,2021-03-26T01:39:08Z,33,5,24000
4,982091062894348,2021-03-26T04:06:36Z,2021-03-26T04:09:58Z,202,19,25000
4,982091062894348,2021-03-26T04:10:40Z,2021-03-26T04:15:37Z,297,24,23800
4,982091062894348,2021-03-26T06:54:41Z,2021-03-26T06:58:08Z,207,19,23600
4,982091062894348,2021-03-26T08:28:47Z,2021-03-26T08:56:52Z,1685,162,46300
4,982091062894348,2021-03-26T09:39:37Z,2021-03-26T09:41:33Z,116,16,48500
4,982091062894348,2021-03-26T09:41:56Z,2021-03-26T09:46:55Z,299,0,48500
4,982091062894348,2021-03-26T09:47:08Z,2021-03-26T09:47:12Z,4,0,26600
4,982091062894348,2021-03-26T09:47:29Z,2021-03-26T09:47:36Z,7,0,29800
4,982091062894348,2021-03-26T10:20:41Z,2021-03-26T10:26:08Z,327,49,23500
4,982091062894348,2021-03-26T11:16:54Z,2021-03-26T11:20:50Z,236,34,23500
4,982091062894348,2021-03-26T12:09:29Z,2021-03-26T12:10:25Z,56,11,23300
4,982091062894348,2021-03-26T12:12:53Z,2021-03-26T12:14:01Z,68,13,23600
4,982091062894348,2021-03-26T12:28:38Z,2021-03-26T12:34:21Z,343,28,23100
4,982091062894348,2021-03-26T12:36:07Z,2021-03-26T12:38:32Z,145,7,23100
4,982091062894348,2021-03-26T12:45:20Z,2021-03-26T12:45:35Z,15,2,23300
4,982091062894348,2021-03-26T13:12:34Z,2021-03-26T13:26:56Z,862,16,29300
4,982091062894348,2021-03-26T14:30:10Z,2021-03-26T14:35:43Z,333,41,24000
4,982091062894348,2021-03-26T15:13:58Z,2021-03-26T15:19:08Z,310,43,37400
4,982091062894348,2021-03-26T16:44:54Z,2021-03-26T16:54:34Z,580,39,23300
4,982091062894348,2021-03-26T17:06:19Z,2021-03-26T17:08:57Z,158,26,24600
4,982091062894348,2021-03-26T17:22:36Z,2021-03-26T17:39:54Z,1038,193,51200
4,982091062894348,2021-03-26T18:07:27Z,2021-03-26T18:08:40Z,73,15,24000
4,982091062894348,2021-03-26T18:46:55Z,2021-03-26T18:47:31Z,36,10,26700
4,982091062894348,2021-03-26T18:57:09Z,2021-03-26T18:59:01Z,112,26,29500
4,982091062894348,2021-03-26T18:59:40Z,2021-03-26T19:03:22Z,222,46,23800
4,982091062894348,2021-03-26T19:12:32Z,2021-03-26T19:14:45Z,133,31,23500
4,982091062894348,2021-03-26T20:18:39Z,2021-03-26T20:20:20Z,101,20,24000
4,982091062894348,2021-03-26T23:33:56Z,2021-03-26T23:42:07Z,491,100,24100
4,982091062894348,2021-03-27T06:57:23Z,2021-03-27T07:19:17Z,1314,105,24300
4,982091062894348,2021-03-27T07:19:21Z,2021-03-27T07:21:19Z,118,11,24600
4,982091062894348,2021-03-27T08:51:04Z,2021-03-27T09:01:48Z,644,46,24600
4,982091062894348,2021-03-27T09:11:55Z,2021-03-27T09:14:13Z,138,13,24500
4,982091062894348,2021-03-27T09:19:26Z,2021-03-27T09:22:54Z,208,33,24300
4,982091062894348,2021-03-27T09:30:20Z,2021-03-27T09:39:56Z,576,51,23900
4,982091062894348,2021-03-27T10:23:46Z,2021-03-27T10:30:56Z,430,42,24300
4,982091062894348,2021-03-27T10:31:00Z,2021-03-27T10:32:13Z,73,2,24300
4,982091062894348,2021-03-27T10:32:35Z,2021-03-27T10:33:48Z,73,4,24500
4,982091062894348,2021-03-27T11:29:22Z,2021-03-27T11:30:15Z,53,9,43800
4,982091062894348,2021-03-27T11:30:20Z,2021-03-27T11:32:58Z,158,11,24100
4,982091062894348,2021-03-27T11:38:28Z,2021-03-27T11:39:16Z,48,2,24400
4,982091062894348,2021-03-27T12:03:48Z,2021-03-27T12:04:40Z,52,9,24100
4,982091062894348,2021-03-27T13:13:03Z,2021-03-27T13:19:59Z,416,35,24500
4,982091062894348,2021-03-27T13:21:07Z,2021-03-27T13:22:29Z,82,2,42300
4,982091062894348,2021-03-27T13:32:24Z,2021-03-27T13:40:08Z,464,48,24100
4,982091062894348,2021-03-27T15:33:28Z,2021-03-27T15:53:40Z,1212,0,49700
4,982091062894348,2021-03-27T15:53:41Z,2021-03-27T15:57:01Z,200,159,49500
4,982091062894348,2021-03-27T16:13:00Z,2021-03-27T16:18:55Z,355,80,25800
4,982091062894348,2021-03-27T17:55:38Z,2021-03-27T18:03:57Z,499,101,24200
4,982091062894348,2021-03-27T18:37:35Z,2021-03-27T18:43:22Z,347,69,37500
4,982091062894348,2021-03-27T19:46:35Z,2021-03-27T19:47:48Z,73,19,24700
4,982091062894348,2021-03-27T19:57:49Z,2021-03-27T20:01:12Z,203,38,24800
4,982091062894348,2021-03-27T20:35:29Z,2021-03-27T20:38:07Z,158,33,24700
4,982091062894348,2021-03-27T20:38:11Z,2021-03-27T20:39:01Z,50,7,24900
4,982091062894348,2021-03-27T21:01:13Z,2021-03-27T21:01:46Z,33,7,25500
4,982091062894348,2021-03-27T23:15:10Z,2021-03-27T23:16:07Z,57,12,25300
4,982091062894348,2021-03-28T00:05:06Z,2021-03-28T00:12:40Z,454,78,48600
4,982091062894348,2021-03-28T01:45:48Z,2021-03-28T01:48:08Z,140,29,24900
4,982091062894348,2021-03-28T03:51:48Z,2021-03-28T03:57:13Z,325,47,24700
4,982091062894348,2021-03-28T04:34:02Z,2021-03-28T04:36:28Z,146,19,24800
4,982091062894348,2021-03-28T05:21:40Z,2021-03-28T05:25:12Z,212,38,25200
4,982091062894348,2021-03-28T05:25:18Z,2021-03-28T05:30:14Z,296,44,25100
4,982091062894348,2021-03-28T08:24:55Z,2021-03-28T08:30:04Z,309,33,25000
4,982091062894348,2021-03-28T08:57:43Z,2021-03-28T09:20:50Z,1387,125,24900
4,982091062894348,2021-03-28T09:20:53Z,2021-03-28T09:21:22Z,29,0,25600
4,982091062894348,2021-03-28T10:18:25Z,2021-03-28T10:19:00Z,35,11,26400
4,982091062894348,2021-03-28T10:50:44Z,2021-03-28T10:59:04Z,500,64,25200
4,982091062894348,2021-03-28T12:29:05Z,2021-03-28T12:32:09Z,184,38,25000
4,982091062894348,2021-03-28T12:51:04Z,2021-03-28T13:00:36Z,572,98,49600
4,982091062894348,2021-03-28T15:24:55Z,2021-03-28T15:26:05Z,70,12,25100
4,982091062894348,2021-03-28T15:26:15Z,2021-03-28T15:32:11Z,356,26,25000
4,982091062894348,2021-03-28T15:34:14Z,2021-03-28T15:36:53Z,159,18,25600
4,982091062894348,2021-03-28T16:38:34Z,2021-03-28T16:47:34Z,540,66,25500
4,982091062894348,2021-03-28T16:47:38Z,2021-03-28T16:49:21Z,103,15,25100
4,982091062894348,2021-03-28T17:06:12Z,2021-03-28T17:14:43Z,511,112,25600
4,982091062894348,2021-03-28T17:54:46Z,2021-03-28T17:54:48Z,2,0,31800
4,982091062894348,2021-03-28T17:55:27Z,2021-03-28T17:55:28Z,1,0,0
4,982091062894348,2021-03-28T17:55:45Z,2021-03-28T17:59:24Z,219,87,40700
4,982091062894348,2021-03-28T17:59:32Z,2021-03-28T18:05:06Z,334,52,25300
4,982091062894348,2021-03-28T20:37:09Z,2021-03-28T20:38:54Z,105,21,25400
4,982091062894348,2021-03-28T22:53:53Z,2021-03-28T23:02:54Z,541,87,25700
4,982091062894348,2021-03-28T23:05:32Z,2021-03-28T23:07:05Z,93,18,26200
4,982091062894348,2021-03-29T04:32:35Z,2021-03-29T04:51:03Z,1108,161,51100
4,982091062894348,2021-03-29T04:51:14Z,2021-03-29T04:52:09Z,55,12,25500
4,982091062894348,2021-03-29T08:43:02Z,2021-03-29T08:46:43Z,221,33,25700
4,982091062894348,2021-03-29T11:05:10Z,2021-03-29T11:33:00Z,1670,240,24600
4,982091062894348,2021-03-29T11:33:06Z,2021-03-29T11:33:51Z,45,9,24800
4,982091062894348,2021-03-29T14:06:21Z,2021-03-29T14:10:59Z,278,49,24800
4,982091062894348,2021-03-29T14:12:47Z,2021-03-29T14:21:22Z,515,60,25500
4,982091062894348,2021-03-29T14:39:09Z,2021-03-29T14:44:29Z,320,52,25100
4,982091062894348,2021-03-29T15:09:56Z,2021-03-29T15:12:50Z,174,29,24700
4,982091062894348,2021-03-29T15:35:24Z,2021-03-29T15:37:29Z,125,19,24500
4,982091062894348,2021-03-29T16:31:50Z,2021-03-29T16:34:33Z,163,35,25300
4,982091062894348,2021-03-29T16:50:59Z,2021-03-29T17:02:41Z,702,150,25200
4,982091062894348,2021-03-29T18:11:24Z,2021-03-29T18:16:58Z,334,78,25500
4,982091062894348,2021-03-29T18:51:43Z,2021-03-29T18:54:59Z,196,42,24900
4,982091062894348,2021-03-29T21:38:13Z,2021-03-29T21:43:55Z,342,48,25500
4,982091062894348,2021-03-29T22:51:31Z,2021-03-29T22:52:54Z,83,13,54900
4,982091062894348,2021-03-30T02:31:59Z,2021-03-30T02:43:08Z,669,78,26100
4,982091062894348,2021-03-30T06:30:05Z,2021-03-30T06:50:48Z,1243,154,26200
4,982091062894348,2021-03-30T06:56:43Z,2021-03-30T07:00:57Z,254,0,25900
4,982091062894348,2021-03-30T07:00:57Z,2021-03-30T07:01:00Z,3,0,0
4,982091062894348,2021-03-30T07:01:05Z,2021-03-30T07:01:58Z,53,44,26400
4,982091062894348,2021-03-30T07:41:54Z,2021-03-30T07:43:37Z,103,19,26300
4,982091062894348,2021-03-30T08:39:57Z,2021-03-30T08:41:30Z,93,16,25900
4,982091062894348,2021-03-30T10:28:17Z,2021-03-30T10:28:58Z,41,15,25600
4,982091062894348,2021-03-30T10:32:14Z,2021-03-30T10:36:00Z,226,52,26400
4,982091062894348,2021-03-30T10:40:23Z,2021-03-30T10:42:37Z,134,33,25900
4,982091062894348,2021-03-30T10:44:12Z,2021-03-30T10:47:12Z,180,34,25600
4,982091062894348,2021-03-30T10:49:08Z,2021-03-30T10:50:09Z,61,18,26000
4,982091062894348,2021-03-30T13:40:42Z,2021-03-30T13:44:44Z,242,37,26400
4,982091062894348,2021-03-30T13:50:19Z,2021-03-30T13:56:28Z,369,46,26000
4,982091062894348,2021-03-30T16:25:43Z,2021-03-30T16:36:07Z,624,109,26000
4,982091062894348,2021-03-30T16:48:59Z,2021-03-30T17:04:49Z,950,168,26100
4,982091062894348,2021-03-30T18:22:45Z,2021-03-30T18:26:58Z,253,54,26100
4,982091062894348,2021-03-30T18:46:33Z,2021-03-30T18:53:08Z,395,84,26200
4,982091062894348,2021-03-30T19:23:17Z,2021-03-30T19:27:19Z,242,65,27000
4,982091062894348,2021-03-31T02:23:33Z,2021-03-31T02:44:41Z,1268,161,26000
4,982091062894348,2021-03-31T08:48:26Z,2021-03-31T09:09:06Z,1240,176,25900
4,982091062894348,2021-03-31T10:40:33Z,2021-03-31T10:55:14Z,881,147,25900
4,982091062894348,2021-03-31T11:56:29Z,2021-03-31T12:01:16Z,287,56,25800
4,982091062894348,2021-03-31T12:25:08Z,2021-03-31T12:27:13Z,125,39,25900
4,982091062894348,2021-03-31T13:14:48Z,2021-03-31T13:15:14Z,26,6,25900
4,982091062894348,2021-03-31T13:47:23Z,2021-03-31T13:47:56Z,33,8,25900
4,982091062894348,2021-03-31T13:50:34Z,2021-03-31T13:51:57Z,83,21,25900
4,982091062894348,2021-03-31T13:53:27Z,2021-03-31T13:55:18Z,111,21,25900
4,982091062894348,2021-03-31T15:23:53Z,2021-03-31T15:31:28Z,455,55,25900
4,982091062894348,2021-03-31T15:31:37Z,2021-03-31T15:36:22Z,285,48,25900
4,982091062894348,2021-03-31T15:44:31Z,2021-03-31T15:44:42Z,11,1,0
4,982091062894348,2021-03-31T16:50:37Z,2021-03-31T17:01:39Z,662,135,25900
4,982091062894348,2021-03-31T17:08:45Z,2021-03-31T17:16:58Z,493,93,25900
4,982091062894348,2021-03-31T19:19:25Z,2021-03-31T19:29:39Z,614,151,25900
4,982091062894348,2021-03-31T19:29:43Z,2021-03-31T19:30:45Z,62,13,26000
4,982091062894348,2021-04-01T00:46:25Z,2021-04-01T00:49:44Z,199,44,27700
4,982091062894348,2021-04-01T01:08:10Z,2021-04-01T01:11:39Z,209,44,27800
4,982091062894348,2021-04-01T05:02:18Z,2021-04-01T05:08:40Z,382,71,27800
4,982091062894348,2021-04-01T05:14:18Z,2021-04-01T05:19:15Z,297,52,27800
4,982091062894348,2021-04-01T05:57:32Z,2021-04-01T05:59:53Z,141,27,27500
4,982091062894348,2021-04-01T08:01:24Z,2021-04-01T08:02:42Z,78,12,26800
4,982091062894348,2021-04-01T08:02:57Z,2021-04-01T08:06:33Z,216,25,26800
4,982091062894348,2021-04-01T09:53:50Z,2021-04-01T10:01:00Z,430,72,26700
4,982091062894348,2021-04-01T10:10:17Z,2021-04-01T10:15:54Z,337,51,26700
4,982091062894348,2021-04-01T10:17:42Z,2021-04-01T10:22:00Z,258,42,26800
4,982091062894348,2021-04-01T10:22:46Z,2021-04-01T10:23:22Z,36,8,26800
4,982091062894348,2021-04-01T11:21:23Z,2021-04-01T11:22:45Z,82,20,26700
4,982091062894348,2021-04-01T12:19:51Z,2021-04-01T12:26:21Z,390,36,26800
4,982091062894348,2021-04-01T13:32:27Z,2021-04-01T13:38:41Z,374,49,26800
4,982091062894348,2021-04-01T13:38:49Z,2021-04-01T13:44:23Z,334,41,26800
4,982091062894348,2021-04-01T14:31:45Z,2021-04-01T14:35:53Z,248,47,26800
4,982091062894348,2021-04-01T14:59:05Z,2021-04-01T15:05:06Z,361,77,26800
4,982091062894348,2021-04-01T15:55:46Z,2021-04-01T16:01:47Z,361,62,34300
4,982091062894348,2021-04-01T16:32:27Z,2021-04-01T16:32:38Z,11,4,26800
4,982091062894348,2021-04-01T17:14:01Z,2021-04-01T17:20:10Z,369,85,26800
4,982091062894348,2021-04-01T18:16:25Z,2021-04-01T18:19:43Z,198,53,26800
4,982091062894348,2021-04-01T18:55:26Z,2021-04-01T19:03:42Z,496,115,27300
4,982091062894348,2021-04-01T19:12:51Z,2021-04-01T19:14:49Z,118,34,27100
4,982091062894348,2021-04-01T20:03:29Z,2021-04-01T20:06:30Z,181,44,27300
4,982091062894348,2021-04-01T22:50:02Z,2021-04-02T00:31:57Z,6115,114,27900
4,982091062894348,2021-04-01T22:53:54Z,2021-04-01T22:58:54Z,300,54,27500
4,982091062894348,2021-04-01T23:10:42Z,2021-04-01T23:14:44Z,242,41,27600
4,982091062894348,2021-04-02T02:01:39Z,2021-04-02T02:11:35Z,596,88,27800
4,982091062894348,2021-04-02T02:23:11Z,2021-04-02T02:29:47Z,396,67,26300
4,982091062894348,2021-04-02T03:54:14Z,2021-04-02T03:55:02Z,48,7,28400
4,982091062894348,2021-04-02T04:22:39Z,2021-04-02T04:24:41Z,122,29,28200
4,982091062894348,2021-04-02T04:31:18Z,2021-04-02T04:33:02Z,104,24,28200
4,982091062894348,2021-04-02T05:58:10Z,2021-04-02T05:59:43Z,93,24,28200
4,982091062894348,2021-04-02T06:15:23Z,2021-04-02T06:21:47Z,384,53,26600
4,982091062894348,2021-04-02T06:21:52Z,2021-04-02T06:22:53Z,61,18,29600
4,982091062894348,2021-04-02T07:07:09Z,2021-04-02T07:12:18Z,309,63,28400
4,982091062894348,2021-04-02T08:13:35Z,2021-04-02T08:14:38Z,63,16,28300
4,982091062894348,2021-04-02T08:15:29Z,2021-04-02T08:16:51Z,82,19,28300
4,982091062894348,2021-04-02T08:18:05Z,2021-04-02T08:18:40Z,35,5,28400
4,982091062894348,2021-04-02T08:23:23Z,2021-04-02T08:24:11Z,48,8,28500
4,982091062894348,2021-04-02T08:33:27Z,2021-04-02T08:33:49Z,22,4,28100
4,982091062894348,2021-04-02T10:11:47Z,2021-04-02T10:16:33Z,286,53,28400
4,982091062894348,2021-04-02T10:16:40Z,2021-04-02T10:16:50Z,10,2,0
4,982091062894348,2021-04-02T12:01:57Z,2021-04-02T12:05:36Z,219,45,28200
4,982091062894348,2021-04-02T12:13:31Z,2021-04-02T12:19:37Z,366,74,28100
4,982091062894348,2021-04-02T12:26:28Z,2021-04-02T13:05:36Z,2348,74,28000
4,982091062894348,2021-04-02T14:43:33Z,2021-04-02T14:50:44Z,431,77,25400
4,982091062894348,2021-04-02T15:09:13Z,2021-04-02T15:12:30Z,197,40,28300
4,982091062894348,2021-04-02T15:21:55Z,2021-04-02T15:24:30Z,155,36,28200
4,982091062894348,2021-04-02T15:24:37Z,2021-04-02T15:25:42Z,65,17,28400
4,982091062894348,2021-04-02T15:52:23Z,2021-04-02T15:56:11Z,228,62,28100
4,982091062894348,2021-04-02T16:01:53Z,2021-04-02T16:05:04Z,191,44,28200
4,982091062894348,2021-04-02T16:21:44Z,2021-04-02T16:23:08Z,84,22,28600
4,982091062894348,2021-04-02T16:53:29Z,2021-04-02T16:55:01Z,92,22,28300
4,982091062894348,2021-04-02T17:19:58Z,2021-04-02T17:20:22Z,24,7,28700
4,982091062894348,2021-04-02T17:45:12Z,2021-04-02T17:46:51Z,99,24,28500
4,982091062894348,2021-04-02T18:07:48Z,2021-04-02T18:10:52Z,184,53,28400
4,982091062894348,2021-04-02T18:11:38Z,2021-04-02T18:14:49Z,191,41,28800
4,982091062894348,2021-04-02T18:16:06Z,2021-04-02T18:17:26Z,80,22,28600
4,982091062894348,2021-04-02T21:43:41Z,2021-04-02T21:48:48Z,307,52,28900
4,982091062894348,2021-04-03T00:22:29Z,2021-04-03T00:35:34Z,785,129,29200
4,982091062894348,2021-04-03T00:46:15Z,2021-04-03T00:51:40Z,325,70,29700
4,982091062894348,2021-04-03T02:08:09Z,2021-04-03T02:19:17Z,668,37,29700
4,982091062894348,2021-04-03T03:08:34Z,2021-04-03T03:14:26Z,352,56,30100
4,982091062894348,2021-04-03T08:43:59Z,2021-04-03T09:04:15Z,1216,197,29600
4,982091062894348,2021-04-03T12:13:34Z,2021-04-03T12:14:09Z,35,18,29900
4,982091062894348,2021-04-03T12:21:56Z,2021-04-03T12:27:13Z,317,75,25800
4,982091062894348,2021-04-03T12:27:19Z,2021-04-03T12:28:12Z,53,6,29600
4,982091062894348,2021-04-03T14:08:34Z,2021-04-03T14:19:49Z,675,118,29100
4,982091062894348,2021-04-03T14:34:58Z,2021-04-03T14:37:44Z,166,35,29100
4,982091062894348,2021-04-03T14:51:12Z,2021-04-03T14:55:02Z,230,53,29300
4,982091062894348,2021-04-03T15:38:05Z,2021-04-03T15:40:01Z,116,36,29100
4,982091062894348,2021-04-03T15:40:34Z,2021-04-03T15:41:43Z,69,21,29300
4,982091062894348,2021-04-03T15:42:10Z,2021-04-03T15:43:02Z,52,16,29400
4,982091062894348,2021-04-03T16:40:06Z,2021-04-03T16:42:24Z,138,29,29400
4,982091062894348,2021-04-03T16:49:33Z,2021-04-03T16:51:55Z,142,40,29600
4,982091062894348,2021-04-03T17:05:51Z,2021-04-03T17:08:12Z,141,37,26600
4,982091062894348,2021-04-03T17:30:10Z,2021-04-03T17:30:43Z,33,11,47200
4,982091062894348,2021-04-03T17:44:19Z,2021-04-03T17:46:37Z,138,39,29700
4,982091062894348,2021-04-03T17:55:40Z,2021-04-03T17:59:34Z,234,58,27200
4,982091062894348,2021-04-03T18:19:06Z,2021-04-03T18:21:42Z,156,33,29800
4,982091062894348,2021-04-03T18:28:17Z,2021-04-03T18:29:14Z,57,14,29700
4,982091062894348,2021-04-03T18:29:50Z,2021-04-03T18:32:14Z,144,21,29900
4,982091062894348,2021-04-03T19:02:52Z,2021-04-03T19:06:12Z,200,52,30400
4,982091062894348,2021-04-03T19:13:10Z,2021-04-03T19:14:29Z,79,16,30500
4,982091062894348,2021-04-03T21:01:41Z,2021-04-03T21:04:10Z,149,35,30500
4,982091062894348,2021-04-04T00:21:58Z,2021-04-04T00:25:33Z,215,48,29200
4,982091062894348,2021-04-04T00:25:37Z,2021-04-04T00:28:15Z,158,34,29800
4,982091062894348,2021-04-04T00:45:19Z,2021-04-04T00:47:15Z,116,28,29200
4,982091062894348,2021-04-04T01:45:29Z,2021-04-04T01:49:37Z,248,54,29200
4,982091062894348,2021-04-04T05:57:17Z,2021-04-04T06:04:03Z,406,75,29600
4,982091062894348,2021-04-04T07:52:34Z,2021-04-04T07:58:32Z,358,72,29700
4,982091062894348,2021-04-04T09:06:39Z,2021-04-04T09:21:46Z,907,135,29000
4,982091062894348,2021-04-04T10:29:57Z,2021-04-04T10:31:44Z,107,29,29200
4,982091062894348,2021-04-04T11:57:20Z,2021-04-04T12:11:40Z,860,153,29000
4,982091062894348,2021-04-04T12:11:44Z,2021-04-04T12:13:21Z,97,20,29000
4,982091062894348,2021-04-04T12:32:05Z,2021-04-04T12:36:36Z,271,56,29400
4,982091062894348,2021-04-04T15:28:54Z,2021-04-04T15:37:32Z,518,104,29400
4,982091062894348,2021-04-04T15:42:45Z,2021-04-04T15:47:44Z,299,64,29300
4,982091062894348,2021-04-04T15:52:45Z,2021-04-04T15:54:07Z,82,23,29600
4,982091062894348,2021-04-04T16:34:21Z,2021-04-04T16:34:57Z,36,6,29900
4,982091062894348,2021-04-04T16:53:54Z,2021-04-04T16:54:35Z,41,8,29400
4,982091062894348,2021-04-04T16:56:34Z,2021-04-04T16:57:40Z,66,17,53800
4,982091062894348,2021-04-04T17:08:37Z,2021-04-04T17:09:38Z,61,16,29300
4,982091062894348,2021-04-04T17:10:24Z,2021-04-04T17:11:35Z,71,16,29300
4,982091062894348,2021-04-04T18:00:41Z,2021-04-04T18:09:31Z,530,115,29300
4,982091062894348,2021-04-04T18:15:31Z,2021-04-04T18:18:52Z,201,51,29700
4,982091062894348,2021-04-04T18:19:33Z,2021-04-04T18:21:15Z,102,24,29700
4,982091062894348,2021-04-04T19:26:26Z,2021-04-04T19:29:32Z,186,50,29800
4,982091062894348,2021-04-04T23:20:38Z,2021-04-04T23:23:02Z,144,26,29600
4,982091062894348,2021-04-05T01:12:15Z,2021-04-05T01:13:13Z,58,14,30300
4,982091062894348,2021-04-05T07:03:29Z,2021-04-05T07:06:22Z,173,36,29900
4,982091062894348,2021-04-05T10:13:21Z,2021-04-05T10:17:45Z,264,43,29400
4,982091062894348,2021-04-05T10:43:38Z,2021-04-05T10:54:34Z,656,97,29300
4,982091062894348,2021-04-05T11:29:53Z,2021-04-05T11:57:07Z,1634,22,28700
4,982091062894348,2021-04-05T13:12:05Z,2021-04-05T13:19:35Z,450,55,29100
4,982091062894348,2021-04-05T16:12:04Z,2021-04-05T16:19:50Z,466,91,28600
4,982091062894348,2021-04-05T17:26:10Z,2021-04-05T17:34:03Z,473,92,29000
4,982091062894348,2021-04-05T17:47:42Z,2021-04-05T17:50:03Z,141,33,31700
4,982091062894348,2021-04-05T19:12:49Z,2021-04-05T19:13:14Z,25,8,28200
4,982091062894348,2021-04-05T21:02:26Z,2021-04-05T21:04:36Z,130,26,28900
4,982091062894348,2021-04-05T21:36:26Z,2021-04-05T21:36:48Z,22,2,29100
4,982091062894348,2021-04-06T07:37:54Z,2021-04-06T07:38:27Z,33,4,30100
4,982091062894348,2021-04-06T09:05:21Z,2021-04-06T09:14:30Z,549,85,30100
4,982091062894348,2021-04-06T11:26:55Z,2021-04-06T11:29:25Z,150,21,27800
4,982091062894348,2021-04-06T12:52:41Z,2021-04-06T12:56:26Z,225,33,30100
4,982091062894348,2021-04-06T13:10:33Z,2021-04-06T13:16:10Z,337,52,29000
4,982091062894348,2021-04-06T14:44:27Z,2021-04-06T14:49:31Z,304,52,28100
4,982091062894348,2021-04-06T15:22:05Z,2021-04-06T15:26:28Z,263,46,28300
4,982091062894348,2021-04-06T16:23:57Z,2021-04-06T16:31:28Z,451,61,27600
4,982091062894348,2021-04-06T16:31:31Z,2021-04-06T16:35:31Z,240,58,55300
4,982091062894348,2021-04-06T18:05:40Z,2021-04-06T18:09:38Z,238,58,28500
4,982091062894348,2021-04-06T19:26:57Z,2021-04-06T19:27:47Z,50,18,28100
4,982091062894348,2021-04-06T19:28:15Z,2021-04-06T19:28:55Z,40,11,28200
4,982091062894348,2021-04-06T21:43:21Z,2021-04-06T21:47:08Z,227,33,28300
4,982091062894348,2021-04-07T00:26:27Z,2021-04-07T00:33:16Z,409,90,28700
4,982091062894348,2021-04-07T01:46:22Z,2021-04-07T01:49:29Z,187,52,29100
4,982091062894348,2021-04-07T04:31:57Z,2021-04-07T04:33:50Z,113,23,28900
4,982091062894348,2021-04-07T06:54:17Z,2021-04-07T06:59:02Z,285,52,28800
4,982091062894348,2021-04-07T08:24:39Z,2021-04-07T08:31:35Z,416,83,29500
4,982091062894348,2021-04-07T08:54:51Z,2021-04-07T08:58:34Z,223,47,27900
4,982091062894348,2021-04-07T09:00:13Z,2021-04-07T09:00:52Z,39,2,28000
4,982091062894348,2021-04-07T09:04:23Z,2021-04-07T09:04:39Z,16,0,27900
4,982091062894348,2021-04-07T10:01:22Z,2021-04-07T10:04:19Z,177,45,28600
4,982091062894348,2021-04-07T10:23:50Z,2021-04-07T10:27:37Z,227,41,28700
4,982091062894348,2021-04-07T14:09:03Z,2021-04-07T14:26:45Z,1062,193,28800
4,982091062894348,2021-04-07T15:39:17Z,2021-04-07T15:47:01Z,464,118,29800
4,982091062894348,2021-04-07T16:15:36Z,2021-04-07T16:19:02Z,206,49,29400
4,982091062894348,2021-04-07T18:08:18Z,2021-04-07T18:26:04Z,1066,206,29800
4,982091062894348,2021-04-07T22:16:33Z,2021-04-07T22:18:21Z,108,33,29800
4,982091062894348,2021-04-07T23:29:23Z,2021-04-07T23:31:16Z,113,45,29800
4,982091062894348,2021-04-08T04:21:30Z,2021-04-08T04:46:50Z,1520,257,29800
4,982091062894348,2021-04-08T04:46:54Z,2021-04-08T04:47:50Z,56,11,30400
4,982091062894348,2021-04-08T05:13:48Z,2021-04-08T05:15:05Z,77,14,30100
4,982091062894348,2021-04-08T06:29:14Z,2021-04-08T06:29:47Z,33,9,30100
4,982091062894348,2021-04-08T06:58:06Z,2021-04-08T07:00:12Z,126,27,29200
4,982091062894348,2021-04-08T09:13:55Z,2021-04-08T09:15:51Z,116,27,30000
4,982091062894348,2021-04-08T09:59:54Z,2021-04-08T10:08:41Z,527,102,29500
4,982091062894348,2021-04-08T10:21:39Z,2021-04-08T10:23:33Z,114,25,29600
4,982091062894348,2021-04-08T10:59:37Z,2021-04-08T11:03:22Z,225,69,27700
4,982091062894348,2021-04-08T11:04:20Z,2021-04-08T11:06:52Z,152,36,28600
4,982091062894348,2021-04-08T13:22:48Z,2021-04-08T13:25:22Z,154,42,30500
4,982091062894348,2021-04-08T14:57:35Z,2021-04-08T15:12:55Z,920,154,30300
4,982091062894348,2021-04-08T16:31:03Z,2021-04-08T16:35:47Z,284,74,30800
4,982091062894348,2021-04-08T17:26:40Z,2021-04-08T17:39:43Z,783,156,28900
4,982091062894348,2021-04-08T18:07:06Z,2021-04-08T18:13:08Z,362,106,28100
4,982091062894348,2021-04-08T21:26:22Z,2021-04-08T21:31:46Z,324,76,28200
4,982091062894348,2021-04-08T23:14:08Z,2021-04-08T23:23:37Z,569,120,29000
4,982091062894348,2021-04-08T23:30:15Z,2021-04-08T23:31:20Z,65,14,31400
4,982091062894348,2021-04-08T23:40:44Z,2021-04-08T23:42:59Z,135,41,27500
4,982091062894348,2021-04-09T03:55:20Z,2021-04-09T04:06:24Z,664,118,29400
4,982091062894348,2021-04-09T07:07:16Z,2021-04-09T07:14:59Z,463,65,32200
4,982091062894348,2021-04-09T07:40:17Z,2021-04-09T07:44:31Z,254,65,29500
4,982091062894348,2021-04-09T08:13:23Z,2021-04-09T08:15:41Z,138,35,32100
4,982091062894348,2021-04-09T08:21:40Z,2021-04-09T08:23:11Z,91,18,32200
4,982091062894348,2021-04-09T08:54:34Z,2021-04-09T08:55:10Z,36,8,31900
4,982091062894348,2021-04-09T09:06:19Z,2021-04-09T09:06:25Z,6,2,32600
4,982091062894348,2021-04-09T09:27:06Z,2021-04-09T09:27:57Z,51,16,30300
4,982091062894348,2021-04-09T10:24:35Z,2021-04-09T10:25:36Z,61,17,30100
4,982091062894348,2021-04-09T10:27:15Z,2021-04-09T10:28:11Z,56,17,30400
4,982091062894348,2021-04-09T10:53:23Z,2021-04-09T10:56:06Z,163,41,29500
4,982091062894348,2021-04-09T10:58:28Z,2021-04-09T11:00:17Z,109,31,30600
4,982091062894348,2021-04-09T11:09:08Z,2021-04-09T11:10:54Z,106,27,30600
4,982091062894348,2021-04-09T12:16:36Z,2021-04-09T12:17:15Z,39,12,30500
4,982091062894348,2021-04-09T14:23:46Z,2021-04-09T14:26:35Z,169,40,30400
4,982091062894348,2021-04-09T15:04:48Z,2021-04-09T16:18:05Z,4397,81,30000
4,982091062894348,2021-04-09T17:28:20Z,2021-04-09T17:48:06Z,1186,277,30300
4,982091062894348,2021-04-09T19:19:28Z,2021-04-09T19:25:34Z,366,104,28500
4,982091062894348,2021-04-09T20:37:05Z,2021-04-09T20:39:39Z,154,43,28400
4,982091062894348,2021-04-09T21:31:54Z,2021-04-09T21:33:08Z,74,20,30900
4,982091062894348,2021-04-10T01:39:07Z,2021-04-10T01:40:36Z,89,16,29500
4,982091062894348,2021-04-10T01:56:20Z,2021-04-10T01:59:45Z,205,35,30300
4,982091062894348,2021-04-10T02:12:59Z,2021-04-10T02:16:39Z,220,43,30300
4,982091062894348,2021-04-10T03:15:13Z,2021-04-10T03:15:43Z,30,3,31800
4,982091062894348,2021-04-10T06:03:45Z,2021-04-10T06:05:14Z,89,16,31900
4,982091062894348,2021-04-10T07:35:17Z,2021-04-10T07:40:18Z,301,47,31300
4,982091062894348,2021-04-10T07:48:45Z,2021-04-10T07:51:23Z,158,32,31100
4,982091062894348,2021-04-10T09:16:00Z,2021-04-10T09:20:39Z,279,56,31200
4,982091062894348,2021-04-10T09:21:05Z,2021-04-10T09:23:34Z,149,22,31200
4,982091062894348,2021-04-10T09:27:31Z,2021-04-10T09:29:27Z,116,21,31300
4,982091062894348,2021-04-10T10:33:35Z,2021-04-10T10:39:04Z,329,66,30800
4,982091062894348,2021-04-10T10:49:48Z,2021-04-10T10:52:20Z,152,24,31100
4,982091062894348,2021-04-10T12:00:34Z,2021-04-10T12:04:27Z,233,59,31100
4,982091062894348,2021-04-10T12:08:31Z,2021-04-10T12:11:56Z,205,32,31300
4,982091062894348,2021-04-10T14:03:07Z,2021-04-10T14:08:11Z,304,54,31500
4,982091062894348,2021-04-10T14:34:05Z,2021-04-10T14:37:05Z,180,46,31700
4,982091062894348,2021-04-10T14:44:27Z,2021-04-10T14:47:32Z,185,40,28600
4,982091062894348,2021-04-10T15:46:01Z,2021-04-10T15:53:04Z,423,79,46200
4,982091062894348,2021-04-10T16:16:21Z,2021-04-10T16:19:05Z,164,39,32100
4,982091062894348,2021-04-10T17:00:23Z,2021-04-10T17:03:08Z,165,43,32000
4,982091062894348,2021-04-10T17:19:28Z,2021-04-10T17:28:57Z,569,149,30300
4,982091062894348,2021-04-10T23:03:33Z,2021-04-10T23:24:49Z,1276,214,31500
4,982091062894348,2021-04-10T23:24:56Z,2021-04-10T23:27:31Z,155,38,32100
4,982091062894348,2021-04-11T01:11:31Z,2021-04-11T01:12:26Z,55,16,33300
4,982091062894348,2021-04-11T04:40:46Z,2021-04-11T04:41:27Z,41,5,33100
4,982091062894348,2021-04-11T08:31:14Z,2021-04-11T08:40:46Z,572,97,32500
4,982091062894348,2021-04-11T08:49:40Z,2021-04-11T08:53:10Z,210,47,32600
4,982091062894348,2021-04-11T09:16:21Z,2021-04-11T09:20:23Z,242,49,32600
4,982091062894348,2021-04-11T09:20:27Z,2021-04-11T09:24:53Z,266,45,32800
4,982091062894348,2021-04-11T11:15:14Z,2021-04-11T11:24:54Z,580,92,32700
4,982091062894348,2021-04-11T11:32:57Z,2021-04-11T11:34:17Z,80,10,32700
4,982091062894348,2021-04-11T11:45:07Z,2021-04-11T11:45:50Z,43,9,32600
4,982091062894348,2021-04-11T12:18:00Z,2021-04-11T12:20:13Z,133,20,32600
4,982091062894348,2021-04-11T12:20:18Z,2021-04-11T12:21:59Z,101,25,33000
4,982091062894348,2021-04-11T13:41:31Z,2021-04-11T13:47:44Z,373,88,31900
4,982091062894348,2021-04-11T13:48:24Z,2021-04-11T13:49:27Z,63,17,32400
4,982091062894348,2021-04-11T14:11:34Z,2021-04-11T14:14:27Z,173,23,30200
4,982091062894348,2021-04-11T14:14:33Z,2021-04-11T14:15:48Z,75,19,32300
4,982091062894348,2021-04-11T14:29:11Z,2021-04-11T14:30:36Z,85,22,32500
4,982091062894348,2021-04-11T15:44:45Z,2021-04-11T15:50:08Z,323,72,32500
4,982091062894348,2021-04-11T15:50:10Z,2021-04-11T15:52:29Z,139,28,33000
4,982091062894348,2021-04-11T15:53:42Z,2021-04-11T15:54:17Z,35,3,32700
4,982091062894348,2021-04-11T16:09:14Z,2021-04-11T16:10:54Z,100,20,29600
4,982091062894348,2021-04-11T16:26:08Z,2021-04-11T16:27:53Z,105,24,32600
4,982091062894348,2021-04-11T16:27:57Z,2021-04-11T16:28:18Z,21,4,32700
4,982091062894348,2021-04-11T16:34:56Z,2021-04-11T16:42:05Z,429,66,31300
4,982091062894348,2021-04-11T16:42:09Z,2021-04-11T16:43:03Z,54,22,32900
4,982091062894348,2021-04-11T16:53:26Z,2021-04-11T16:55:03Z,97,19,30200
4,982091062894348,2021-04-11T18:12:10Z,2021-04-11T18:17:17Z,307,46,30600
4,982091062894348,2021-04-11T18:46:15Z,2021-04-11T18:49:30Z,195,37,32600
4,982091062894348,2021-04-11T20:28:23Z,2021-04-11T20:29:03Z,40,13,33600
4,982091062894348,2021-04-11T20:35:11Z,2021-04-11T20:37:06Z,115,27,33300
4,982091062894348,2021-04-11T20:53:57Z,2021-04-11T20:54:14Z,17,1,32600
4,982091062894348,2021-04-11T23:02:01Z,2021-04-11T23:02:20Z,19,7,34000
4,982091062894348,2021-04-11T23:19:43Z,2021-04-11T23:23:42Z,239,49,31100
4,982091062894348,2021-04-11T23:24:54Z,2021-04-11T23:28:22Z,208,37,29300
4,982091062894348,2021-04-12T00:27:16Z,2021-04-12T00:33:00Z,344,66,32700
4,982091062894348,2021-04-12T03:04:28Z,2021-04-12T03:09:22Z,294,41,31800
4,982091062894348,2021-04-12T03:19:23Z,2021-04-12T03:21:09Z,106,21,32000
4,982091062894348,2021-04-12T04:52:54Z,2021-04-12T04:59:33Z,399,89,31700
4,982091062894348,2021-04-12T06:22:21Z,2021-04-12T06:22:38Z,17,2,33500
4,982091062894348,2021-04-12T06:47:29Z,2021-04-12T06:49:14Z,105,16,33900
4,982091062894348,2021-04-12T08:36:00Z,2021-04-12T08:36:27Z,27,24,34100
4,982091062894348,2021-04-12T09:08:56Z,2021-04-12T09:14:28Z,332,61,32300
4,982091062894348,2021-04-12T09:16:58Z,2021-04-12T09:20:26Z,208,37,33000
4,982091062894348,2021-04-12T09:20:30Z,2021-04-12T09:23:01Z,151,34,33400
4,982091062894348,2021-04-12T09:27:35Z,2021-04-12T09:31:15Z,220,35,33600
4,982091062894348,2021-04-12T11:43:47Z,2021-04-12T11:51:04Z,437,99,33500
4,982091062894348,2021-04-12T12:15:08Z,2021-04-12T12:18:34Z,206,48,33500
4,982091062894348,2021-04-12T12:18:38Z,2021-04-12T12:21:54Z,196,39,33500
4,982091062894348,2021-04-12T12:24:57Z,2021-04-12T12:27:16Z,139,36,33800
4,982091062894348,2021-04-12T12:27:57Z,2021-04-12T12:28:57Z,60,14,34000
4,982091062894348,2021-04-12T12:42:09Z,2021-04-12T12:44:04Z,115,20,34100
4,982091062894348,2021-04-12T17:01:41Z,2021-04-12T17:25:04Z,1403,319,30700
4,982091062894348,2021-04-12T18:14:34Z,2021-04-12T18:20:20Z,346,100,30700
4,982091062894348,2021-04-12T18:54:22Z,2021-04-12T19:00:14Z,352,102,34400
4,982091062894348,2021-04-12T20:30:08Z,2021-04-12T20:31:27Z,79,22,34800
4,982091062894348,2021-04-12T23:11:58Z,2021-04-12T23:12:44Z,46,9,34900
4,982091062894348,2021-04-13T04:15:14Z,2021-04-13T04:20:04Z,290,50,35000
4,982091062894348,2021-04-13T04:26:27Z,2021-04-13T04:36:43Z,616,113,33000
4,982091062894348,2021-04-13T04:36:49Z,2021-04-13T04:40:05Z,196,50,33100
4,982091062894348,2021-04-13T07:51:15Z,2021-04-13T07:52:37Z,82,21,35500
4,982091062894348,2021-04-13T09:18:01Z,2021-04-13T09:23:26Z,325,53,32000
4,982091062894348,2021-04-13T09:23:43Z,2021-04-13T09:28:32Z,289,57,33400
4,982091062894348,2021-04-13T09:28:38Z,2021-04-13T09:29:56Z,78,16,35600
4,982091062894348,2021-04-13T09:30:39Z,2021-04-13T09:30:47Z,8,1,35600
4,982091062894348,2021-04-13T09:32:14Z,2021-04-13T09:34:48Z,154,37,35000
4,982091062894348,2021-04-13T11:11:48Z,2021-04-13T11:12:36Z,48,13,33300
4,982091062894348,2021-04-13T11:16:11Z,2021-04-13T11:21:48Z,337,71,33300
4,982091062894348,2021-04-13T11:29:02Z,2021-04-13T11:32:35Z,213,44,33200
4,982091062894348,2021-04-13T11:42:36Z,2021-04-13T11:44:56Z,140,24,33000
4,982091062894348,2021-04-13T11:46:18Z,2021-04-13T11:47:50Z,92,17,33100
4,982091062894348,2021-04-13T14:24:42Z,2021-04-13T14:26:51Z,129,28,33300
4,982091062894348,2021-04-13T14:34:15Z,2021-04-13T14:37:32Z,197,43,33200
4,982091062894348,2021-04-13T14:37:42Z,2021-04-13T14:39:07Z,85,18,33300
4,982091062894348,2021-04-13T15:16:33Z,2021-04-13T15:19:06Z,153,32,33300
4,982091062894348,2021-04-13T16:33:43Z,2021-04-13T16:45:42Z,719,140,33300
4,982091062894348,2021-04-13T17:00:59Z,2021-04-13T17:02:03Z,64,26,33000
4,982091062894348,2021-04-13T17:02:06Z,2021-04-13T17:05:19Z,193,42,33300
4,982091062894348,2021-04-13T17:39:28Z,2021-04-13T17:44:20Z,292,83,33300
4,982091062894348,2021-04-13T17:45:03Z,2021-04-13T17:46:30Z,87,22,33300
4,982091062894348,2021-04-13T17:47:03Z,2021-04-13T17:48:49Z,106,27,33300
4,982091062894348,2021-04-13T17:49:18Z,2021-04-13T17:50:31Z,73,15,33300
4,982091062894348,2021-04-13T18:11:00Z,2021-04-13T18:12:13Z,73,17,33300
4,982091062894348,2021-04-13T18:21:19Z,2021-04-13T18:22:21Z,62,19,33300
4,982091062894348,2021-04-13T20:38:55Z,2021-04-13T20:42:54Z,239,55,33500
4,982091062894348,2021-04-14T01:48:23Z,2021-04-14T01:52:53Z,270,40,34900
4,982091062894348,2021-04-14T02:22:32Z,2021-04-14T02:37:17Z,885,155,34300
4,982091062894348,2021-04-14T04:32:08Z,2021-04-14T04:35:21Z,193,47,35200
4,982091062894348,2021-04-14T04:51:56Z,2021-04-14T04:53:29Z,93,27,34800
4,982091062894348,2021-04-14T04:56:51Z,2021-04-14T04:59:31Z,160,39,34500
4,982091062894348,2021-04-14T06:43:51Z,2021-04-14T06:50:05Z,374,55,34600
4,982091062894348,2021-04-14T07:56:37Z,2021-04-14T07:59:38Z,181,44,34200
4,982091062894348,2021-04-14T08:08:24Z,2021-04-14T08:11:07Z,163,47,33600
4,982091062894348,2021-04-14T08:16:35Z,2021-04-14T08:20:08Z,213,34,33800
4,982091062894348,2021-04-14T08:40:13Z,2021-04-14T08:41:19Z,66,17,33500
4,982091062894348,2021-04-14T09:07:18Z,2021-04-14T09:08:08Z,50,14,33700
4,982091062894348,2021-04-14T09:23:24Z,2021-04-14T09:25:24Z,120,21,33800
4,982091062894348,2021-04-14T11:00:12Z,2021-04-14T11:01:54Z,102,32,33800
4,982091062894348,2021-04-14T11:02:00Z,2021-04-14T11:02:52Z,52,21,33700
4,982091062894348,2021-04-14T11:07:38Z,2021-04-14T11:11:35Z,237,65,34200
4,982091062894348,2021-04-14T11:33:35Z,2021-04-14T11:36:19Z,164,52,34000
4,982091062894348,2021-04-14T11:40:54Z,2021-04-14T11:41:51Z,57,16,34000
4,982091062894348,2021-04-14T14:05:05Z,2021-04-14T14:08:41Z,216,69,34200
4,982091062894348,2021-04-14T14:58:47Z,2021-04-14T15:01:18Z,151,49,34200
4,982091062894348,2021-04-14T15:09:48Z,2021-04-14T15:12:36Z,168,45,34200
4,982091062894348,2021-04-14T15:47:34Z,2021-04-14T15:52:54Z,320,89,34200
4,982091062894348,2021-04-14T15:57:13Z,2021-04-14T15:59:24Z,131,43,34200
4,982091062894348,2021-04-14T16:00:00Z,2021-04-14T16:02:23Z,143,38,34200
4,982091062894348,2021-04-14T16:35:17Z,2021-04-14T16:36:10Z,53,13,34200
4,982091062894348,2021-04-14T16:39:21Z,2021-04-14T16:40:17Z,56,19,34200
4,982091062894348,2021-04-14T16:48:06Z,2021-04-14T16:49:38Z,92,17,34200
4,982091062894348,2021-04-14T17:41:58Z,2021-04-14T17:43:43Z,105,34,34200
4,982091062894348,2021-04-14T17:58:57Z,2021-04-14T18:04:54Z,357,120,34200
4,982091062894348,2021-04-14T18:13:36Z,2021-04-14T18:18:13Z,277,91,34200
4,982091062894348,2021-04-14T18:29:49Z,2021-04-14T18:32:05Z,136,39,34300
4,982091062894348,2021-04-14T18:43:49Z,2021-04-14T18:44:40Z,51,17,34200
4,982091062894348,2021-04-15T05:15:08Z,2021-04-15T05:32:07Z,1019,195,36000
4,982091062894348,2021-04-15T06:36:28Z,2021-04-15T06:37:30Z,62,19,36200
4,982091062894348,2021-04-15T07:41:13Z,2021-04-15T07:41:32Z,19,15,36800
4,982091062894348,2021-04-15T08:15:12Z,2021-04-15T08:22:23Z,431,92,34100
4,982091062894348,2021-04-15T08:30:41Z,2021-04-15T08:35:44Z,303,72,34200
4,982091062894348,2021-04-15T08:47:28Z,2021-04-15T08:49:04Z,96,37,32700
4,982091062894348,2021-04-15T08:54:22Z,2021-04-15T08:54:46Z,24,8,36900
4,982091062894348,2021-04-15T09:25:30Z,2021-04-15T09:26:25Z,55,19,36600
4,982091062894348,2021-04-15T09:54:09Z,2021-04-15T09:56:32Z,143,38,32300
4,982091062894348,2021-04-15T12:13:58Z,2021-04-15T12:15:02Z,64,21,37000
4,982091062894348,2021-04-15T12:21:13Z,2021-04-15T12:26:15Z,302,81,32700
4,982091062894348,2021-04-15T12:36:47Z,2021-04-15T12:40:12Z,205,63,33700
4,982091062894348,2021-04-15T12:41:43Z,2021-04-15T12:42:43Z,60,23,36900
4,982091062894348,2021-04-15T12:46:09Z,2021-04-15T12:47:03Z,54,23,32600
4,982091062894348,2021-04-15T13:04:54Z,2021-04-15T13:06:06Z,72,28,35800
4,982091062894348,2021-04-15T14:19:25Z,2021-04-15T14:21:43Z,138,44,37200
4,982091062894348,2021-04-15T15:49:22Z,2021-04-15T15:55:34Z,372,75,33900
4,982091062894348,2021-04-15T16:25:15Z,2021-04-15T16:31:50Z,395,103,33600
4,982091062894348,2021-04-15T16:47:58Z,2021-04-15T16:50:17Z,139,38,32000
4,982091062894348,2021-04-15T16:56:04Z,2021-04-15T16:57:19Z,75,26,37100
4,982091062894348,2021-04-15T16:58:16Z,2021-04-15T16:59:50Z,94,22,37000
4,982091062894348,2021-04-15T17:02:22Z,2021-04-15T17:03:13Z,51,15,36600
4,982091062894348,2021-04-15T17:56:33Z,2021-04-15T18:04:28Z,475,129,37400
4,982091062894348,2021-04-16T00:19:19Z,2021-04-16T00:22:03Z,164,46,36400
4,982091062894348,2021-04-16T00:22:06Z,2021-04-16T00:23:35Z,89,26,35200
4,982091062894348,2021-04-16T00:49:30Z,2021-04-16T00:51:33Z,123,33,36500
4,982091062894348,2021-04-16T05:11:05Z,2021-04-16T05:11:41Z,36,8,37100
4,982091062894348,2021-04-16T07:19:13Z,2021-04-16T07:23:51Z,278,59,36800
4,982091062894348,2021-04-16T08:03:04Z,2021-04-16T08:09:10Z,366,70,33500
4,982091062894348,2021-04-16T08:09:28Z,2021-04-16T08:12:44Z,196,50,36500
4,982091062894348,2021-04-16T08:41:31Z,2021-04-16T08:43:59Z,148,43,37100
4,982091062894348,2021-04-16T08:48:28Z,2021-04-16T08:50:35Z,127,39,37000
4,982091062894348,2021-04-16T10:42:30Z,2021-04-16T10:47:51Z,321,69,33300
4,982091062894348,2021-04-16T10:55:51Z,2021-04-16T10:58:53Z,182,46,37300
4,982091062894348,2021-04-16T11:00:13Z,2021-04-16T11:01:37Z,84,26,37300
4,982091062894348,2021-04-16T14:35:00Z,2021-04-16T14:48:57Z,837,171,34900
4,982091062894348,2021-04-16T14:49:00Z,2021-04-16T14:52:58Z,238,49,39500
4,982091062894348,2021-04-16T16:14:43Z,2021-04-16T16:18:51Z,248,68,37000
4,982091062894348,2021-04-16T16:18:57Z,2021-04-16T16:22:01Z,184,51,57400
4,982091062894348,2021-04-16T17:03:58Z,2021-04-16T17:12:23Z,505,148,37200
4,982091062894348,2021-04-16T17:24:18Z,2021-04-16T17:26:43Z,145,51,37300
4,982091062894348,2021-04-16T17:27:16Z,2021-04-16T17:28:45Z,89,30,37200
4,982091062894348,2021-04-16T18:24:13Z,2021-04-16T18:29:46Z,333,109,37700
4,982091062894348,2021-04-16T18:41:12Z,2021-04-16T18:43:32Z,140,52,38000
4,982091062894348,2021-04-16T23:40:52Z,2021-04-16T23:45:19Z,267,59,34500
4,982091062894348,2021-04-16T23:58:33Z,2021-04-17T00:19:15Z,1242,285,34900
4,982091062894348,2021-04-17T01:12:17Z,2021-04-17T01:19:13Z,416,94,35100
4,982091062894348,2021-04-17T01:19:18Z,2021-04-17T01:20:24Z,66,19,38800
4,982091062894348,2021-04-17T01:23:32Z,2021-04-17T01:25:28Z,116,26,35600
4,982091062894348,2021-04-17T04:14:01Z,2021-04-17T04:18:05Z,244,51,38900
4,982091062894348,2021-04-17T07:36:10Z,2021-04-17T07:45:50Z,580,121,36300
4,982091062894348,2021-04-17T07:45:54Z,2021-04-17T07:51:00Z,306,71,38700
4,982091062894348,2021-04-17T08:02:30Z,2021-04-17T08:03:12Z,42,21,38400
4,982091062894348,2021-04-17T08:07:20Z,2021-04-17T08:08:57Z,97,32,38300
4,982091062894348,2021-04-17T10:06:04Z,2021-04-17T10:12:50Z,406,114,36800
4,982091062894348,2021-04-17T10:17:18Z,2021-04-17T10:19:12Z,114,32,36700
4,982091062894348,2021-04-17T10:33:41Z,2021-04-17T10:36:09Z,148,41,37100
4,982091062894348,2021-04-17T11:19:48Z,2021-04-17T11:20:11Z,23,10,36900
4,982091062894348,2021-04-17T12:34:23Z,2021-04-17T12:39:36Z,313,75,37100
4,982091062894348,2021-04-17T12:39:40Z,2021-04-17T12:41:19Z,99,26,37100
4,982091062894348,2021-04-17T13:07:59Z,2021-04-17T13:08:35Z,36,11,36800
4,982091062894348,2021-04-17T13:08:58Z,2021-04-17T13:10:39Z,101,28,36700
4,982091062894348,2021-04-17T13:27:36Z,2021-04-17T13:29:29Z,113,36,36700
4,982091062894348,2021-04-17T13:33:37Z,2021-04-17T13:35:09Z,92,19,36800
4,982091062894348,2021-04-17T13:35:46Z,2021-04-17T13:37:16Z,90,27,36700
4,982091062894348,2021-04-17T16:09:11Z,2021-04-17T16:17:24Z,493,140,36700
4,982091062894348,2021-04-17T17:17:26Z,2021-04-17T17:22:21Z,295,68,37200
4,982091062894348,2021-04-17T17:22:25Z,2021-04-17T17:26:45Z,260,86,37000
4,982091062894348,2021-04-17T17:26:49Z,2021-04-17T17:32:17Z,328,96,37100
4,982091062894348,2021-04-17T17:45:34Z,2021-04-17T17:47:54Z,140,47,37100
4,982091062894348,2021-04-17T18:18:10Z,2021-04-17T18:19:57Z,107,37,37300
4,982091062894348,2021-04-17T18:41:30Z,2021-04-17T18:41:47Z,17,7,37000
4,982091062894348,2021-04-17T20:17:10Z,2021-04-17T20:18:09Z,59,20,37600
4,982091062894348,2021-04-17T22:21:58Z,2021-04-17T22:27:15Z,317,78,37100
4,982091062894348,2021-04-18T05:40:25Z,2021-04-18T05:52:20Z,715,132,38600
4,982091062894348,2021-04-18T07:13:32Z,2021-04-18T07:17:27Z,235,61,38300
4,982091062894348,2021-04-18T07:52:33Z,2021-04-18T07:58:06Z,333,83,38500
4,982091062894348,2021-04-18T08:04:04Z,2021-04-18T08:06:53Z,169,50,38500
4,982091062894348,2021-04-18T08:37:21Z,2021-04-18T08:40:56Z,215,57,38500
4,982091062894348,2021-04-18T08:46:28Z,2021-04-18T08:48:30Z,122,17,38400
4,982091062894348,2021-04-18T08:48:34Z,2021-04-18T08:50:30Z,116,29,38700
4,982091062894348,2021-04-18T10:44:40Z,2021-04-18T10:47:59Z,199,55,39100
4,982091062894348,2021-04-18T11:04:38Z,2021-04-18T11:10:27Z,349,91,39100
4,982091062894348,2021-04-18T11:27:37Z,2021-04-18T11:28:53Z,76,17,39500
4,982091062894348,2021-04-18T13:16:39Z,2021-04-18T13:27:40Z,661,170,39100
4,982091062894348,2021-04-18T14:36:08Z,2021-04-18T14:38:35Z,147,57,39000
4,982091062894348,2021-04-18T14:47:17Z,2021-04-18T14:49:07Z,110,43,39500
4,982091062894348,2021-04-18T14:50:09Z,2021-04-18T14:51:14Z,65,21,39300
4,982091062894348,2021-04-18T15:39:12Z,2021-04-18T15:41:11Z,119,36,39600
4,982091062894348,2021-04-18T16:06:29Z,2021-04-18T16:08:14Z,105,42,39500
4,982091062894348,2021-04-18T16:08:26Z,2021-04-18T16:10:06Z,100,26,39400
4,982091062894348,2021-04-18T16:12:35Z,2021-04-18T16:14:39Z,124,39,37800
4,982091062894348,2021-04-18T16:44:31Z,2021-04-18T16:45:36Z,65,23,39300
4,982091062894348,2021-04-18T16:55:14Z,2021-04-18T16:57:45Z,151,52,36300
4,982091062894348,2021-04-18T17:05:53Z,2021-04-18T17:08:04Z,131,40,39500
4,982091062894348,2021-04-18T17:08:48Z,2021-04-18T17:10:06Z,78,22,39800
4,982091062894348,2021-04-18T17:30:47Z,2021-04-18T17:33:12Z,145,55,40100
4,982091062894348,2021-04-18T17:52:56Z,2021-04-18T17:54:17Z,81,28,36500
4,982091062894348,2021-04-18T17:55:00Z,2021-04-18T17:56:02Z,62,22,40200
4,982091062894348,2021-04-18T18:48:40Z,2021-04-18T18:50:24Z,104,35,40100
4,982091062894348,2021-04-18T21:39:27Z,2021-04-18T21:39:58Z,31,0,40100
4,982091062894348,2021-04-18T21:54:03Z,2021-04-18T21:55:30Z,87,0,35700
4,982091062894348,2021-04-19T01:54:11Z,2021-04-19T02:17:24Z,1393,308,39700
4,982091062894348,2021-04-19T02:17:28Z,2021-04-19T02:18:26Z,58,19,40200
4,982091062894348,2021-04-19T02:18:31Z,2021-04-19T02:19:04Z,33,7,40400
4,982091062894348,2021-04-19T02:26:15Z,2021-04-19T02:27:13Z,58,15,40200
4,982091062894348,2021-04-19T02:59:06Z,2021-04-19T02:59:32Z,26,8,40600
4,982091062894348,2021-04-19T06:54:12Z,2021-04-19T06:55:35Z,83,13,39900
4,982091062894348,2021-04-19T07:25:03Z,2021-04-19T07:28:11Z,188,53,35700
4,982091062894348,2021-04-19T07:30:33Z,2021-04-19T07:31:38Z,65,13,39600
4,982091062894348,2021-04-19T07:51:06Z,2021-04-19T07:52:11Z,65,19,39700
4,982091062894348,2021-04-19T08:35:56Z,2021-04-19T08:39:10Z,194,29,39000
4,982091062894348,2021-04-19T08:42:06Z,2021-04-19T08:43:26Z,80,26,39300
4,982091062894348,2021-04-19T09:29:51Z,2021-04-19T09:30:13Z,22,7,39400
4,982091062894348,2021-04-19T09:35:37Z,2021-04-19T09:36:04Z,27,7,39200
4,982091062894348,2021-04-19T10:49:36Z,2021-04-19T10:51:59Z,143,33,37700
4,982091062894348,2021-04-19T11:08:22Z,2021-04-19T11:09:47Z,85,26,37700
4,982091062894348,2021-04-19T11:11:26Z,2021-04-19T11:14:13Z,167,35,37700
4,982091062894348,2021-04-19T11:24:18Z,2021-04-19T11:25:21Z,63,20,37800
4,982091062894348,2021-04-19T11:55:40Z,2021-04-19T11:56:38Z,58,24,37900
4,982091062894348,2021-04-19T11:57:20Z,2021-04-19T11:58:25Z,65,20,38300
4,982091062894348,2021-04-19T13:26:14Z,2021-04-19T13:28:38Z,144,44,38300
4,982091062894348,2021-04-19T15:13:13Z,2021-04-19T15:20:28Z,435,108,37800
4,982091062894348,2021-04-19T15:27:59Z,2021-04-19T15:34:14Z,375,120,38100
4,982091062894348,2021-04-19T16:35:17Z,2021-04-19T16:38:04Z,167,60,38500
4,982091062894348,2021-04-19T17:17:47Z,2021-04-19T17:23:40Z,353,121,38700
4,982091062894348,2021-04-19T17:33:28Z,2021-04-19T17:36:18Z,170,61,38700
4,982091062894348,2021-04-19T17:52:14Z,2021-04-19T17:53:08Z,54,27,38600
4,982091062894348,2021-04-19T18:04:56Z,2021-04-19T18:07:10Z,134,46,38600
4,982091062894348,2021-04-19T18:07:35Z,2021-04-19T18:09:02Z,87,29,38700
4,982091062894348,2021-04-19T19:23:51Z,2021-04-19T19:26:07Z,136,51,38800
4,982091062894348,2021-04-19T22:18:00Z,2021-04-19T22:18:46Z,46,12,39400
4,982091062894348,2021-04-20T01:09:56Z,2021-04-20T01:15:22Z,326,98,39800
4,982091062894348,2021-04-20T06:49:54Z,2021-04-20T07:20:38Z,1844,304,39800
4,982091062894348,2021-04-20T07:20:43Z,2021-04-20T07:22:29Z,106,31,0
4,982091062894348,2021-04-20T08:27:17Z,2021-04-20T08:29:04Z,107,35,39600
4,982091062894348,2021-04-20T09:00:31Z,2021-04-20T09:01:40Z,69,31,39000
4,982091062894348,2021-04-20T09:59:29Z,2021-04-20T10:03:52Z,263,60,39100
4,982091062894348,2021-04-20T10:10:59Z,2021-04-20T10:11:30Z,31,5,39100
4,982091062894348,2021-04-20T10:11:59Z,2021-04-20T10:14:25Z,146,17,39100
4,982091062894348,2021-04-20T10:15:13Z,2021-04-20T10:16:45Z,92,9,39100
4,982091062894348,2021-04-20T10:17:47Z,2021-04-20T10:18:24Z,37,13,39300
4,982091062894348,2021-04-20T11:12:21Z,2021-04-20T11:16:31Z,250,35,39800
4,982091062894348,2021-04-20T11:23:01Z,2021-04-20T11:24:26Z,85,31,39400
4,982091062894348,2021-04-20T11:25:16Z,2021-04-20T11:26:32Z,76,23,39400
4,982091062894348,2021-04-20T12:03:08Z,2021-04-20T12:06:21Z,193,70,39700
4,982091062894348,2021-04-20T12:14:07Z,2021-04-20T12:15:05Z,58,18,39400
4,982091062894348,2021-04-20T12:22:24Z,2021-04-20T12:23:20Z,56,11,39600
4,982091062894348,2021-04-20T15:39:30Z,2021-04-20T15:50:54Z,684,182,39800
4,982091062894348,2021-04-20T16:42:50Z,2021-04-20T16:45:02Z,132,58,39800
4,982091062894348,2021-04-20T17:21:25Z,2021-04-20T17:30:56Z,571,167,39800
4,982091062894348,2021-04-20T18:38:07Z,2021-04-20T18:48:38Z,631,205,39900
4,982091062894348,2021-04-21T01:24:21Z,2021-04-21T01:31:37Z,436,112,38700
4,982091062894348,2021-04-21T01:31:45Z,2021-04-21T01:33:10Z,85,27,41400
4,982091062894348,2021-04-21T01:40:15Z,2021-04-21T01:41:58Z,103,35,41500
4,982091062894348,2021-04-21T06:38:17Z,2021-04-21T06:45:20Z,423,117,40900
4,982091062894348,2021-04-21T06:45:22Z,2021-04-21T06:47:28Z,126,40,41100
4,982091062894348,2021-04-21T07:20:13Z,2021-04-21T07:22:57Z,164,71,41300
4,982091062894348,2021-04-21T07:51:51Z,2021-04-21T07:55:22Z,211,70,41900
4,982091062894348,2021-04-21T08:03:02Z,2021-04-21T08:04:33Z,91,35,37300
4,982091062894348,2021-04-21T08:54:22Z,2021-04-21T08:58:11Z,229,59,41300
4,982091062894348,2021-04-21T09:12:02Z,2021-04-21T09:15:05Z,183,70,41700
4,982091062894348,2021-04-21T09:45:41Z,2021-04-21T09:50:41Z,300,65,41700
4,982091062894348,2021-04-21T09:51:18Z,2021-04-21T09:52:52Z,94,33,41700
4,982091062894348,2021-04-21T11:56:29Z,2021-04-21T11:58:47Z,138,48,41900
4,982091062894348,2021-04-21T13:02:06Z,2021-04-21T13:06:31Z,265,91,41900
4,982091062894348,2021-04-21T13:17:59Z,2021-04-21T13:20:17Z,138,54,39400
4,982091062894348,2021-04-21T14:18:39Z,2021-04-21T14:21:00Z,141,48,41200
4,982091062894348,2021-04-21T14:27:11Z,2021-04-21T14:30:14Z,183,68,41300
4,982091062894348,2021-04-21T15:57:18Z,2021-04-21T16:02:16Z,298,114,41900
4,982091062894348,2021-04-21T16:02:48Z,2021-04-21T16:05:58Z,190,44,42000
4,982091062894348,2021-04-21T16:06:03Z,2021-04-21T16:06:43Z,40,14,42400
4,982091062894348,2021-04-21T17:04:33Z,2021-04-21T17:08:26Z,233,82,42300
4,982091062894348,2021-04-21T17:08:32Z,2021-04-21T17:11:51Z,199,72,41700
4,982091062894348,2021-04-21T17:22:04Z,2021-04-21T17:24:56Z,172,57,38100
4,982091062894348,2021-04-21T17:25:46Z,2021-04-21T17:28:10Z,144,57,39400
4,982091062894348,2021-04-21T18:11:13Z,2021-04-21T18:11:38Z,25,14,42500
4,982091062894348,2021-04-21T22:24:33Z,2021-04-21T22:28:41Z,248,70,42900
4,982091062894348,2021-04-21T22:38:18Z,2021-04-21T22:42:40Z,262,93,37400
4,982091062894348,2021-04-21T22:42:53Z,2021-04-21T22:44:07Z,74,19,42600
4,982091062894348,2021-04-22T01:06:59Z,2021-04-22T01:10:05Z,186,57,41800
4,982091062894348,2021-04-22T05:37:52Z,2021-04-22T05:42:54Z,302,84,41400
4,982091062894348,2021-04-22T05:43:47Z,2021-04-22T05:44:38Z,51,17,41700
4,982091062894348,2021-04-22T06:38:15Z,2021-04-22T06:38:44Z,29,20,41600
4,982091062894348,2021-04-22T06:47:10Z,2021-04-22T06:48:12Z,62,16,40800
4,982091062894348,2021-04-22T07:01:40Z,2021-04-22T07:05:03Z,203,61,41200
4,982091062894348,2021-04-22T07:05:53Z,2021-04-22T07:06:34Z,41,10,42900
4,982091062894348,2021-04-22T07:54:57Z,2021-04-22T07:57:02Z,125,30,41300
4,982091062894348,2021-04-22T08:48:40Z,2021-04-22T08:52:44Z,244,87,41300
4,982091062894348,2021-04-22T09:05:08Z,2021-04-22T09:07:55Z,167,55,41400
4,982091062894348,2021-04-22T09:13:50Z,2021-04-22T09:15:33Z,103,47,41600
4,982091062894348,2021-04-22T09:25:13Z,2021-04-22T09:26:32Z,79,28,41400
4,982091062894348,2021-04-22T09:27:18Z,2021-04-22T09:28:32Z,74,30,41500
4,982091062894348,2021-04-22T10:14:59Z,2021-04-22T10:17:06Z,127,46,41400
4,982091062894348,2021-04-22T10:17:19Z,2021-04-22T10:17:59Z,40,15,41800
4,982091062894348,2021-04-22T10:47:11Z,2021-04-22T10:48:01Z,50,16,41800
4,982091062894348,2021-04-22T11:17:15Z,2021-04-22T11:17:53Z,38,18,42100
4,982091062894348,2021-04-22T11:18:24Z,2021-04-22T11:19:28Z,64,27,42000
4,982091062894348,2021-04-22T12:19:26Z,2021-04-22T12:23:07Z,221,89,42000
4,982091062894348,2021-04-22T12:25:41Z,2021-04-22T12:27:38Z,117,52,42000
4,982091062894348,2021-04-22T12:28:48Z,2021-04-22T12:30:00Z,72,27,42000
4,982091062894348,2021-04-22T13:06:48Z,2021-04-22T13:07:59Z,71,35,41800
4,982091062894348,2021-04-22T13:08:31Z,2021-04-22T13:10:13Z,102,35,42000
4,982091062894348,2021-04-22T14:54:21Z,2021-04-22T14:59:30Z,309,101,42300
4,982091062894348,2021-04-22T15:21:26Z,2021-04-22T15:23:55Z,149,49,42400
4,982091062894348,2021-04-22T15:34:39Z,2021-04-22T15:35:45Z,66,27,41800
4,982091062894348,2021-04-22T16:09:32Z,2021-04-22T16:11:17Z,105,37,41700
4,982091062894348,2021-04-22T16:11:21Z,2021-04-22T16:13:33Z,132,47,41800
4,982091062894348,2021-04-22T16:30:13Z,2021-04-22T16:32:55Z,162,67,42000
4,982091062894348,2021-04-22T17:01:04Z,2021-04-22T17:04:40Z,216,82,42500
4,982091062894348,2021-04-22T17:11:47Z,2021-04-22T17:13:40Z,113,52,42600
4,982091062894348,2021-04-22T17:17:52Z,2021-04-22T17:19:44Z,112,33,42400
4,982091062894348,2021-04-22T18:52:31Z,2021-04-22T18:54:47Z,136,43,43100
4,982091062894348,2021-04-22T18:54:53Z,2021-04-22T18:57:11Z,138,60,42800
4,982091062894348,2021-04-22T18:59:40Z,2021-04-22T19:00:56Z,76,26,42900
4,982091062894348,2021-04-22T21:11:12Z,2021-04-22T21:12:49Z,97,33,42600
4,982091062894348,2021-04-22T21:15:25Z,2021-04-22T21:16:30Z,65,18,42500
4,982091062894348,2021-04-22T21:48:32Z,2021-04-22T21:49:26Z,54,13,42400
4,982091062894348,2021-04-22T22:58:31Z,2021-04-22T23:03:30Z,299,99,42600
4,982091062894348,2021-04-22T23:03:36Z,2021-04-22T23:04:47Z,71,33,42600
4,982091062894348,2021-04-23T05:04:29Z,2021-04-23T05:09:08Z,279,74,42300
4,982091062894348,2021-04-23T06:26:20Z,2021-04-23T06:29:21Z,181,62,42300
4,982091062894348,2021-04-23T07:20:37Z,2021-04-23T07:23:03Z,146,48,42300
4,982091062894348,2021-04-23T07:24:35Z,2021-04-23T07:26:13Z,98,32,42300
4,982091062894348,2021-04-23T07:27:45Z,2021-04-23T07:28:49Z,64,17,42300
4,982091062894348,2021-04-23T07:28:57Z,2021-04-23T07:31:00Z,123,41,42300
4,982091062894348,2021-04-23T07:43:13Z,2021-04-23T07:49:56Z,403,94,42300
4,982091062894348,2021-04-23T08:06:38Z,2021-04-23T08:07:41Z,63,31,42300
4,982091062894348,2021-04-23T08:13:27Z,2021-04-23T08:14:51Z,84,33,42300
4,982091062894348,2021-04-23T08:51:51Z,2021-04-23T08:54:35Z,164,32,42300
4,982091062894348,2021-04-23T09:38:09Z,2021-04-23T09:41:58Z,229,70,41700
4,982091062894348,2021-04-23T09:49:15Z,2021-04-23T09:53:22Z,247,96,41600
4,982091062894348,2021-04-23T09:58:27Z,2021-04-23T09:59:21Z,54,23,41400
4,982091062894348,2021-04-23T10:04:48Z,2021-04-23T10:05:17Z,29,9,41600
4,982091062894348,2021-04-23T14:02:47Z,2021-04-23T14:16:49Z,842,201,42300
4,982091062894348,2021-04-23T15:26:45Z,2021-04-23T15:37:53Z,668,253,42300
4,982091062894348,2021-04-23T15:37:58Z,2021-04-23T15:39:12Z,74,28,46100
4,982091062894348,2021-04-23T16:26:37Z,2021-04-23T16:27:39Z,62,26,42300
4,982091062894348,2021-04-23T16:56:30Z,2021-04-23T16:59:01Z,151,70,42300
4,982091062894348,2021-04-23T17:15:54Z,2021-04-23T17:16:27Z,33,19,42100
4,982091062894348,2021-04-23T17:17:05Z,2021-04-23T17:18:24Z,79,35,42200
4,982091062894348,2021-04-23T17:29:34Z,2021-04-23T17:34:42Z,308,78,42300
4,982091062894348,2021-04-23T17:34:46Z,2021-04-23T17:35:34Z,48,24,42300
4,982091062894348,2021-04-23T18:25:06Z,2021-04-23T18:26:20Z,74,27,42600
4,982091062894348,2021-04-23T18:27:13Z,2021-04-23T18:28:35Z,82,21,42400
4,982091062894348,2021-04-23T18:33:10Z,2021-04-23T18:33:57Z,47,16,42300
4,982091062894348,2021-04-24T00:40:52Z,2021-04-24T00:42:45Z,113,38,42700
4,982091062894348,2021-04-24T00:43:11Z,2021-04-24T00:44:06Z,55,11,42700
4,982091062894348,2021-04-24T00:57:47Z,2021-04-24T00:59:48Z,121,34,42700
4,982091062894348,2021-04-24T06:01:53Z,2021-04-24T06:11:10Z,557,122,42500
4,982091062894348,2021-04-24T06:11:13Z,2021-04-24T06:14:43Z,210,76,42600
4,982091062894348,2021-04-24T06:20:44Z,2021-04-24T06:23:49Z,185,66,42600
4,982091062894348,2021-04-24T06:24:28Z,2021-04-24T06:27:46Z,198,14,42500
4,982091062894348,2021-04-24T06:35:28Z,2021-04-24T06:43:48Z,500,13,42600
4,982091062894348,2021-04-24T07:58:58Z,2021-04-24T08:01:32Z,154,48,42600
4,982091062894348,2021-04-24T08:14:33Z,2021-04-24T08:16:01Z,88,40,42700
4,982091062894348,2021-04-24T09:01:45Z,2021-04-24T09:03:32Z,107,49,42600
4,982091062894348,2021-04-24T09:17:16Z,2021-04-24T09:19:50Z,154,67,42700
4,982091062894348,2021-04-24T09:24:04Z,2021-04-24T09:29:39Z,335,83,42700
4,982091062894348,2021-04-24T09:29:45Z,2021-04-24T09:30:45Z,60,24,49700
4,982091062894348,2021-04-24T09:53:36Z,2021-04-24T09:57:06Z,210,10,42700
4,982091062894348,2021-04-24T10:26:30Z,2021-04-24T10:27:05Z,35,6,42700
4,982091062894348,2021-04-24T12:55:20Z,2021-04-24T12:57:39Z,139,55,42700
4,982091062894348,2021-04-24T13:16:46Z,2021-04-24T13:21:50Z,304,99,42700
4,982091062894348,2021-04-24T13:21:55Z,2021-04-24T13:23:26Z,91,34,42700
4,982091062894348,2021-04-24T13:36:52Z,2021-04-24T13:37:58Z,66,12,42700
4,982091062894348,2021-04-24T14:06:49Z,2021-04-24T14:07:10Z,21,9,42700
4,982091062894348,2021-04-24T14:07:39Z,2021-04-24T14:09:12Z,93,38,42700
4,982091062894348,2021-04-24T14:38:47Z,2021-04-24T14:39:13Z,26,7,42700
4,982091062894348,2021-04-24T14:39:47Z,2021-04-24T14:43:11Z,204,71,43000
4,982091062894348,2021-04-24T16:35:35Z,2021-04-24T16:39:26Z,231,87,42800
4,982091062894348,2021-04-24T16:52:16Z,2021-04-24T16:56:20Z,244,80,43000
4,982091062894348,2021-04-24T16:56:24Z,2021-04-24T16:57:13Z,49,25,43300
4,982091062894348,2021-04-24T16:57:30Z,2021-04-24T16:58:16Z,46,20,43200
4,982091062894348,2021-04-24T17:53:52Z,2021-04-24T17:56:08Z,136,46,43200
4,982091062894348,2021-04-24T18:56:16Z,2021-04-24T19:04:37Z,501,184,43400
4,982091062894348,2021-04-24T22:46:43Z,2021-04-24T22:48:55Z,132,46,43600
4,982091062894348,2021-04-25T07:16:49Z,2021-04-25T07:19:41Z,172,57,44000
4,982091062894348,2021-04-25T07:20:56Z,2021-04-25T07:21:33Z,37,15,44000
4,982091062894348,2021-04-25T07:35:12Z,2021-04-25T07:53:43Z,1111,324,43700
4,982091062894348,2021-04-25T07:53:46Z,2021-04-25T07:55:39Z,113,36,41300
4,982091062894348,2021-04-25T07:55:42Z,2021-04-25T07:56:22Z,40,18,43900
4,982091062894348,2021-04-25T10:38:37Z,2021-04-25T10:42:17Z,220,93,43700
4,982091062894348,2021-04-25T10:44:38Z,2021-04-25T10:47:38Z,180,75,44400
4,982091062894348,2021-04-25T11:01:57Z,2021-04-25T11:04:02Z,125,53,44300
4,982091062894348,2021-04-25T11:10:51Z,2021-04-25T11:12:08Z,77,34,44300
4,982091062894348,2021-04-25T11:21:59Z,2021-04-25T11:23:33Z,94,37,44600
4,982091062894348,2021-04-25T11:24:09Z,2021-04-25T11:27:36Z,207,77,44400
4,982091062894348,2021-04-25T11:30:26Z,2021-04-25T11:31:36Z,70,24,44700
4,982091062894348,2021-04-25T14:52:43Z,2021-04-25T14:56:01Z,198,83,44600
4,982091062894348,2021-04-25T14:56:05Z,2021-04-25T15:00:58Z,293,103,44600
4,982091062894348,2021-04-25T15:12:32Z,2021-04-25T15:14:40Z,128,26,44800
4,982091062894348,2021-04-25T15:36:20Z,2021-04-25T15:39:19Z,179,70,44400
4,982091062894348,2021-04-25T16:35:57Z,2021-04-25T16:40:01Z,244,66,45200
4,982091062894348,2021-04-25T16:42:31Z,2021-04-25T16:43:22Z,51,16,45700
4,982091062894348,2021-04-25T17:43:13Z,2021-04-25T17:45:22Z,129,63,45200
4,982091062894348,2021-04-25T18:52:21Z,2021-04-25T18:59:50Z,449,187,45000
4,982091062894348,2021-04-25T18:59:53Z,2021-04-25T19:00:50Z,57,33,45600
4,982091062894348,2021-04-25T23:17:01Z,2021-04-25T23:23:26Z,385,135,45900
4,982091062894348,2021-04-25T23:23:31Z,2021-04-25T23:24:37Z,66,39,46100
4,982091062894348,2021-04-25T23:25:13Z,2021-04-25T23:25:53Z,40,19,45900
4,982091062894348,2021-04-26T00:25:29Z,2021-04-26T00:26:54Z,85,38,45800
4,982091062894348,2021-04-26T03:22:36Z,2021-04-26T03:24:40Z,124,45,45700
4,982091062894348,2021-04-26T03:30:51Z,2021-04-26T03:31:52Z,61,18,45900
4,982091062894348,2021-04-26T03:31:58Z,2021-04-26T03:33:12Z,74,28,46000
4,982091062894348,2021-04-26T06:19:50Z,2021-04-26T06:21:06Z,76,25,45800
4,982091062894348,2021-04-26T06:24:13Z,2021-04-26T06:25:45Z,92,30,45900
4,982091062894348,2021-04-26T06:40:41Z,2021-04-26T06:42:49Z,128,50,45600
4,982091062894348,2021-04-26T06:54:52Z,2021-04-26T06:55:55Z,63,30,45900
4,982091062894348,2021-04-26T07:34:48Z,2021-04-26T07:35:52Z,64,32,45300
4,982091062894348,2021-04-26T08:08:44Z,2021-04-26T08:12:52Z,248,87,44900
4,982091062894348,2021-04-26T08:12:57Z,2021-04-26T08:15:40Z,163,69,44300
4,982091062894348,2021-04-26T08:18:30Z,2021-04-26T08:20:20Z,110,49,45200
4,982091062894348,2021-04-26T08:24:41Z,2021-04-26T08:24:54Z,13,7,45200
4,982091062894348,2021-04-26T08:36:06Z,2021-04-26T08:36:33Z,27,22,45300
4,982091062894348,2021-04-26T08:54:09Z,2021-04-26T08:57:32Z,203,50,45100
4,982091062894348,2021-04-26T09:05:02Z,2021-04-26T09:08:37Z,215,31,45500
4,982091062894348,2021-04-26T09:18:06Z,2021-04-26T09:19:37Z,91,18,44900
4,982091062894348,2021-04-26T09:28:31Z,2021-04-26T09:29:04Z,33,12,46000
4,982091062894348,2021-04-26T09:32:27Z,2021-04-26T09:33:12Z,45,19,45600
4,982091062894348,2021-04-26T09:41:22Z,2021-04-26T09:42:50Z,88,32,45600
4,982091062894348,2021-04-26T11:52:36Z,2021-04-26T11:55:26Z,170,80,40900
4,982091062894348,2021-04-26T12:07:33Z,2021-04-26T12:10:57Z,204,74,46100
4,982091062894348,2021-04-26T12:26:32Z,2021-04-26T12:29:06Z,154,59,41600
4,982091062894348,2021-04-26T12:45:22Z,2021-04-26T12:49:18Z,236,64,45500
4,982091062894348,2021-04-26T13:48:01Z,2021-04-26T13:49:48Z,107,46,45600
4,982091062894348,2021-04-26T13:55:50Z,2021-04-26T13:56:14Z,24,11,45700
4,982091062894348,2021-04-26T13:58:33Z,2021-04-26T13:59:57Z,84,36,45600
4,982091062894348,2021-04-26T14:01:52Z,2021-04-26T14:02:27Z,35,8,47100
4,982091062894348,2021-04-26T14:03:07Z,2021-04-26T14:04:49Z,102,20,45400
4,982091062894348,2021-04-26T15:11:17Z,2021-04-26T15:17:28Z,371,104,45400
4,982091062894348,2021-04-26T16:26:54Z,2021-04-26T16:31:58Z,304,83,45300
4,982091062894348,2021-04-26T16:44:05Z,2021-04-26T16:46:48Z,163,75,45400
4,982091062894348,2021-04-26T16:53:37Z,2021-04-26T16:58:48Z,311,120,44000
4,982091062894348,2021-04-26T17:35:44Z,2021-04-26T17:41:42Z,358,158,41300
4,982091062894348,2021-04-26T18:32:37Z,2021-04-26T18:36:01Z,204,105,42100
4,982091062894348,2021-04-26T18:36:07Z,2021-04-26T18:37:08Z,61,37,46600
4,982091062894348,2021-04-26T21:45:12Z,2021-04-26T21:46:55Z,103,40,46900
4,982091062894348,2021-04-27T06:16:30Z,2021-04-27T06:22:54Z,384,105,45500
4,982091062894348,2021-04-27T06:27:58Z,2021-04-27T06:37:51Z,593,181,45300
4,982091062894348,2021-04-27T06:37:58Z,2021-04-27T06:39:13Z,75,25,45200
4,982091062894348,2021-04-27T06:40:06Z,2021-04-27T06:44:40Z,274,59,45300
4,982091062894348,2021-04-27T06:50:33Z,2021-04-27T06:51:30Z,57,27,45300
4,982091062894348,2021-04-27T08:49:27Z,2021-04-27T08:52:27Z,180,74,45300
4,982091062894348,2021-04-27T09:03:30Z,2021-04-27T09:06:35Z,185,72,45300
4,982091062894348,2021-04-27T09:16:58Z,2021-04-27T09:20:18Z,200,76,45600
4,982091062894348,2021-04-27T09:20:49Z,2021-04-27T09:21:38Z,49,10,46000
4,982091062894348,2021-04-27T09:43:30Z,2021-04-27T09:44:04Z,34,8,45700
4,982091062894348,2021-04-27T09:46:06Z,2021-04-27T09:47:52Z,106,14,45600
4,982091062894348,2021-04-27T10:28:29Z,2021-04-27T10:30:05Z,96,33,45500
4,982091062894348,2021-04-27T10:35:09Z,2021-04-27T10:36:08Z,59,22,45600
4,982091062894348,2021-04-27T10:53:07Z,2021-04-27T10:53:48Z,41,18,45400
4,982091062894348,2021-04-27T11:28:21Z,2021-04-27T11:29:04Z,43,20,45400
4,982091062894348,2021-04-27T11:56:35Z,2021-04-27T11:58:18Z,103,49,45300
4,982091062894348,2021-04-27T11:58:23Z,2021-04-27T11:59:31Z,68,26,45300
4,982091062894348,2021-04-27T15:13:38Z,2021-04-27T15:17:31Z,233,85,45300
4,982091062894348,2021-04-27T15:26:47Z,2021-04-27T15:36:49Z,602,202,45300
4,982091062894348,2021-04-27T16:49:12Z,2021-04-27T16:53:05Z,233,108,45300
4,982091062894348,2021-04-27T17:04:34Z,2021-04-27T17:06:09Z,95,51,45700
4,982091062894348,2021-04-27T17:11:46Z,2021-04-27T17:16:57Z,311,138,45900
4,982091062894348,2021-04-27T18:41:03Z,2021-04-27T18:43:02Z,119,47,45900
4,982091062894348,2021-04-27T18:43:45Z,2021-04-27T18:45:59Z,134,61,45900
4,982091062894348,2021-04-27T18:46:21Z,2021-04-27T18:47:11Z,50,22,45900
4,982091062894348,2021-04-27T18:49:04Z,2021-04-27T18:49:51Z,47,20,46000
4,982091062894348,2021-04-27T18:49:57Z,2021-04-27T18:50:35Z,38,17,46100
4,982091062894348,2021-04-27T18:51:21Z,2021-04-27T18:51:50Z,29,13,46100
4,982091062894348,2021-04-28T00:51:24Z,2021-04-28T00:54:39Z,195,61,47600
4,982091062894348,2021-04-28T00:54:41Z,2021-04-28T00:56:55Z,134,46,48800
4,982091062894348,2021-04-28T00:57:01Z,2021-04-28T00:58:51Z,110,29,48500
4,982091062894348,2021-04-28T03:36:20Z,2021-04-28T03:37:35Z,75,27,47400
4,982091062894348,2021-04-28T07:12:00Z,2021-04-28T07:15:38Z,218,72,47100
4,982091062894348,2021-04-28T07:15:44Z,2021-04-28T07:17:20Z,96,25,47100
4,982091062894348,2021-04-28T07:19:44Z,2021-04-28T07:31:00Z,676,127,46500
4,982091062894348,2021-04-28T07:31:04Z,2021-04-28T07:32:34Z,90,28,46800
4,982091062894348,2021-04-28T08:17:59Z,2021-04-28T08:22:44Z,285,56,46900
4,982091062894348,2021-04-28T09:08:38Z,2021-04-28T09:10:10Z,92,40,47000
4,982091062894348,2021-04-28T09:15:04Z,2021-04-28T09:18:06Z,182,55,47200
4,982091062894348,2021-04-28T09:55:48Z,2021-04-28T09:59:32Z,224,78,47800
4,982091062894348,2021-04-28T11:02:44Z,2021-04-28T11:09:20Z,396,106,47500
4,982091062894348,2021-04-28T15:03:33Z,2021-04-28T15:21:14Z,1061,289,47300
4,982091062894348,2021-04-28T15:21:18Z,2021-04-28T15:22:15Z,57,29,47900
4,982091062894348,2021-04-28T16:39:55Z,2021-04-28T16:47:55Z,480,187,48200
4,982091062894348,2021-04-28T17:28:19Z,2021-04-28T17:29:20Z,61,37,48700
4,982091062894348,2021-04-28T17:34:36Z,2021-04-28T17:41:30Z,414,171,49000
4,982091062894348,2021-04-28T18:21:55Z,2021-04-28T18:25:46Z,231,114,44100
4,982091062894348,2021-04-29T00:33:16Z,2021-04-29T00:36:09Z,173,79,46500
4,982091062894348,2021-04-29T07:12:07Z,2021-04-29T07:28:45Z,998,293,46200
4,982091062894348,2021-04-29T09:02:12Z,2021-04-29T09:04:33Z,141,81,46200
4,982091062894348,2021-04-29T09:08:09Z,2021-04-29T09:15:21Z,432,168,46200
4,982091062894348,2021-04-29T09:15:25Z,2021-04-29T09:16:08Z,43,17,46200
4,982091062894348,2021-04-29T10:15:27Z,2021-04-29T10:16:39Z,72,37,46200
4,982091062894348,2021-04-29T10:24:35Z,2021-04-29T10:26:08Z,93,36,46200
4,982091062894348,2021-04-29T10:48:51Z,2021-04-29T10:49:28Z,37,22,46200
4,982091062894348,2021-04-29T10:53:28Z,2021-04-29T10:54:23Z,55,27,46300
4,982091062894348,2021-04-29T14:26:48Z,2021-04-29T14:28:48Z,120,61,46500
4,982091062894348,2021-04-29T14:54:49Z,2021-04-29T14:57:35Z,166,77,46300
4,982091062894348,2021-04-29T14:57:41Z,2021-04-29T15:00:09Z,148,76,46400
4,982091062894348,2021-04-29T15:34:00Z,2021-04-29T15:40:26Z,386,155,46500
4,982091062894348,2021-04-29T16:16:09Z,2021-04-29T16:17:38Z,89,42,46700
4,982091062894348,2021-04-29T17:06:13Z,2021-04-29T17:11:04Z,291,129,46800
4,982091062894348,2021-04-29T17:11:08Z,2021-04-29T17:12:16Z,68,39,46800
4,982091062894348,2021-04-29T17:12:21Z,2021-04-29T17:13:27Z,66,33,46900
4,982091062894348,2021-04-29T19:32:22Z,2021-04-29T19:40:55Z,513,243,46200
4,982091062894348,2021-04-29T19:40:59Z,2021-04-29T19:42:12Z,73,40,47500
4,982091062894348,2021-04-29T19:42:18Z,2021-04-29T19:44:50Z,152,65,47500
4,982091062894348,2021-04-29T19:44:55Z,2021-04-29T19:45:57Z,62,44,47700
4,982091062894348,2021-04-30T07:37:18Z,2021-04-30T07:51:53Z,875,275,48100
4,982091062894348,2021-04-30T07:53:17Z,2021-04-30T07:54:56Z,99,55,48100
4,982091062894348,2021-04-30T07:55:46Z,2021-04-30T07:58:05Z,139,79,48100
4,982091062894348,2021-04-30T08:22:17Z,2021-04-30T08:27:09Z,292,70,48100
4,982091062894348,2021-04-30T08:31:34Z,2021-04-30T08:35:34Z,240,42,48100
4,982091062894348,2021-04-30T08:58:20Z,2021-04-30T08:58:43Z,23,11,48100
4,982091062894348,2021-04-30T09:01:17Z,2021-04-30T09:01:38Z,21,8,48100
4,982091062894348,2021-04-30T09:14:41Z,2021-04-30T09:15:05Z,24,12,48100
4,982091062894348,2021-04-30T12:01:36Z,2021-04-30T12:07:04Z,328,122,48100
4,982091062894348,2021-04-30T12:07:09Z,2021-04-30T12:09:38Z,149,64,48200
4,982091062894348,2021-04-30T12:09:44Z,2021-04-30T12:11:07Z,83,42,49700
4,982091062894348,2021-04-30T15:38:45Z,2021-04-30T15:44:14Z,329,133,48300
4,982091062894348,2021-04-30T16:28:54Z,2021-04-30T16:41:51Z,777,272,48100
4,982091062894348,2021-04-30T16:41:54Z,2021-04-30T16:45:51Z,237,119,48200
4,982091062894348,2021-05-01T04:03:58Z,2021-05-01T04:17:34Z,816,264,48600
4,982091062894348,2021-05-01T07:22:39Z,2021-05-01T07:32:01Z,562,170,48300
4,982091062894348,2021-05-01T07:47:05Z,2021-05-01T07:48:09Z,64,32,48200
4,982091062894348,2021-05-01T07:48:19Z,2021-05-01T07:49:08Z,49,22,48100
4,982091062894348,2021-05-01T07:51:31Z,2021-05-01T07:56:10Z,279,70,48300
4,982091062894348,2021-05-01T08:48:29Z,2021-05-01T08:49:13Z,44,29,48400
4,982091062894348,2021-05-01T08:52:30Z,2021-05-01T08:53:41Z,71,41,48700
4,982091062894348,2021-05-01T08:55:31Z,2021-05-01T08:58:12Z,161,47,49000
4,982091062894348,2021-05-01T08:59:54Z,2021-05-01T09:02:17Z,143,38,48600
4,982091062894348,2021-05-01T09:06:01Z,2021-05-01T09:07:09Z,68,21,48800
4,982091062894348,2021-05-01T12:42:24Z,2021-05-01T12:47:26Z,302,138,48400
4,982091062894348,2021-05-01T12:47:29Z,2021-05-01T12:54:41Z,432,189,48900
4,982091062894348,2021-05-01T14:45:12Z,2021-05-01T14:53:45Z,513,265,49200
4,982091062894348,2021-05-01T14:57:44Z,2021-05-01T15:02:13Z,269,130,49900
4,982091062894348,2021-05-01T15:27:14Z,2021-05-01T15:29:13Z,119,64,49700
4,982091062894348,2021-05-01T16:02:14Z,2021-05-01T16:02:54Z,40,23,50900
4,982091062894348,2021-05-01T16:21:14Z,2021-05-01T16:25:38Z,264,130,50000
4,982091062894348,2021-05-02T01:20:24Z,2021-05-02T01:29:01Z,517,119,49400
4,982091062894348,2021-05-02T01:29:15Z,2021-05-02T01:30:36Z,81,43,49500
4,982091062894348,2021-05-02T05:07:00Z,2021-05-02T05:09:35Z,155,63,49800
4,982091062894348,2021-05-02T06:31:34Z,2021-05-02T06:46:21Z,887,181,49300
4,982091062894348,2021-05-02T06:48:26Z,2021-05-02T07:10:29Z,1323,113,49300
4,982091062894348,2021-05-02T07:10:33Z,2021-05-02T07:11:42Z,69,37,49500
4,982091062894348,2021-05-02T09:17:17Z,2021-05-02T09:20:28Z,191,99,48400
4,982091062894348,2021-05-02T09:41:49Z,2021-05-02T09:44:36Z,167,59,48600
4,982091062894348,2021-05-02T09:53:10Z,2021-05-02T09:57:20Z,250,134,48800
4,982091062894348,2021-05-02T10:30:41Z,2021-05-02T10:34:42Z,241,85,49500
4,982091062894348,2021-05-02T10:34:45Z,2021-05-02T10:36:41Z,116,58,49700
4,982091062894348,2021-05-02T13:45:48Z,2021-05-02T13:48:32Z,164,97,50600
4,982091062894348,2021-05-02T15:30:32Z,2021-05-02T15:36:06Z,334,112,50000
4,982091062894348,2021-05-02T15:59:57Z,2021-05-02T16:14:45Z,888,469,50300
4,982091062894348,2021-05-02T17:36:19Z,2021-05-02T17:40:35Z,256,134,51200
4,982091062894348,2021-05-02T17:40:38Z,2021-05-02T17:41:25Z,47,30,53300
4,982091062894348,2021-05-02T17:41:31Z,2021-05-02T17:41:59Z,28,18,51300
4,982091062894348,2021-05-02T18:25:19Z,2021-05-02T18:26:13Z,54,39,51500
4,982091062894348,2021-05-02T18:30:55Z,2021-05-02T18:32:14Z,79,43,51800
4,982091062894348,2021-05-02T18:39:05Z,2021-05-02T18:39:54Z,49,28,51300
4,982091062894348,2021-05-03T07:13:06Z,2021-05-03T07:25:04Z,718,133,50900
4,982091062894348,2021-05-03T08:02:54Z,2021-05-03T08:04:39Z,105,62,57800
4,982091062894348,2021-05-03T09:13:29Z,2021-05-03T09:16:37Z,188,104,50600
4,982091062894348,2021-05-03T09:37:17Z,2021-05-03T09:41:43Z,266,135,50800
4,982091062894348,2021-05-03T09:49:13Z,2021-05-03T09:51:50Z,157,81,51100
4,982091062894348,2021-05-03T09:56:19Z,2021-05-03T09:56:31Z,12,4,51000
4,982091062894348,2021-05-03T09:56:36Z,2021-05-03T09:59:11Z,155,71,51200
4,982091062894348,2021-05-03T11:00:54Z,2021-05-03T11:02:13Z,79,35,50700
4,982091062894348,2021-05-03T11:19:08Z,2021-05-03T11:23:02Z,234,70,51000
4,982091062894348,2021-05-03T11:23:08Z,2021-05-03T11:24:15Z,67,34,51200
4,982091062894348,2021-05-03T11:28:02Z,2021-05-03T11:28:28Z,26,10,50800
4,982091062894348,2021-05-03T12:53:33Z,2021-05-03T12:56:26Z,173,101,50800
4,982091062894348,2021-05-03T13:19:17Z,2021-05-03T13:24:35Z,318,77,50900
4,982091062894348,2021-05-03T13:24:39Z,2021-05-03T13:25:42Z,63,3,53800
4,982091062894348,2021-05-03T13:34:23Z,2021-05-03T13:39:24Z,301,69,51300
4,982091062894348,2021-05-03T16:19:01Z,2021-05-03T16:32:10Z,789,339,52000
4,982091062894348,2021-05-03T18:33:16Z,2021-05-03T18:35:26Z,130,81,51700
4,982091062894348,2021-05-03T19:38:32Z,2021-05-03T19:46:20Z,468,204,54900
4,982091062894348,2021-05-04T06:19:20Z,2021-05-04T06:30:15Z,655,235,51700
4,982091062894348,2021-05-04T06:30:19Z,2021-05-04T06:33:26Z,187,66,51800
4,982091062894348,2021-05-04T06:33:31Z,2021-05-04T06:35:24Z,113,51,51700
4,982091062894348,2021-05-04T06:47:57Z,2021-05-04T06:51:02Z,185,51,51900
4,982091062894348,2021-05-04T06:51:07Z,2021-05-04T06:52:33Z,86,45,51800
4,982091062894348,2021-05-04T07:48:59Z,2021-05-04T07:49:39Z,40,19,51500
4,982091062894348,2021-05-04T07:51:55Z,2021-05-04T07:52:51Z,56,29,51900
4,982091062894348,2021-05-04T08:07:47Z,2021-05-04T08:08:36Z,49,23,51900
4,982091062894348,2021-05-04T08:52:40Z,2021-05-04T08:53:15Z,35,24,50700
4,982091062894348,2021-05-04T08:58:41Z,2021-05-04T09:01:20Z,159,59,51000
4,982091062894348,2021-05-04T09:14:49Z,2021-05-04T09:15:14Z,25,9,51000
4,982091062894348,2021-05-04T09:40:37Z,2021-05-04T09:42:26Z,109,32,51300
4,982091062894348,2021-05-04T09:49:01Z,2021-05-04T09:49:40Z,39,19,51300
4,982091062894348,2021-05-04T10:22:43Z,2021-05-04T10:23:06Z,23,8,51100
4,982091062894348,2021-05-04T10:35:57Z,2021-05-04T10:36:24Z,27,21,50800
4,982091062894348,2021-05-04T10:57:44Z,2021-05-04T10:58:15Z,31,11,50600
4,982091062894348,2021-05-04T11:00:10Z,2021-05-04T11:01:12Z,62,22,50600
4,982091062894348,2021-05-04T11:15:20Z,2021-05-04T11:16:03Z,43,7,51000
4,982091062894348,2021-05-04T11:46:04Z,2021-05-04T11:46:32Z,28,2,50400
4,982091062894348,2021-05-04T12:12:29Z,2021-05-04T12:13:00Z,31,1,50500
4,982091062894348,2021-05-04T12:41:45Z,2021-05-04T12:44:22Z,157,84,50800
4,982091062894348,2021-05-04T12:44:43Z,2021-05-04T12:44:54Z,11,11,50600
4,982091062894348,2021-05-04T12:47:16Z,2021-05-04T12:47:42Z,26,20,50400
4,982091062894348,2021-05-04T12:59:03Z,2021-05-04T13:00:00Z,57,11,50200
4,982091062894348,2021-05-04T13:01:29Z,2021-05-04T13:02:09Z,40,4,50400
4,982091062894348,2021-05-04T13:06:54Z,2021-05-04T13:07:23Z,29,2,50500
4,982091062894348,2021-05-04T13:08:56Z,2021-05-04T13:12:30Z,214,6,53300
4,982091062894348,2021-05-04T13:43:41Z,2021-05-04T13:47:26Z,225,134,50800
4,982091062894348,2021-05-11T11:11:29Z,2021-05-11T11:16:20Z,291,133,55900
4,982091062894348,2021-05-11T11:20:11Z,2021-05-11T11:21:24Z,73,29,56500
4,982091062894348,2021-05-11T11:50:20Z,2021-05-11T11:54:47Z,267,72,56100
4,982091062894348,2021-05-11T12:51:54Z,2021-05-11T12:53:26Z,92,56,56500
4,982091062894348,2021-05-11T14:16:08Z,2021-05-11T14:16:31Z,23,24,55800
4,982091062894348,2021-05-11T14:33:50Z,2021-05-11T14:46:23Z,753,142,56900
4,982091062894348,2021-05-11T14:46:28Z,2021-05-11T14:47:49Z,81,52,56500
4,982091062894348,2021-05-11T14:48:40Z,2021-05-11T15:29:10Z,2430,29,56500
4,982091062894348,2021-05-11T17:00:12Z,2021-05-11T17:10:05Z,593,124,56000
4,982091062894348,2021-05-11T18:33:58Z,2021-05-11T18:52:16Z,1098,665,56600
4,982091062894348,2021-05-11T22:20:35Z,2021-05-11T22:21:35Z,60,33,58100
4,982091062894348,2021-05-12T05:49:14Z,2021-05-12T05:52:04Z,170,86,62100
4,982091062894348,2021-05-12T07:34:01Z,2021-05-12T07:37:29Z,208,86,62100
4,982091062894348,2021-05-12T07:37:34Z,2021-05-12T07:40:05Z,151,79,61600
4,982091062894348,2021-05-12T07:55:32Z,2021-05-12T08:01:19Z,347,186,61600
4,982091062894348,2021-05-12T09:07:10Z,2021-05-12T09:09:06Z,116,77,62200
4,982091062894348,2021-05-12T09:19:26Z,2021-05-12T09:21:30Z,124,65,62300
4,982091062894348,2021-05-12T09:21:49Z,2021-05-12T09:23:41Z,112,83,62600
4,982091062894348,2021-05-12T09:29:18Z,2021-05-12T09:30:56Z,98,53,62300
4,982091062894348,2021-05-12T09:34:25Z,2021-05-12T09:35:11Z,46,22,62400
4,982091062894348,2021-05-12T10:40:09Z,2021-05-12T10:42:20Z,131,73,62200
4,982091062894348,2021-05-12T10:50:00Z,2021-05-12T10:51:22Z,82,39,62200
4,982091062894348,2021-05-12T10:51:28Z,2021-05-12T10:53:38Z,130,83,61900
4,982091062894348,2021-05-12T12:00:21Z,2021-05-12T12:03:18Z,177,72,62700
4,982091062894348,2021-05-12T12:03:24Z,2021-05-12T12:05:28Z,124,68,63000
4,982091062894348,2021-05-12T15:24:51Z,2021-05-12T15:31:35Z,404,107,62400
4,982091062894348,2021-05-12T15:31:56Z,2021-05-12T15:40:49Z,533,150,63100
4,982091062894348,2021-05-12T16:39:34Z,2021-05-12T16:48:39Z,545,218,61600
4,982091062894348,2021-05-12T16:48:44Z,2021-05-12T16:52:42Z,238,132,62300
4,982091062894348,2021-05-12T16:52:47Z,2021-05-12T16:58:33Z,346,139,62800
4,982091062894348,2021-05-12T17:21:34Z,2021-05-12T17:26:38Z,304,135,63000
4,982091062894348,2021-05-12T20:17:39Z,2021-05-12T20:23:13Z,334,200,62400
4,982091062894348,2021-05-13T02:18:53Z,2021-05-13T02:24:56Z,363,173,56800
4,982091062894348,2021-05-13T06:22:56Z,2021-05-13T06:24:35Z,99,65,60700
4,982091062894348,2021-05-13T06:24:42Z,2021-05-13T06:27:35Z,173,74,60600
4,982091062894348,2021-05-13T08:10:52Z,2021-05-13T08:16:50Z,358,91,60300
4,982091062894348,2021-05-13T08:17:01Z,2021-05-13T08:18:20Z,79,50,55800
4,982091062894348,2021-05-13T08:26:33Z,2021-05-13T08:28:38Z,125,78,56300
4,982091062894348,2021-05-13T09:38:05Z,2021-05-13T09:38:59Z,54,20,59900
4,982091062894348,2021-05-13T10:40:55Z,2021-05-13T10:43:32Z,157,59,54100
4,982091062894348,2021-05-13T10:43:37Z,2021-05-13T10:47:54Z,257,145,59400
4,982091062894348,2021-05-13T11:00:11Z,2021-05-13T11:06:25Z,374,148,61400
4,982091062894348,2021-05-13T11:06:29Z,2021-05-13T11:09:33Z,184,97,61200
4,982091062894348,2021-05-13T11:15:20Z,2021-05-13T11:16:42Z,82,44,61300
4,982091062894348,2021-05-13T11:16:48Z,2021-05-13T11:17:27Z,39,23,61500
4,982091062894348,2021-05-13T11:40:53Z,2021-05-13T11:41:30Z,37,16,61800
4,982091062894348,2021-05-13T16:23:23Z,2021-05-13T16:30:17Z,414,182,53600
4,982091062894348,2021-05-13T17:35:28Z,2021-05-13T17:52:33Z,1025,302,56400
4,982091062894348,2021-05-13T17:52:37Z,2021-05-13T17:55:53Z,196,130,53700
4,982091062894348,2021-05-13T17:56:46Z,2021-05-13T18:01:00Z,254,112,61600
4,982091062894348,2021-05-13T20:09:07Z,2021-05-13T20:10:02Z,55,43,62300
4,982091062894348,2021-05-13T20:12:21Z,2021-05-13T20:20:45Z,504,285,57200
4,982091062894348,2021-05-13T20:20:49Z,2021-05-13T20:22:52Z,123,84,62400
4,982091062894348,2021-05-13T20:23:04Z,2021-05-13T20:24:23Z,79,53,62500
4,982091062894348,2021-05-14T00:37:24Z,2021-05-14T00:37:53Z,29,11,68300
4,982091062894348,2021-05-14T09:08:22Z,2021-05-14T09:23:40Z,918,283,63000
4,982091062894348,2021-05-14T09:24:48Z,2021-05-14T09:29:24Z,276,133,62000
4,982091062894348,2021-05-14T09:29:27Z,2021-05-14T09:31:33Z,126,59,62100
4,982091062894348,2021-05-14T09:49:21Z,2021-05-14T09:51:14Z,113,39,61600
4,982091062894348,2021-05-14T10:33:09Z,2021-05-14T10:33:52Z,43,15,61600
4,982091062894348,2021-05-14T11:45:07Z,2021-05-14T11:45:40Z,33,28,61000
4,982091062894348,2021-05-14T11:49:06Z,2021-05-14T11:49:17Z,11,12,61200
4,982091062894348,2021-05-14T11:53:05Z,2021-05-14T11:57:10Z,245,123,63100
4,982091062894348,2021-05-14T15:02:16Z,2021-05-14T16:12:13Z,4197,174,62000
4,982091062894348,2021-05-14T16:12:16Z,2021-05-14T16:14:05Z,109,69,64600
4,982091062894348,2021-05-14T17:56:17Z,2021-05-14T18:07:42Z,685,215,61800
4,982091062894348,2021-05-14T18:07:45Z,2021-05-14T18:13:49Z,364,156,61700
4,982091062894348,2021-05-14T18:13:52Z,2021-05-14T18:16:23Z,151,107,61600
4,982091062894348,2021-05-14T19:04:20Z,2021-05-14T19:12:43Z,503,185,62300
4,982091062894348,2021-05-14T19:12:46Z,2021-05-14T19:16:36Z,230,140,62000
4,982091062894348,2021-05-14T19:16:39Z,2021-05-14T19:20:14Z,215,121,62300
4,982091062894348,2021-05-15T03:44:54Z,2021-05-15T03:48:50Z,236,126,62900
4,982091062894348,2021-05-15T07:32:08Z,2021-05-15T07:43:21Z,673,177,62400
4,982091062894348,2021-05-15T07:43:25Z,2021-05-15T07:49:44Z,379,127,62700
4,982091062894348,2021-05-15T07:49:48Z,2021-05-15T07:51:12Z,84,46,62600
4,982091062894348,2021-05-15T09:07:47Z,2021-05-15T09:15:19Z,452,58,62900
4,982091062894348,2021-05-15T09:15:23Z,2021-05-15T09:16:05Z,42,35,62700
4,982091062894348,2021-05-15T09:37:06Z,2021-05-15T09:37:39Z,33,22,66500
4,982091062894348,2021-05-15T10:21:10Z,2021-05-15T10:22:18Z,68,39,61400
4,982091062894348,2021-05-15T10:48:19Z,2021-05-15T10:52:08Z,229,116,61900
4,982091062894348,2021-05-15T11:09:12Z,2021-05-15T11:14:24Z,312,77,62700
4,982091062894348,2021-05-15T14:24:49Z,2021-05-15T14:30:32Z,343,121,62400
4,982091062894348,2021-05-15T14:30:35Z,2021-05-15T14:37:47Z,432,161,62700
4,982091062894348,2021-05-15T17:09:20Z,2021-05-15T17:16:54Z,454,208,73400
4,982091062894348,2021-05-15T17:18:56Z,2021-05-15T17:28:24Z,568,286,63900
4,982091062894348,2021-05-15T17:28:28Z,2021-05-15T17:34:55Z,387,154,68100
4,982091062894348,2021-05-16T01:06:36Z,2021-05-16T01:13:53Z,437,260,62800
4,982091062894348,2021-05-16T01:13:57Z,2021-05-16T01:16:54Z,177,95,62700
4,982091062894348,2021-05-16T01:16:59Z,2021-05-16T01:18:13Z,74,46,62900
4,982091062894348,2021-05-16T07:16:00Z,2021-05-16T07:26:34Z,634,149,62900
4,982091062894348,2021-05-16T07:26:37Z,2021-05-16T07:30:19Z,222,80,65100
4,982091062894348,2021-05-16T07:30:26Z,2021-05-16T07:32:05Z,99,28,71800
4,982091062894348,2021-05-16T10:31:00Z,2021-05-16T10:38:55Z,475,172,62700
4,982091062894348,2021-05-16T10:38:58Z,2021-05-16T10:41:54Z,176,110,62700
4,982091062894348,2021-05-16T11:00:51Z,2021-05-16T11:04:58Z,247,105,63400
4,982091062894348,2021-05-16T11:11:56Z,2021-05-16T11:19:30Z,454,68,63400
4,982091062894348,2021-05-16T11:19:33Z,2021-05-16T11:21:39Z,126,81,63400
4,982091062894348,2021-05-16T14:32:11Z,2021-05-16T14:37:02Z,291,131,64000
4,982091062894348,2021-05-16T15:16:03Z,2021-05-16T15:41:24Z,1521,275,64100
4,982091062894348,2021-05-16T15:41:29Z,2021-05-16T15:42:56Z,87,70,64300
4,982091062894348,2021-05-16T16:47:42Z,2021-05-16T16:53:14Z,332,40,69000
4,982091062894348,2021-05-16T17:05:46Z,2021-05-16T17:07:11Z,85,42,63900
4,982091062894348,2021-05-16T17:44:29Z,2021-05-16T17:53:52Z,563,244,63800
4,982091062894348,2021-05-16T17:53:55Z,2021-05-16T17:56:02Z,127,91,64600
4,982091062894348,2021-05-16T17:56:08Z,2021-05-16T17:56:55Z,47,34,64800
4,982091062894348,2021-05-16T18:02:13Z,2021-05-16T18:08:56Z,403,102,65300
4,982091062894348,2021-05-17T01:12:19Z,2021-05-17T01:14:27Z,128,62,64500
4,982091062894348,2021-05-17T01:14:38Z,2021-05-17T01:15:46Z,68,42,64700
4,982091062894348,2021-05-17T01:16:52Z,2021-05-17T01:21:59Z,307,55,64700
4,982091062894348,2021-05-17T03:34:43Z,2021-05-17T03:36:53Z,130,70,64600
4,982091062894348,2021-05-17T03:46:21Z,2021-05-17T03:48:46Z,145,92,64400
4,982091062894348,2021-05-17T04:04:47Z,2021-05-17T04:05:52Z,65,41,68700
4,982091062894348,2021-05-17T08:42:30Z,2021-05-17T08:50:51Z,501,197,65600
4,982091062894348,2021-05-17T08:50:54Z,2021-05-17T08:54:12Z,198,101,64700
4,982091062894348,2021-05-17T08:54:17Z,2021-05-17T08:55:36Z,79,52,64600
4,982091062894348,2021-05-17T10:19:20Z,2021-05-17T10:20:30Z,70,51,64300
4,982091062894348,2021-05-17T10:23:01Z,2021-05-17T10:23:21Z,20,18,64700
4,982091062894348,2021-05-17T11:16:34Z,2021-05-17T11:19:24Z,170,108,65000
4,982091062894348,2021-05-17T11:32:33Z,2021-05-17T11:34:27Z,114,77,64900
4,982091062894348,2021-05-17T12:35:47Z,2021-05-17T12:37:34Z,107,73,65100
4,982091062894348,2021-05-17T16:37:34Z,2021-05-17T16:44:05Z,391,127,63900
4,982091062894348,2021-05-17T16:44:08Z,2021-05-17T16:49:46Z,338,114,63400
4,982091062894348,2021-05-17T16:49:50Z,2021-05-17T16:52:03Z,133,82,64300
4,982091062894348,2021-05-17T16:52:10Z,2021-05-17T16:53:17Z,67,49,63700
4,982091062894348,2021-05-17T16:56:18Z,2021-05-17T17:04:59Z,521,111,64100
4,982091062894348,2021-05-17T18:20:03Z,2021-05-17T18:46:49Z,1606,541,64800
4,982091062894348,2021-05-17T19:19:40Z,2021-05-17T19:20:43Z,63,33,65500
4,982091062894348,2021-05-17T20:32:29Z,2021-05-17T20:37:43Z,314,201,65900
4,982091062894348,2021-05-18T06:25:44Z,2021-05-18T06:29:56Z,252,105,67300
4,982091062894348,2021-05-18T07:55:27Z,2021-05-18T07:59:12Z,225,83,67400
4,982091062894348,2021-05-18T09:06:40Z,2021-05-18T09:07:49Z,69,36,67100
4,982091062894348,2021-05-18T09:08:45Z,2021-05-18T09:10:40Z,115,66,67300
4,982091062894348,2021-05-18T09:18:53Z,2021-05-18T09:23:22Z,269,153,67200
4,982091062894348,2021-05-18T09:25:44Z,2021-05-18T09:28:49Z,185,85,67300
4,982091062894348,2021-05-18T10:18:32Z,2021-05-18T10:19:12Z,40,17,67600
4,982091062894348,2021-05-18T11:19:51Z,2021-05-18T11:25:49Z,358,135,67000
4,982091062894348,2021-05-18T11:35:37Z,2021-05-18T11:45:22Z,585,209,67300
4,982091062894348,2021-05-18T19:37:47Z,2021-05-18T20:04:47Z,1620,921,65400
4,982091062894348,2021-05-18T20:04:52Z,2021-05-18T20:06:21Z,89,62,69600
4,982091062894348,2021-05-19T06:30:03Z,2021-05-19T06:43:52Z,829,236,65300
4,982091062894348,2021-05-19T06:43:55Z,2021-05-19T06:45:14Z,79,56,68900
4,982091062894348,2021-05-19T09:09:10Z,2021-05-19T09:10:30Z,80,31,65300
4,982091062894348,2021-05-19T09:15:43Z,2021-05-19T09:18:55Z,192,111,65300
4,982091062894348,2021-05-19T09:55:59Z,2021-05-19T09:56:34Z,35,27,65400
4,982091062894348,2021-05-19T10:22:46Z,2021-05-19T10:27:49Z,303,75,65300
4,982091062894348,2021-05-19T11:20:24Z,2021-05-19T11:26:23Z,359,201,65300
4,982091062894348,2021-05-19T13:28:08Z,2021-05-19T13:28:30Z,22,25,66000
4,982091062894348,2021-05-19T17:05:18Z,2021-05-19T17:27:50Z,1352,657,65300
4,982091062894348,2021-05-19T19:12:26Z,2021-05-19T19:21:30Z,544,238,65700
4,982091062894348,2021-05-19T19:21:37Z,2021-05-19T19:24:10Z,153,75,65400
4,982091062894348,2021-05-19T19:47:34Z,2021-05-19T19:55:28Z,474,259,66600
4,982091062894348,2021-05-19T19:55:33Z,2021-05-19T19:57:25Z,112,47,66800
4,982091062894348,2021-05-20T07:52:28Z,2021-05-20T07:55:23Z,175,91,66600
4,982091062894348,2021-05-20T08:33:53Z,2021-05-20T08:47:34Z,821,376,66400
4,982091062894348,2021-05-20T09:10:54Z,2021-05-20T09:11:33Z,39,33,67000
4,982091062894348,2021-05-20T09:27:32Z,2021-05-20T09:30:01Z,149,94,67600
4,982091062894348,2021-05-20T10:06:21Z,2021-05-20T10:15:11Z,530,181,67400
4,982091062894348,2021-05-20T10:15:14Z,2021-05-20T10:17:05Z,111,49,67700
4,982091062894348,2021-05-20T11:41:58Z,2021-05-20T11:45:04Z,186,82,67600
4,982091062894348,2021-05-20T12:05:25Z,2021-05-20T12:13:08Z,463,214,68300
4,982091062894348,2021-05-20T17:19:41Z,2021-05-20T17:33:06Z,805,424,68200
4,982091062894348,2021-05-20T18:40:36Z,2021-05-20T18:51:49Z,673,324,67800
4,982091062894348,2021-05-20T18:51:51Z,2021-05-20T18:57:13Z,322,145,68600
4,982091062894348,2021-05-20T20:35:20Z,2021-05-20T20:40:36Z,316,220,69200
4,982091062894348,2021-05-21T00:36:00Z,2021-05-21T00:39:44Z,224,144,71500
4,982091062894348,2021-05-21T08:16:59Z,2021-05-21T08:17:52Z,53,32,71100
4,982091062894348,2021-05-21T09:14:52Z,2021-05-21T09:16:39Z,107,67,70200
4,982091062894348,2021-05-21T09:18:51Z,2021-05-21T09:20:02Z,71,48,70600
4,982091062894348,2021-05-21T09:20:43Z,2021-05-21T09:26:24Z,341,157,67500
4,982091062894348,2021-05-21T09:35:01Z,2021-05-21T09:39:40Z,279,189,67400
4,982091062894348,2021-05-21T09:48:48Z,2021-05-21T09:50:44Z,116,92,67900
4,982091062894348,2021-05-21T10:17:08Z,2021-05-21T10:20:28Z,200,73,67500
4,982091062894348,2021-05-21T11:36:13Z,2021-05-21T11:41:42Z,329,132,68000
4,982091062894348,2021-05-21T12:46:55Z,2021-05-21T12:52:18Z,323,191,67900
4,982091062894348,2021-05-21T13:07:52Z,2021-05-21T13:15:42Z,470,225,68400
4,982091062894348,2021-05-21T16:37:39Z,2021-05-21T17:13:22Z,2143,71,68300
4,982091062894348,2021-05-21T20:25:52Z,2021-05-21T20:43:44Z,1072,644,68600
4,982091062894348,2021-05-21T20:43:50Z,2021-05-21T20:47:15Z,205,141,73100
4,982091062894348,2021-05-22T04:00:11Z,2021-05-22T04:01:11Z,60,30,69700
4,982091062894348,2021-05-22T08:47:12Z,2021-05-22T08:58:15Z,663,251,68700
4,982091062894348,2021-05-22T08:58:19Z,2021-05-22T09:02:26Z,247,88,68900
4,982091062894348,2021-05-22T11:18:14Z,2021-05-22T11:27:38Z,564,219,68600
4,982091062894348,2021-05-22T11:27:41Z,2021-05-22T11:31:02Z,201,100,72100
4,982091062894348,2021-05-22T13:55:32Z,2021-05-22T14:14:01Z,1109,328,72800
4,982091062894348,2021-05-22T16:00:11Z,2021-05-22T16:02:31Z,140,85,69900
4,982091062894348,2021-05-22T16:23:14Z,2021-05-22T16:26:32Z,198,99,69300
4,982091062894348,2021-05-22T17:29:12Z,2021-05-22T17:39:09Z,597,186,70100
4,982091062894348,2021-05-22T17:39:15Z,2021-05-22T17:43:06Z,231,115,70300
4,982091062894348,2021-05-22T19:56:39Z,2021-05-22T20:07:48Z,669,381,70700
4,982091062894348,2021-05-22T20:32:17Z,2021-05-22T20:39:01Z,404,256,71400
4,982091062894348,2021-05-22T21:06:31Z,2021-05-22T21:09:10Z,159,84,71700
4,982091062894348,2021-05-22T22:31:47Z,2021-05-22T22:32:16Z,29,16,71600
4,982091062894348,2021-05-23T08:28:01Z,2021-05-23T08:31:38Z,217,104,72100
4,982091062894348,2021-05-23T09:01:00Z,2021-05-23T09:08:10Z,430,190,71200
4,982091062894348,2021-05-23T09:17:08Z,2021-05-23T09:24:11Z,423,113,71300
4,982091062894348,2021-05-23T11:03:31Z,2021-05-23T11:14:09Z,638,255,71500
4,982091062894348,2021-05-23T11:14:12Z,2021-05-23T11:18:57Z,285,119,71600
4,982091062894348,2021-05-23T15:41:17Z,2021-05-23T16:07:38Z,1581,888,67400
4,982091062894348,2021-05-23T16:07:42Z,2021-05-23T16:11:52Z,250,86,73300
4,982091062894348,2021-05-23T16:29:40Z,2021-05-23T16:30:41Z,61,28,74300
4,982091062894348,2021-05-23T17:26:39Z,2021-05-23T17:27:31Z,52,18,73100
4,982091062894348,2021-05-23T19:37:55Z,2021-05-23T19:43:45Z,350,172,73200
4,982091062894348,2021-05-23T22:49:26Z,2021-05-23T22:52:21Z,175,91,73700
4,982091062894348,2021-05-23T22:52:26Z,2021-05-23T22:53:40Z,74,49,73700
4,982091062894348,2021-05-24T00:40:16Z,2021-05-24T00:41:09Z,53,33,72500
4,982091062894348,2021-05-24T08:25:38Z,2021-05-24T08:35:45Z,607,283,71000
4,982091062894348,2021-05-24T10:33:26Z,2021-05-24T10:53:22Z,1196,564,71000
4,982091062894348,2021-05-24T11:25:55Z,2021-05-24T11:27:26Z,91,58,71900
4,982091062894348,2021-05-24T11:32:06Z,2021-05-24T11:32:51Z,45,33,71900
4,982091062894348,2021-05-24T11:32:55Z,2021-05-24T11:33:27Z,32,14,72600
4,982091062894348,2021-05-24T14:49:35Z,2021-05-24T14:53:07Z,212,103,71200
4,982091062894348,2021-05-24T16:35:12Z,2021-05-24T16:45:57Z,645,348,71300
4,982091062894348,2021-05-24T16:46:00Z,2021-05-24T16:50:04Z,244,136,71600
4,982091062894348,2021-05-24T17:04:50Z,2021-05-24T17:05:45Z,55,42,71900
4,982091062894348,2021-05-24T18:09:39Z,2021-05-24T18:14:20Z,281,168,71800
4,982091062894348,2021-05-24T18:14:23Z,2021-05-24T18:19:54Z,331,167,72000
4,982091062894348,2021-05-24T19:56:45Z,2021-05-24T19:59:14Z,149,78,72800
4,982091062894348,2021-05-24T20:56:12Z,2021-05-24T20:56:49Z,37,11,72900
4,982091062894348,2021-05-25T04:53:59Z,2021-05-25T04:54:25Z,26,4,74700
4,982091062894348,2021-05-25T09:01:13Z,2021-05-25T09:15:14Z,841,323,73200
4,982091062894348,2021-05-25T10:51:57Z,2021-05-25T10:57:37Z,340,224,71000
4,982091062894348,2021-05-25T11:16:09Z,2021-05-25T11:16:31Z,22,33,70700
4,982091062894348,2021-05-25T12:01:12Z,2021-05-25T12:01:55Z,43,39,71900
4,982091062894348,2021-05-25T12:35:45Z,2021-05-25T12:38:59Z,194,134,71800
4,982091062894348,2021-05-25T15:33:42Z,2021-05-25T15:41:25Z,463,40,72800
4,982091062894348,2021-05-25T15:41:27Z,2021-05-25T15:47:38Z,371,127,73500
4,982091062894348,2021-05-25T15:47:42Z,2021-05-25T15:51:03Z,201,82,73200
4,982091062894348,2021-05-25T15:51:08Z,2021-05-25T15:54:32Z,204,114,72900
4,982091062894348,2021-05-25T15:54:39Z,2021-05-25T15:59:41Z,302,177,72900
4,982091062894348,2021-05-25T17:32:03Z,2021-05-25T17:40:15Z,492,263,75100
4,982091062894348,2021-05-25T19:01:19Z,2021-05-25T19:02:18Z,59,43,73400
4,982091062894348,2021-05-25T19:33:24Z,2021-05-25T19:34:48Z,84,24,73200
4,982091062894348,2021-05-25T20:15:21Z,2021-05-25T20:27:34Z,733,414,73200
4,982091062894348,2021-05-26T08:43:41Z,2021-05-26T09:07:04Z,1403,579,75000
4,982091062894348,2021-05-26T09:07:09Z,2021-05-26T09:21:46Z,877,151,73400
4,982091062894348,2021-05-26T12:54:37Z,2021-05-26T12:55:10Z,33,18,76000
4,982091062894348,2021-05-26T13:10:43Z,2021-05-26T13:16:45Z,362,195,76000
4,982091062894348,2021-05-26T16:32:54Z,2021-05-26T16:41:29Z,515,266,76200
4,982091062894348,2021-05-26T17:05:31Z,2021-05-26T17:13:59Z,508,232,76200
4,982091062894348,2021-05-26T18:41:34Z,2021-05-26T18:44:30Z,176,52,76000
4,982091062894348,2021-05-26T18:48:42Z,2021-05-26T19:04:31Z,949,573,76400
4,982091062894348,2021-05-26T20:06:19Z,2021-05-26T20:16:43Z,624,378,77400
4,982091062894348,2021-05-26T20:17:16Z,2021-05-26T20:18:52Z,96,61,77600
4,982091062894348,2021-05-27T06:48:55Z,2021-05-27T06:50:07Z,72,39,77000
4,982091062894348,2021-05-27T07:59:46Z,2021-05-27T08:01:10Z,84,35,75800
4,982091062894348,2021-05-27T08:08:16Z,2021-05-27T08:12:22Z,246,134,76000
4,982091062894348,2021-05-27T11:19:27Z,2021-05-27T11:21:23Z,116,21,73400
4,982091062894348,2021-05-27T11:37:06Z,2021-05-27T11:49:43Z,757,305,73800
4,982091062894348,2021-05-27T11:52:44Z,2021-05-27T11:54:58Z,134,95,73800
4,982091062894348,2021-05-27T12:24:22Z,2021-05-27T12:25:14Z,52,46,73900
4,982091062894348,2021-05-27T17:15:46Z,2021-05-27T17:22:18Z,392,183,73500
4,982091062894348,2021-05-27T17:22:20Z,2021-05-27T17:27:17Z,297,168,73900
4,982091062894348,2021-05-27T17:27:21Z,2021-05-27T17:32:04Z,283,160,75100
4,982091062894348,2021-05-27T18:22:25Z,2021-05-27T18:26:57Z,272,176,74500
4,982091062894348,2021-05-27T20:12:32Z,2021-05-27T20:40:44Z,1692,973,75300
4,982091062894348,2021-05-28T09:24:05Z,2021-05-28T09:31:36Z,451,238,76500
4,982091062894348,2021-05-28T09:52:12Z,2021-05-28T10:01:40Z,568,257,76900
4,982091062894348,2021-05-28T10:01:46Z,2021-05-28T10:08:21Z,395,151,76700
4,982091062894348,2021-05-28T10:08:27Z,2021-05-28T10:09:51Z,84,58,77100
4,982091062894348,2021-05-28T17:23:49Z,2021-05-28T17:40:46Z,1017,449,76900
4,982091062894348,2021-05-28T19:26:21Z,2021-05-28T19:53:08Z,1607,728,76700
4,982091062894348,2021-05-28T21:37:56Z,2021-05-28T21:50:43Z,767,475,78700
4,982091062894348,2021-05-28T21:50:50Z,2021-05-28T21:52:22Z,92,65,78700
4,982091062894348,2021-05-29T09:51:00Z,2021-05-29T09:53:31Z,151,123,77200
4,982091062894348,2021-05-29T09:55:14Z,2021-05-29T10:00:25Z,311,153,77200
4,982091062894348,2021-05-29T10:00:29Z,2021-05-29T10:03:14Z,165,71,77600
4,982091062894348,2021-05-29T10:03:18Z,2021-05-29T10:04:05Z,47,12,77800
4,982091062894348,2021-05-29T15:03:34Z,2021-05-29T15:05:28Z,114,74,77500
4,982091062894348,2021-05-29T15:15:44Z,2021-05-29T15:25:13Z,569,194,82900
4,982091062894348,2021-05-29T15:25:18Z,2021-05-29T15:26:54Z,96,52,83200
4,982091062894348,2021-05-29T18:39:22Z,2021-05-29T18:51:16Z,714,342,78400
4,982091062894348,2021-05-29T18:51:19Z,2021-05-29T18:55:03Z,224,138,78800
4,982091062894348,2021-05-29T18:55:08Z,2021-05-29T18:58:04Z,176,113,78900
4,982091062894348,2021-05-29T19:05:05Z,2021-05-29T19:08:20Z,195,133,79600
4,982091062894348,2021-05-29T20:41:19Z,2021-05-29T20:55:43Z,864,470,78400
4,982091062894348,2021-05-29T20:55:47Z,2021-05-29T20:56:33Z,46,31,79000
4,982091062894348,2021-05-29T21:24:57Z,2021-05-29T21:25:47Z,50,34,79000
4,982091062894348,2021-05-29T21:43:37Z,2021-05-29T21:44:43Z,66,42,84700
4,982091062894348,2021-05-30T07:00:58Z,2021-05-30T07:08:43Z,465,250,79100
4,982091062894348,2021-05-30T07:08:46Z,2021-05-30T07:10:27Z,101,64,79400
4,982091062894348,2021-05-30T08:56:05Z,2021-05-30T09:01:15Z,310,175,77600
4,982091062894348,2021-05-30T09:48:21Z,2021-05-30T09:52:32Z,251,161,79100
4,982091062894348,2021-05-30T10:53:10Z,2021-05-30T11:12:12Z,1142,511,79600
4,982091062894348,2021-05-30T11:32:49Z,2021-05-30T11:37:01Z,252,101,78700
4,982091062894348,2021-05-30T18:58:56Z,2021-05-30T19:01:26Z,150,29,79100
4,982091062894348,2021-05-30T19:08:47Z,2021-05-30T19:30:09Z,1282,714,79400
4,982091062894348,2021-05-30T21:11:02Z,2021-05-30T21:23:26Z,744,482,80400
4,982091062894348,2021-05-30T21:23:29Z,2021-05-30T21:24:48Z,79,58,81300
4,982091062894348,2021-05-30T21:25:00Z,2021-05-30T21:26:37Z,97,42,81300
4,982091062894348,2021-05-30T22:10:08Z,2021-05-30T22:10:45Z,37,0,80800
4,982091062894348,2021-05-31T00:29:25Z,2021-05-31T00:30:42Z,77,59,81900
4,982091062894348,2021-05-31T08:08:03Z,2021-05-31T08:18:59Z,656,292,79700
4,982091062894348,2021-05-31T08:19:03Z,2021-05-31T08:24:09Z,306,188,80300
4,982091062894348,2021-05-31T08:24:13Z,2021-05-31T08:25:47Z,94,60,80800
4,982091062894348,2021-05-31T09:21:29Z,2021-05-31T09:27:40Z,371,210,79900
4,982091062894348,2021-05-31T10:08:38Z,2021-05-31T10:09:08Z,30,8,79500
4,982091062894348,2021-05-31T11:23:48Z,2021-05-31T11:41:01Z,1033,475,79800
4,982091062894348,2021-05-31T11:56:32Z,2021-05-31T12:00:05Z,213,78,80500
4,982091062894348,2021-05-31T12:00:09Z,2021-05-31T12:03:15Z,186,114,80700
4,982091062894348,2021-05-31T12:03:21Z,2021-05-31T12:05:04Z,103,47,81000
4,982091062894348,2021-05-31T12:05:15Z,2021-05-31T12:05:50Z,35,24,81200
4,982091062894348,2021-05-31T18:46:49Z,2021-05-31T18:58:53Z,724,371,80500
4,982091062894348,2021-05-31T19:28:57Z,2021-05-31T19:40:02Z,665,441,80600
4,982091062894348,2021-05-31T20:53:10Z,2021-05-31T20:53:55Z,45,27,88300
4,982091062894348,2021-05-31T22:26:54Z,2021-05-31T22:31:30Z,276,210,81300
4,982091062894348,2021-06-01T02:05:40Z,2021-06-01T02:12:23Z,403,220,87100
4,982091062894348,2021-06-01T02:12:27Z,2021-06-01T02:14:04Z,97,59,87100
4,982091062894348,2021-06-01T03:31:22Z,2021-06-01T03:33:33Z,131,72,89500
4,982091062894348,2021-06-01T08:02:50Z,2021-06-01T08:04:16Z,86,57,81400
4,982091062894348,2021-06-01T08:49:07Z,2021-06-01T08:54:48Z,341,159,81100
4,982091062894348,2021-06-01T08:54:51Z,2021-06-01T08:59:45Z,294,161,86700
4,982091062894348,2021-06-01T08:59:49Z,2021-06-01T09:01:56Z,127,85,86700
4,982091062894348,2021-06-01T10:02:11Z,2021-06-01T10:09:46Z,455,266,81400
4,982091062894348,2021-06-01T10:18:31Z,2021-06-01T10:19:22Z,51,29,82000
4,982091062894348,2021-06-01T10:53:54Z,2021-06-01T10:54:09Z,15,15,81300
4,982091062894348,2021-06-01T17:59:23Z,2021-06-01T18:23:39Z,1456,650,82600
4,982091062894348,2021-06-01T18:23:45Z,2021-06-01T18:27:02Z,197,120,82700
4,982091062894348,2021-06-01T22:28:36Z,2021-06-01T22:50:51Z,1335,859,82500
4,982091062894348,2021-06-02T06:06:18Z,2021-06-02T06:08:38Z,140,71,82600
4,982091062894348,2021-06-02T08:19:49Z,2021-06-02T08:26:36Z,407,189,82600
4,982091062894348,2021-06-02T08:26:39Z,2021-06-02T08:28:12Z,93,62,82600
4,982091062894348,2021-06-02T08:36:04Z,2021-06-02T08:36:37Z,33,27,82600
4,982091062894348,2021-06-02T09:23:29Z,2021-06-02T09:28:52Z,323,199,83000
4,982091062894348,2021-06-02T09:35:48Z,2021-06-02T09:37:38Z,110,77,82600
4,982091062894348,2021-06-02T10:57:48Z,2021-06-02T11:01:08Z,200,153,82600
4,982091062894348,2021-06-02T11:01:12Z,2021-06-02T11:03:52Z,160,99,82600
4,982091062894348,2021-06-02T11:03:59Z,2021-06-02T11:04:44Z,45,35,82600
4,982091062894348,2021-06-02T18:26:26Z,2021-06-02T18:31:50Z,324,83,82600
4,982091062894348,2021-06-02T19:30:17Z,2021-06-02T19:33:28Z,191,28,82500
4,982091062894348,2021-06-02T19:41:04Z,2021-06-02T19:49:15Z,491,276,82600
4,982091062894348,2021-06-02T19:49:18Z,2021-06-02T19:58:49Z,571,313,82600
4,982091062894348,2021-06-02T22:52:03Z,2021-06-02T23:00:30Z,507,366,82600
4,982091062894348,2021-06-02T23:00:34Z,2021-06-02T23:02:18Z,104,67,83000
4,982091062894348,2021-06-03T07:42:12Z,2021-06-03T07:56:55Z,883,496,82800
4,982091062894348,2021-06-03T09:28:45Z,2021-06-03T09:33:02Z,257,182,84200
4,982091062894348,2021-06-03T11:02:07Z,2021-06-03T11:10:20Z,493,222,84500
4,982091062894348,2021-06-03T11:10:22Z,2021-06-03T11:14:05Z,223,140,84200
4,982091062894348,2021-06-03T11:14:09Z,2021-06-03T11:15:53Z,104,82,83700
4,982091062894348,2021-06-03T11:15:59Z,2021-06-03T11:17:46Z,107,86,84400
4,982091062894348,2021-06-03T19:33:20Z,2021-06-03T19:56:33Z,1393,912,84600
4,982091062894348,2021-06-04T00:59:19Z,2021-06-04T01:04:51Z,332,246,86900
4,982091062894348,2021-06-04T05:54:48Z,2021-06-04T06:07:31Z,763,184,87200
4,982091062894348,2021-06-04T06:07:36Z,2021-06-04T06:09:04Z,88,65,86800
4,982091062894348,2021-06-04T08:33:24Z,2021-06-04T08:51:08Z,1064,632,85000
4,982091062894348,2021-06-04T10:52:10Z,2021-06-04T11:02:26Z,616,389,87400
4,982091062894348,2021-06-04T12:03:49Z,2021-06-04T12:04:12Z,23,27,87400
4,982091062894348,2021-06-04T12:08:09Z,2021-06-04T12:11:53Z,224,89,87700
4,982091062894348,2021-06-04T19:19:15Z,2021-06-04T19:26:36Z,441,215,86200
4,982091062894348,2021-06-04T19:26:38Z,2021-06-04T19:30:09Z,211,133,87000
4,982091062894348,2021-06-04T20:36:43Z,2021-06-04T20:39:16Z,153,68,87500
4,982091062894348,2021-06-04T20:39:19Z,2021-06-04T20:43:40Z,261,181,87000
4,982091062894348,2021-06-04T20:43:43Z,2021-06-04T20:47:54Z,251,164,92400
4,982091062894348,2021-06-05T07:29:12Z,2021-06-05T07:46:21Z,1029,539,86800
4,982091062894348,2021-06-05T07:46:25Z,2021-06-05T07:50:31Z,246,136,85100
4,982091062894348,2021-06-05T08:52:02Z,2021-06-05T08:52:51Z,49,19,85500
4,982091062894348,2021-06-05T10:38:21Z,2021-06-05T10:43:07Z,286,107,86500
4,982091062894348,2021-06-05T10:59:30Z,2021-06-05T11:06:18Z,408,234,87200
4,982091062894348,2021-06-05T11:06:21Z,2021-06-05T11:11:06Z,285,171,87100
4,982091062894348,2021-06-05T11:11:09Z,2021-06-05T11:15:25Z,256,106,86900
4,982091062894348,2021-06-05T14:15:40Z,2021-06-05T14:24:35Z,535,233,87600
4,982091062894348,2021-06-05T14:24:38Z,2021-06-05T14:30:45Z,367,147,87500
4,982091062894348,2021-06-05T14:30:52Z,2021-06-05T14:32:40Z,108,76,87400
4,982091062894348,2021-06-05T20:14:43Z,2021-06-05T20:17:39Z,176,36,87300
4,982091062894348,2021-06-05T20:17:42Z,2021-06-05T20:24:09Z,387,173,87500
4,982091062894348,2021-06-05T20:24:12Z,2021-06-05T20:28:44Z,272,167,87300
4,982091062894348,2021-06-05T20:28:47Z,2021-06-05T20:33:14Z,267,165,89100
4,982091062894348,2021-06-05T20:33:17Z,2021-06-05T20:36:57Z,220,156,89600
4,982091062894348,2021-06-05T20:37:00Z,2021-06-05T20:39:50Z,170,118,90700
4,982091062894348,2021-06-06T07:43:39Z,2021-06-06T07:58:46Z,907,467,87900
4,982091062894348,2021-06-06T08:53:02Z,2021-06-06T08:57:01Z,239,183,87600
4,982091062894348,2021-06-06T10:27:35Z,2021-06-06T10:42:26Z,891,539,87700
4,982091062894348,2021-06-06T10:42:30Z,2021-06-06T10:44:47Z,137,94,87700
4,982091062894348,2021-06-06T10:50:37Z,2021-06-06T10:53:32Z,175,106,87700
4,982091062894348,2021-06-06T19:07:30Z,2021-06-06T19:14:28Z,418,242,87700
4,982091062894348,2021-06-06T19:36:40Z,2021-06-06T19:45:35Z,535,370,87700
4,982091062894348,2021-06-06T19:45:38Z,2021-06-06T19:50:52Z,314,181,87700
4,982091062894348,2021-06-06T21:09:14Z,2021-06-06T21:16:45Z,451,306,87700
4,982091062894348,2021-06-06T23:05:11Z,2021-06-06T23:08:29Z,198,115,88800
4,982091062894348,2021-06-07T07:05:09Z,2021-06-07T07:06:40Z,91,52,93800
4,982091062894348,2021-06-07T08:15:55Z,2021-06-07T08:22:54Z,419,235,87600
4,982091062894348,2021-06-07T08:22:57Z,2021-06-07T08:25:47Z,170,109,87700
4,982091062894348,2021-06-07T08:25:53Z,2021-06-07T08:27:04Z,71,42,87400
4,982091062894348,2021-06-07T08:27:09Z,2021-06-07T08:29:24Z,135,89,87900
4,982091062894348,2021-06-07T10:41:32Z,2021-06-07T10:47:54Z,382,287,88000
4,982091062894348,2021-06-07T10:47:58Z,2021-06-07T10:51:14Z,196,127,88000
4,982091062894348,2021-06-07T11:38:35Z,2021-06-07T11:44:26Z,351,246,88000
4,982091062894348,2021-06-07T12:44:36Z,2021-06-07T12:51:07Z,391,222,88300
4,982091062894348,2021-06-07T20:05:27Z,2021-06-07T20:29:52Z,1465,984,88100
4,982091062894348,2021-06-08T08:25:25Z,2021-06-08T08:37:36Z,731,512,88300
4,982091062894348,2021-06-08T09:38:44Z,2021-06-08T09:46:02Z,438,282,91700
4,982091062894348,2021-06-08T09:46:04Z,2021-06-08T09:48:30Z,146,109,88700
4,982091062894348,2021-06-08T11:01:35Z,2021-06-08T11:02:51Z,76,61,89300
4,982091062894348,2021-06-08T11:02:55Z,2021-06-08T11:03:55Z,60,54,89300
4,982091062894348,2021-06-08T11:13:47Z,2021-06-08T11:16:12Z,145,100,89300
4,982091062894348,2021-06-08T19:57:38Z,2021-06-08T20:03:35Z,357,195,88300
4,982091062894348,2021-06-08T20:03:38Z,2021-06-08T20:09:42Z,364,189,88300
4,982091062894348,2021-06-08T20:09:45Z,2021-06-08T20:14:25Z,280,179,89200
4,982091062894348,2021-06-08T20:14:28Z,2021-06-08T20:19:17Z,289,170,88600
4,982091062894348,2021-06-08T20:19:20Z,2021-06-08T20:22:57Z,217,162,88800
4,982091062894348,2021-06-09T07:42:16Z,2021-06-09T07:54:24Z,728,434,89000
4,982091062894348,2021-06-09T09:16:59Z,2021-06-09T09:20:49Z,230,119,90000
4,982091062894348,2021-06-09T09:20:53Z,2021-06-09T09:24:19Z,206,134,90200
4,982091062894348,2021-06-09T09:24:34Z,2021-06-09T09:26:05Z,91,50,90300
4,982091062894348,2021-06-09T09:26:09Z,2021-06-09T09:27:52Z,103,63,90500
4,982091062894348,2021-06-09T11:28:24Z,2021-06-09T11:35:52Z,448,320,95700
4,982091062894348,2021-06-09T11:35:55Z,2021-06-09T11:36:46Z,51,41,91700
4,982091062894348,2021-06-09T11:36:50Z,2021-06-09T11:38:30Z,100,77,91700
4,982091062894348,2021-06-09T19:02:37Z,2021-06-09T19:07:20Z,283,174,91000
4,982091062894348,2021-06-09T19:07:24Z,2021-06-09T19:13:16Z,352,166,91600
4,982091062894348,2021-06-09T19:13:18Z,2021-06-09T19:19:13Z,355,176,91200
4,982091062894348,2021-06-09T19:19:17Z,2021-06-09T19:25:10Z,353,185,96200
4,982091062894348,2021-06-09T19:25:14Z,2021-06-09T19:31:13Z,359,173,95700
4,982091062894348,2021-06-09T19:31:19Z,2021-06-09T19:34:19Z,180,76,92500
4,982091062894348,2021-06-10T07:53:39Z,2021-06-10T08:07:26Z,827,507,89500
4,982091062894348,2021-06-10T08:07:28Z,2021-06-10T08:12:03Z,275,160,95300
4,982091062894348,2021-06-10T08:12:06Z,2021-06-10T08:15:08Z,182,116,95200
4,982091062894348,2021-06-10T08:15:12Z,2021-06-10T08:16:50Z,98,64,89900
4,982091062894348,2021-06-10T08:58:17Z,2021-06-10T08:59:02Z,45,37,90600
4,982091062894348,2021-06-10T09:53:21Z,2021-06-10T09:53:44Z,23,16,90300
4,982091062894348,2021-06-10T11:12:40Z,2021-06-10T11:16:14Z,214,145,91100
4,982091062894348,2021-06-10T11:16:17Z,2021-06-10T11:18:19Z,122,94,91000
4,982091062894348,2021-06-10T11:51:48Z,2021-06-10T11:56:24Z,276,172,97200
4,982091062894348,2021-06-10T11:56:28Z,2021-06-10T12:00:00Z,212,136,91900
4,982091062894348,2021-06-10T12:46:40Z,2021-06-10T12:50:04Z,204,103,92100
4,982091062894348,2021-06-10T19:33:36Z,2021-06-10T19:39:06Z,330,168,90600
4,982091062894348,2021-06-10T19:39:10Z,2021-06-10T19:43:40Z,270,180,90700
4,982091062894348,2021-06-10T19:43:44Z,2021-06-10T19:47:47Z,243,166,90800
4,982091062894348,2021-06-10T19:47:51Z,2021-06-10T19:54:12Z,381,167,90900
4,982091062894348,2021-06-10T19:54:18Z,2021-06-10T20:00:57Z,399,168,90900
4,982091062894348,2021-06-11T07:37:50Z,2021-06-11T07:44:01Z,371,209,92100
4,982091062894348,2021-06-11T07:44:06Z,2021-06-11T07:47:49Z,223,137,92100
4,982091062894348,2021-06-11T09:53:55Z,2021-06-11T09:57:10Z,195,45,92000
4,982091062894348,2021-06-11T09:57:12Z,2021-06-11T10:02:10Z,298,169,95400
4,982091062894348,2021-06-11T10:02:13Z,2021-06-11T10:06:27Z,254,168,94000
4,982091062894348,2021-06-11T10:06:30Z,2021-06-11T10:09:21Z,171,115,92000
4,982091062894348,2021-06-11T12:50:36Z,2021-06-11T13:09:41Z,1145,831,92100
4,982091062894348,2021-06-11T21:02:43Z,2021-06-11T21:06:18Z,215,105,92200
4,982091062894348,2021-06-11T21:18:01Z,2021-06-11T21:22:25Z,264,183,92200
4,982091062894348,2021-06-11T22:01:24Z,2021-06-11T22:06:10Z,286,260,92400
4,982091062894348,2021-06-12T00:55:19Z,2021-06-12T00:55:47Z,28,32,93800
4,982091062894348,2021-06-12T07:46:37Z,2021-06-12T07:54:07Z,450,224,92000
4,982091062894348,2021-06-12T07:54:10Z,2021-06-12T07:58:17Z,247,138,93200
4,982091062894348,2021-06-12T08:33:11Z,2021-06-12T08:38:01Z,290,211,92400
4,982091062894348,2021-06-12T10:42:54Z,2021-06-12T10:46:32Z,218,167,93500
4,982091062894348,2021-06-12T10:46:35Z,2021-06-12T10:48:34Z,119,89,93500
4,982091062894348,2021-06-12T10:48:38Z,2021-06-12T10:48:52Z,14,18,93700
4,982091062894348,2021-06-12T11:45:56Z,2021-06-12T11:51:04Z,308,220,94200
4,982091062894348,2021-06-12T11:51:08Z,2021-06-12T11:58:00Z,412,182,94300
4,982091062894348,2021-06-12T11:58:06Z,2021-06-12T11:59:58Z,112,103,94400
4,982091062894348,2021-06-12T12:00:07Z,2021-06-12T12:06:28Z,381,171,94500
4,982091062894348,2021-06-12T12:06:37Z,2021-06-12T12:08:09Z,92,73,94700
4,982091062894348,2021-06-12T19:54:34Z,2021-06-12T20:00:26Z,352,206,95600
4,982091062894348,2021-06-12T20:00:30Z,2021-06-12T20:06:03Z,333,130,95400
4,982091062894348,2021-06-12T20:06:07Z,2021-06-12T20:12:32Z,385,191,95100
4,982091062894348,2021-06-12T20:12:36Z,2021-06-12T20:17:53Z,317,161,95500
4,982091062894348,2021-06-13T07:53:20Z,2021-06-13T07:58:46Z,326,183,94500
4,982091062894348,2021-06-13T07:58:49Z,2021-06-13T08:02:28Z,219,118,94700
4,982091062894348,2021-06-13T09:03:22Z,2021-06-13T09:06:19Z,177,129,94600
4,982091062894348,2021-06-13T09:06:22Z,2021-06-13T09:09:46Z,204,150,94500
4,982091062894348,2021-06-13T09:09:50Z,2021-06-13T09:11:46Z,116,80,94900
4,982091062894348,2021-06-13T09:11:50Z,2021-06-13T09:12:54Z,64,38,94800
4,982091062894348,2021-06-13T11:31:05Z,2021-06-13T11:39:12Z,487,340,96100
4,982091062894348,2021-06-13T11:39:15Z,2021-06-13T11:44:12Z,297,142,96300
4,982091062894348,2021-06-13T20:01:50Z,2021-06-13T20:05:09Z,199,25,95000
4,982091062894348,2021-06-13T20:05:12Z,2021-06-13T20:09:37Z,265,180,95000
4,982091062894348,2021-06-13T20:09:40Z,2021-06-13T20:13:16Z,216,164,95200
4,982091062894348,2021-06-13T20:13:18Z,2021-06-13T20:17:19Z,241,168,95200
4,982091062894348,2021-06-13T20:17:22Z,2021-06-13T20:24:36Z,434,172,95600
4,982091062894348,2021-06-13T20:24:38Z,2021-06-13T20:31:46Z,428,173,95800
4,982091062894348,2021-06-13T20:31:49Z,2021-06-13T20:35:52Z,243,166,94500
4,982091062894348,2021-06-13T20:35:56Z,2021-06-13T20:39:05Z,189,105,96100
4,982091062894348,2021-06-14T07:13:08Z,2021-06-14T07:16:51Z,223,137,98500
4,982091062894348,2021-06-14T07:45:06Z,2021-06-14T08:00:43Z,937,303,99100
4,982091062894348,2021-06-14T08:01:17Z,2021-06-14T08:03:52Z,155,129,99300
4,982091062894348,2021-06-14T10:04:47Z,2021-06-14T10:12:31Z,464,266,94600
4,982091062894348,2021-06-14T10:12:35Z,2021-06-14T10:16:36Z,241,124,94900
4,982091062894348,2021-06-14T10:16:45Z,2021-06-14T10:17:25Z,40,22,94900
4,982091062894348,2021-06-14T13:16:49Z,2021-06-14T13:26:48Z,599,271,94900
4,982091062894348,2021-06-14T13:26:54Z,2021-06-14T13:32:48Z,354,153,94900
4,982091062894348,2021-06-14T13:32:53Z,2021-06-14T13:36:08Z,195,126,94900
4,982091062894348,2021-06-14T13:36:16Z,2021-06-14T13:40:09Z,233,96,94900
4,982091062894348,2021-06-14T19:42:42Z,2021-06-14T19:59:14Z,992,90,94900
4,982091062894348,2021-06-14T19:59:18Z,2021-06-14T20:05:10Z,352,105,94900
4,982091062894348,2021-06-14T20:05:19Z,2021-06-14T20:15:51Z,632,126,94900
4,982091062894348,2021-06-14T20:16:05Z,2021-06-14T20:16:30Z,25,23,94200
4,982091062894348,2021-06-15T06:47:03Z,2021-06-15T06:50:09Z,186,70,96200
4,982091062894348,2021-06-15T06:50:12Z,2021-06-15T06:55:06Z,294,57,95700
4,982091062894348,2021-06-15T07:51:46Z,2021-06-15T07:54:21Z,155,121,95700
4,982091062894348,2021-06-15T09:03:29Z,2021-06-15T09:09:15Z,346,302,95700
4,982091062894348,2021-06-15T09:13:48Z,2021-06-15T09:19:13Z,325,232,95700
4,982091062894348,2021-06-15T10:15:35Z,2021-06-15T10:18:16Z,161,79,96900
4,982091062894348,2021-06-15T10:24:48Z,2021-06-15T10:26:11Z,83,58,96600
4,982091062894348,2021-06-15T16:06:14Z,2021-06-15T16:18:15Z,721,196,100000
4,982091062894348,2021-06-15T16:18:18Z,2021-06-15T16:26:01Z,463,185,99200
4,982091062894348,2021-06-15T16:26:04Z,2021-06-15T16:37:40Z,696,160,100400
4,982091062894348,2021-06-15T16:37:44Z,2021-06-15T16:50:46Z,782,180,97400
4,982091062894348,2021-06-15T16:50:50Z,2021-06-15T16:54:02Z,192,142,100600
4,982091062894348,2021-06-15T16:54:09Z,2021-06-15T16:55:10Z,61,53,100400
4,982091062894348,2021-06-16T07:23:53Z,2021-06-16T07:33:29Z,576,388,95000
4,982091062894348,2021-06-16T07:33:33Z,2021-06-16T07:34:09Z,36,22,95200
4,982091062894348,2021-06-16T09:07:02Z,2021-06-16T09:13:07Z,365,276,95600
4,982091062894348,2021-06-16T09:51:17Z,2021-06-16T09:55:07Z,230,181,101100
4,982091062894348,2021-06-16T09:55:10Z,2021-06-16T09:57:01Z,111,88,95600
4,982091062894348,2021-06-16T10:46:24Z,2021-06-16T10:50:34Z,250,126,102100
4,982091062894348,2021-06-16T10:54:28Z,2021-06-16T10:57:24Z,176,61,101500
4,982091062894348,2021-06-16T12:03:29Z,2021-06-16T12:04:49Z,80,67,96800
4,982091062894348,2021-06-16T12:10:25Z,2021-06-16T12:14:44Z,259,207,96200
4,982091062894348,2021-06-16T12:14:48Z,2021-06-16T12:17:44Z,176,51,96300
4,982091062894348,2021-06-16T19:11:39Z,2021-06-16T19:23:59Z,740,360,95700
4,982091062894348,2021-06-16T19:24:03Z,2021-06-16T19:26:39Z,156,106,96400
4,982091062894348,2021-06-16T19:26:43Z,2021-06-16T19:38:43Z,720,230,96200
4,982091062894348,2021-06-16T19:38:47Z,2021-06-16T19:42:41Z,234,167,96100
4,982091062894348,2021-06-16T19:42:47Z,2021-06-16T19:45:33Z,166,78,96200
4,982091062894348,2021-06-17T08:06:17Z,2021-06-17T08:07:16Z,59,28,98600
4,982091062894348,2021-06-17T08:08:22Z,2021-06-17T08:12:55Z,273,187,98300
4,982091062894348,2021-06-17T09:00:48Z,2021-06-17T09:06:27Z,339,254,99300
4,982091062894348,2021-06-17T09:06:30Z,2021-06-17T09:09:27Z,177,115,99600
4,982091062894348,2021-06-17T09:09:32Z,2021-06-17T09:10:26Z,54,55,99800
4,982091062894348,2021-06-17T10:28:21Z,2021-06-17T10:30:22Z,121,51,99900
4,982091062894348,2021-06-17T10:32:31Z,2021-06-17T10:33:54Z,83,60,99400
4,982091062894348,2021-06-17T12:00:27Z,2021-06-17T12:05:53Z,326,271,99400
4,982091062894348,2021-06-17T12:33:15Z,2021-06-17T12:36:38Z,203,214,99500
4,982091062894348,2021-06-17T13:04:54Z,2021-06-17T13:15:44Z,650,364,99400
4,982091062894348,2021-06-17T13:15:47Z,2021-06-17T13:18:20Z,153,113,100000
4,982091062894348,2021-06-17T20:21:03Z,2021-06-17T20:36:02Z,899,669,100100
4,982091062894348,2021-06-18T07:12:35Z,2021-06-18T07:13:14Z,39,40,96400
4,982091062894348,2021-06-18T07:13:17Z,2021-06-18T07:20:37Z,440,292,96800
4,982091062894348,2021-06-18T07:32:54Z,2021-06-18T07:39:41Z,407,258,104700
4,982091062894348,2021-06-18T09:32:00Z,2021-06-18T09:33:09Z,69,0,97500
4,982091062894348,2021-06-18T09:33:12Z,2021-06-18T09:36:08Z,176,232,96800
4,982091062894348,2021-06-18T09:36:11Z,2021-06-18T09:39:21Z,190,139,97000
4,982091062894348,2021-06-18T09:50:07Z,2021-06-18T09:54:57Z,290,111,96900
4,982091062894348,2021-06-18T11:16:30Z,2021-06-18T11:21:23Z,293,195,98100
4,982091062894348,2021-06-18T11:21:39Z,2021-06-18T11:24:00Z,141,125,98400
4,982091062894348,2021-06-18T11:24:54Z,2021-06-18T11:28:45Z,231,121,99000
4,982091062894348,2021-06-18T18:25:23Z,2021-06-18T18:34:42Z,559,356,99500
4,982091062894348,2021-06-18T18:34:45Z,2021-06-18T18:39:59Z,314,138,99400
4,982091062894348,2021-06-18T22:05:53Z,2021-06-18T22:07:11Z,78,56,99100
4,982091062894348,2021-06-18T22:07:15Z,2021-06-18T22:11:18Z,243,157,99000
4,982091062894348,2021-06-18T22:11:22Z,2021-06-18T22:15:56Z,274,171,98900
4,982091062894348,2021-06-19T07:03:50Z,2021-06-19T07:05:40Z,110,42,100100
4,982091062894348,2021-06-19T07:05:43Z,2021-06-19T07:09:02Z,199,130,100100
4,982091062894348,2021-06-19T07:09:19Z,2021-06-19T07:13:58Z,279,139,100100
4,982091062894348,2021-06-19T07:18:50Z,2021-06-19T07:21:30Z,160,24,100100
4,982091062894348,2021-06-19T08:50:21Z,2021-06-19T08:55:28Z,307,221,99200
4,982091062894348,2021-06-19T08:55:31Z,2021-06-19T09:01:10Z,339,177,104300
4,982091062894348,2021-06-19T09:01:15Z,2021-06-19T09:02:55Z,100,97,104600
4,982091062894348,2021-06-19T11:42:33Z,2021-06-19T11:43:41Z,68,30,99000
4,982091062894348,2021-06-19T11:43:44Z,2021-06-19T11:47:09Z,205,157,99100
4,982091062894348,2021-06-19T11:47:12Z,2021-06-19T11:48:33Z,81,50,99500
4,982091062894348,2021-06-19T13:38:14Z,2021-06-19T13:39:26Z,72,0,99200
4,982091062894348,2021-06-19T13:39:28Z,2021-06-19T13:43:59Z,271,180,99000
4,982091062894348,2021-06-19T17:58:35Z,2021-06-19T18:12:23Z,828,386,100000
4,982091062894348,2021-06-19T18:12:27Z,2021-06-19T18:20:44Z,497,176,100100
4,982091062894348,2021-06-19T18:20:46Z,2021-06-19T18:27:53Z,427,167,100100
4,982091062894348,2021-06-19T18:27:57Z,2021-06-19T18:30:20Z,143,69,99800
4,982091062894348,2021-06-20T07:12:02Z,2021-06-20T07:12:38Z,36,12,100900
4,982091062894348,2021-06-20T07:12:41Z,2021-06-20T07:16:31Z,230,180,100000
4,982091062894348,2021-06-20T08:04:51Z,2021-06-20T08:17:52Z,781,566,99100
4,982091062894348,2021-06-20T08:17:56Z,2021-06-20T08:22:30Z,274,77,99500
4,982091062894348,2021-06-20T08:22:33Z,2021-06-20T08:25:06Z,153,96,99800
4,982091062894348,2021-06-20T12:43:40Z,2021-06-20T12:58:38Z,898,401,101400
4,982091062894348,2021-06-20T12:58:40Z,2021-06-20T13:01:34Z,174,104,101500
4,982091062894348,2021-06-20T13:01:37Z,2021-06-20T13:08:25Z,408,178,101900
4,982091062894348,2021-06-20T13:08:27Z,2021-06-20T13:14:07Z,340,178,101600
4,982091062894348,2021-06-20T13:14:10Z,2021-06-20T13:20:09Z,359,172,101900
4,982091062894348,2021-06-20T13:20:13Z,2021-06-20T13:22:51Z,158,84,102000
4,982091062894348,2021-06-20T13:23:54Z,2021-06-20T13:30:51Z,417,141,102400
4,982091062894348,2021-06-21T04:39:52Z,2021-06-21T04:40:54Z,62,0,106400
4,982091062894348,2021-06-21T04:41:28Z,2021-06-21T04:43:50Z,142,41,105600
4,982091062894348,2021-06-21T04:44:06Z,2021-06-21T04:47:04Z,178,23,115000
4,982091062894348,2021-06-21T07:10:05Z,2021-06-21T07:12:09Z,124,68,104100
4,982091062894348,2021-06-21T07:12:12Z,2021-06-21T07:14:37Z,145,168,104900
4,982091062894348,2021-06-21T07:14:41Z,2021-06-21T07:16:43Z,122,146,104300
4,982091062894348,2021-06-21T07:16:47Z,2021-06-21T07:18:12Z,85,168,110900
4,982091062894348,2021-06-21T07:49:32Z,2021-06-21T07:51:11Z,99,78,103800
4,982091062894348,2021-06-21T07:51:16Z,2021-06-21T07:52:20Z,64,193,103100
4,982091062894348,2021-06-21T07:52:38Z,2021-06-21T07:53:42Z,64,129,103300
4,982091062894348,2021-06-21T08:09:25Z,2021-06-21T08:11:40Z,135,22,103100
4,982091062894348,2021-06-21T08:11:47Z,2021-06-21T08:13:02Z,75,175,103200
4,982091062894348,2021-06-21T08:31:33Z,2021-06-21T08:33:29Z,116,35,102900
4,982091062894348,2021-06-21T08:33:33Z,2021-06-21T08:35:14Z,101,148,103000
4,982091062894348,2021-06-21T08:35:17Z,2021-06-21T08:38:33Z,196,168,102700
4,982091062894348,2021-06-21T08:38:36Z,2021-06-21T08:39:54Z,78,160,103300
4,982091062894348,2021-06-21T08:39:57Z,2021-06-21T08:41:11Z,74,159,103100
4,982091062894348,2021-06-21T09:14:42Z,2021-06-21T09:15:51Z,69,0,104000
4,982091062894348,2021-06-21T09:45:26Z,2021-06-21T09:47:04Z,98,11,103700
4,982091062894348,2021-06-21T10:59:05Z,2021-06-21T11:16:48Z,1063,885,102400
4,982091062894348,2021-06-21T17:55:13Z,2021-06-21T18:06:27Z,674,372,105500
4,982091062894348,2021-06-21T18:06:31Z,2021-06-21T18:15:42Z,551,161,104800
4,982091062894348,2021-06-21T20:27:24Z,2021-06-21T20:46:02Z,1118,931,105300
4,982091062894348,2021-06-21T20:46:05Z,2021-06-21T20:46:52Z,47,39,114000
4,982091062894348,2021-06-22T08:15:58Z,2021-06-22T08:32:36Z,998,2524,102100
4,982091062894348,2021-06-22T08:32:39Z,2021-06-22T08:33:14Z,35,648,102100
4,982091062894348,2021-06-22T10:02:53Z,2021-06-22T10:11:07Z,494,376,102500
4,982091062894348,2021-06-22T10:11:10Z,2021-06-22T10:12:40Z,90,72,103300
4,982091062894348,2021-06-22T10:58:22Z,2021-06-22T11:01:38Z,196,111,102100
4,982091062894348,2021-06-22T11:33:34Z,2021-06-22T11:36:41Z,187,57,102300
4,982091062894348,2021-06-22T12:55:28Z,2021-06-22T12:59:32Z,244,185,102600
4,982091062894348,2021-06-22T13:08:31Z,2021-06-22T13:19:39Z,668,330,103200
4,982091062894348,2021-06-22T20:35:17Z,2021-06-22T21:02:09Z,1612,1169,102600
4,982091062894348,2021-06-23T08:38:46Z,2021-06-23T08:48:44Z,598,312,111000
4,982091062894348,2021-06-23T09:06:03Z,2021-06-23T09:15:59Z,596,329,104600
4,982091062894348,2021-06-23T09:16:04Z,2021-06-23T09:19:09Z,185,110,104600
4,982091062894348,2021-06-23T10:08:12Z,2021-06-23T10:09:18Z,66,43,105300
4,982091062894348,2021-06-23T11:26:04Z,2021-06-23T11:30:31Z,267,195,104900
4,982091062894348,2021-06-23T11:30:35Z,2021-06-23T11:33:25Z,170,111,104900
4,982091062894348,2021-06-23T11:40:06Z,2021-06-23T11:49:11Z,545,286,104600
4,982091062894348,2021-06-23T12:38:27Z,2021-06-23T12:48:11Z,584,310,104600
4,982091062894348,2021-06-23T20:12:56Z,2021-06-23T20:20:43Z,467,339,104600
4,982091062894348,2021-06-23T20:20:46Z,2021-06-23T20:23:29Z,163,137,104600
4,982091062894348,2021-06-23T20:23:32Z,2021-06-23T20:30:28Z,416,354,104600
4,982091062894348,2021-06-23T20:52:56Z,2021-06-23T21:06:42Z,826,630,105000
4,982091062894348,2021-06-23T22:12:49Z,2021-06-23T22:14:08Z,79,51,105100
4,982091062894348,2021-06-24T08:29:47Z,2021-06-24T08:46:45Z,1018,714,103700
4,982091062894348,2021-06-24T08:46:50Z,2021-06-24T08:48:30Z,100,69,104500
4,982091062894348,2021-06-24T10:10:31Z,2021-06-24T10:16:52Z,381,259,109500
4,982091062894348,2021-06-24T12:06:00Z,2021-06-24T12:10:40Z,280,232,106300
4,982091062894348,2021-06-24T13:24:01Z,2021-06-24T13:30:50Z,409,358,106500
4,982091062894348,2021-06-24T13:31:05Z,2021-06-24T13:35:58Z,293,218,106900
4,982091062894348,2021-06-24T20:10:14Z,2021-06-24T20:12:34Z,140,115,105900
4,982091062894348,2021-06-24T20:12:38Z,2021-06-24T20:15:10Z,152,123,106000
4,982091062894348,2021-06-24T20:15:13Z,2021-06-24T20:17:48Z,155,133,106000
4,982091062894348,2021-06-24T20:17:51Z,2021-06-24T20:23:55Z,364,214,105900
4,982091062894348,2021-06-24T20:23:57Z,2021-06-24T20:26:04Z,127,103,106200
4,982091062894348,2021-06-24T20:26:08Z,2021-06-24T20:28:54Z,166,146,106100
4,982091062894348,2021-06-24T20:28:58Z,2021-06-24T20:31:14Z,136,97,106300
4,982091062894348,2021-06-25T07:58:22Z,2021-06-25T08:06:37Z,495,336,105300
4,982091062894348,2021-06-25T08:06:40Z,2021-06-25T08:12:05Z,325,159,105300
4,982091062894348,2021-06-25T08:12:14Z,2021-06-25T08:13:29Z,75,83,105300
4,982091062894348,2021-06-25T08:58:57Z,2021-06-25T09:05:16Z,379,184,113000
4,982091062894348,2021-06-25T10:48:02Z,2021-06-25T10:53:05Z,303,221,105400
4,982091062894348,2021-06-25T10:53:09Z,2021-06-25T10:54:39Z,90,79,105800
4,982091062894348,2021-06-25T11:14:28Z,2021-06-25T11:18:55Z,267,213,106100
4,982091062894348,2021-06-25T12:10:17Z,2021-06-25T12:16:19Z,362,245,106800
4,982091062894348,2021-06-25T17:31:17Z,2021-06-25T17:40:36Z,559,280,106300
4,982091062894348,2021-06-25T17:40:41Z,2021-06-25T17:46:50Z,369,141,106800
4,982091062894348,2021-06-25T17:47:02Z,2021-06-25T17:48:10Z,68,61,106700
4,982091062894348,2021-06-25T17:48:18Z,2021-06-25T17:53:45Z,327,138,107200
4,982091062894348,2021-06-25T20:16:20Z,2021-06-25T20:31:45Z,925,244,106900
4,982091062894348,2021-06-25T20:31:49Z,2021-06-25T20:35:37Z,228,27,107200
4,982091062894348,2021-06-26T02:45:49Z,2021-06-26T02:49:11Z,202,185,106800
4,982091062894348,2021-06-26T02:58:23Z,2021-06-26T03:11:42Z,799,140,106800
4,982091062894348,2021-06-26T03:11:48Z,2021-06-26T03:20:59Z,551,71,106800
4,982091062894348,2021-06-26T09:02:42Z,2021-06-26T09:11:04Z,502,235,113300
4,982091062894348,2021-06-26T09:11:09Z,2021-06-26T09:18:26Z,437,184,106300
4,982091062894348,2021-06-26T10:21:38Z,2021-06-26T10:32:24Z,646,331,106800
4,982091062894348,2021-06-26T10:32:38Z,2021-06-26T10:38:22Z,344,187,106800
4,982091062894348,2021-06-26T12:50:14Z,2021-06-26T12:53:36Z,202,155,107700
4,982091062894348,2021-06-26T12:53:41Z,2021-06-26T12:56:27Z,166,94,116800
4,982091062894348,2021-06-26T13:49:33Z,2021-06-26T13:58:05Z,512,253,107300
4,982091062894348,2021-06-26T13:58:10Z,2021-06-26T14:00:56Z,166,148,107500
4,982091062894348,2021-06-26T14:03:57Z,2021-06-26T14:11:30Z,453,129,108200
4,982091062894348,2021-06-26T21:04:05Z,2021-06-26T21:08:47Z,282,176,107300
4,982091062894348,2021-06-26T21:08:50Z,2021-06-26T21:15:32Z,402,212,107400
4,982091062894348,2021-06-27T07:15:38Z,2021-06-27T07:29:58Z,860,515,107100
4,982091062894348,2021-06-27T07:30:01Z,2021-06-27T07:31:50Z,109,86,112900
4,982091062894348,2021-06-27T07:46:43Z,2021-06-27T07:47:04Z,21,16,107200
4,982091062894348,2021-06-27T09:48:20Z,2021-06-27T09:57:08Z,528,395,107200
4,982091062894348,2021-06-27T09:57:15Z,2021-06-27T10:04:52Z,457,255,107200
4,982091062894348,2021-06-27T10:04:55Z,2021-06-27T10:12:57Z,482,235,107200
4,982091062894348,2021-06-27T19:14:40Z,2021-06-27T19:21:38Z,418,336,107100
4,982091062894348,2021-06-27T19:21:44Z,2021-06-27T19:26:39Z,295,196,107600
4,982091062894348,2021-06-27T19:26:42Z,2021-06-27T19:29:18Z,156,128,107700
4,982091062894348,2021-06-27T19:29:21Z,2021-06-27T19:32:25Z,184,149,107700
4,982091062894348,2021-06-27T19:32:29Z,2021-06-27T19:36:37Z,248,142,108000
4,982091062894348,2021-06-27T19:36:42Z,2021-06-27T19:41:10Z,268,130,108100
4,982091062894348,2021-06-27T19:41:14Z,2021-06-27T19:46:32Z,318,136,108200
4,982091062894348,2021-06-27T19:47:34Z,2021-06-27T19:48:59Z,85,53,108100
4,982091062894348,2021-06-28T08:25:45Z,2021-06-28T08:30:49Z,304,240,108000
4,982091062894348,2021-06-28T08:30:53Z,2021-06-28T08:35:18Z,265,161,108000
4,982091062894348,2021-06-28T08:35:22Z,2021-06-28T08:40:18Z,296,160,108000
4,982091062894348,2021-06-28T08:40:23Z,2021-06-28T08:45:14Z,291,134,108000
4,982091062894348,2021-06-28T08:45:18Z,2021-06-28T08:47:20Z,122,77,108000
4,982091062894348,2021-06-28T10:07:46Z,2021-06-28T10:17:48Z,602,427,109500
4,982091062894348,2021-06-28T10:17:52Z,2021-06-28T10:18:43Z,51,18,165400
4,982091062894348,2021-06-28T13:08:44Z,2021-06-28T13:12:16Z,212,176,109400
4,982091062894348,2021-06-28T15:39:41Z,2021-06-28T15:40:57Z,76,122,109400
4,982091062894348,2021-06-28T15:41:02Z,2021-06-28T15:42:27Z,85,57,109700
4,982091062894348,2021-06-28T20:27:44Z,2021-06-28T20:31:25Z,221,233,109700
4,982091062894348,2021-06-28T20:31:27Z,2021-06-28T20:40:24Z,537,262,109400
4,982091062894348,2021-06-28T20:40:28Z,2021-06-28T20:43:00Z,152,131,109500
4,982091062894348,2021-06-28T20:43:05Z,2021-06-28T20:49:03Z,358,193,109700
4,982091062894348,2021-06-28T20:49:07Z,2021-06-28T20:57:07Z,480,184,109900
4,982091062894348,2021-06-29T07:13:30Z,2021-06-29T07:17:10Z,220,164,118000
4,982091062894348,2021-06-29T07:17:13Z,2021-06-29T07:20:49Z,216,130,118600
4,982091062894348,2021-06-29T08:28:16Z,2021-06-29T08:32:47Z,271,164,108800
4,982091062894348,2021-06-29T08:32:49Z,2021-06-29T08:45:53Z,784,551,109400
4,982091062894348,2021-06-29T10:26:33Z,2021-06-29T10:35:07Z,514,332,120000
4,982091062894348,2021-06-29T10:49:08Z,2021-06-29T10:57:29Z,501,329,111900
4,982091062894348,2021-06-29T11:48:00Z,2021-06-29T11:49:23Z,83,31,109900
4,982091062894348,2021-06-29T12:49:30Z,2021-06-29T12:51:35Z,125,69,110000
4,982091062894348,2021-06-29T15:35:07Z,2021-06-29T15:42:05Z,418,299,110800
4,982091062894348,2021-06-29T21:12:43Z,2021-06-29T21:34:30Z,1307,1009,109600
4,982091062894348,2021-06-30T08:11:10Z,2021-06-30T08:28:04Z,1014,651,113200
4,982091062894348,2021-06-30T08:28:07Z,2021-06-30T08:33:51Z,344,84,113100
4,982091062894348,2021-06-30T09:50:38Z,2021-06-30T09:51:31Z,53,52,113900
4,982091062894348,2021-06-30T10:51:07Z,2021-06-30T10:55:13Z,246,189,114100
4,982091062894348,2021-06-30T12:28:30Z,2021-06-30T12:39:17Z,647,506,113400
4,982091062894348,2021-06-30T20:08:04Z,2021-06-30T20:19:59Z,715,671,114300
4,982091062894348,2021-07-01T06:36:34Z,2021-07-01T06:52:37Z,963,582,111100
4,982091062894348,2021-07-01T06:53:03Z,2021-07-01T06:58:03Z,300,175,111300
4,982091062894348,2021-07-01T09:23:15Z,2021-07-01T09:32:50Z,575,424,111100
4,982091062894348,2021-07-01T11:39:23Z,2021-07-01T11:56:41Z,1038,870,112400
4,982091062894348,2021-07-01T14:09:31Z,2021-07-01T14:19:21Z,590,365,113400
4,982091062894348,2021-07-02T07:02:46Z,2021-07-02T07:21:10Z,1104,724,116600
4,982091062894348,2021-07-02T07:21:14Z,2021-07-02T07:23:25Z,131,93,111800
4,982091062894348,2021-07-02T08:03:51Z,2021-07-02T08:16:10Z,739,100,112900
4,982091062894348,2021-07-02T09:12:38Z,2021-07-02T09:23:50Z,672,221,113800
4,982091062894348,2021-07-02T10:41:18Z,2021-07-02T10:46:01Z,283,212,113900
4,982091062894348,2021-07-02T12:13:44Z,2021-07-02T12:15:33Z,109,152,114200
4,982091062894348,2021-07-02T12:15:58Z,2021-07-02T12:18:10Z,132,97,114300
4,982091062894348,2021-07-02T12:47:37Z,2021-07-02T12:57:11Z,574,389,114300
4,982091062894348,2021-07-02T12:57:15Z,2021-07-02T13:05:28Z,493,60,114300
4,982091062894348,2021-07-02T19:07:06Z,2021-07-02T19:11:30Z,264,123,114300
4,982091062894348,2021-07-02T19:18:00Z,2021-07-02T19:24:48Z,408,152,113900
4,982091062894348,2021-07-03T07:19:26Z,2021-07-03T07:29:06Z,580,297,112000
4,982091062894348,2021-07-03T07:29:11Z,2021-07-03T07:31:34Z,143,45,111700
4,982091062894348,2021-07-03T09:25:46Z,2021-07-03T09:30:14Z,268,294,112500
4,982091062894348,2021-07-03T09:31:32Z,2021-07-03T09:45:15Z,823,505,112000
4,982091062894348,2021-07-03T09:45:33Z,2021-07-03T09:47:44Z,131,98,113000
4,982091062894348,2021-07-03T19:30:37Z,2021-07-03T19:35:07Z,270,222,113600
4,982091062894348,2021-07-03T19:35:21Z,2021-07-03T19:52:40Z,1039,485,113000
4,982091062894348,2021-07-04T07:37:04Z,2021-07-04T08:04:01Z,1617,534,113600
4,982091062894348,2021-07-04T12:02:37Z,2021-07-04T12:43:23Z,2446,1432,114500
4,982091062894348,2021-07-04T21:08:03Z,2021-07-04T21:24:24Z,981,983,116300
4,982091062894348,2021-07-05T06:08:13Z,2021-07-05T06:21:58Z,825,79,114500
4,982091062894348,2021-07-05T06:59:17Z,2021-07-05T07:12:36Z,799,373,113400
4,982091062894348,2021-07-05T09:34:31Z,2021-07-05T10:02:59Z,1708,555,114300
4,982091062894348,2021-07-05T20:13:06Z,2021-07-05T20:36:03Z,1377,1034,113600
